Using pre-set license
Built from '6000.0/release' branch; Version is '6000.0.44f1 (101c91f3a8fb) revision 1055889'; Using compiler version '193933523'; Build Type 'Release'
OS: 'Windows 11  (10.0.26100) 64bit Professional' Language: 'zh' Physical Memory: 16087 MB
BatchMode: 1, IsHumanControllingUs: 0, StartBugReporterOnCrash: 0, Is64bit: 1, IsPro: 1

COMMAND LINE ARGUMENTS:
C:\Program Files\Unity\Hub\Editor\6000.0.44f1\Editor\Unity.exe
-adb2
-batchMode
-noUpm
-name
AssetImportWorker4
-projectPath
D:/VR_DOOM
-logFile
Logs/AssetImportWorker4.log
-srvPort
62575
-job-worker-count
11
-background-job-worker-count
8
-gc-helper-count
1
Successfully changed project path to: D:/VR_DOOM
D:/VR_DOOM
[UnityMemory] Configuration Parameters - Can be set up in boot.config
    "memorysetup-bucket-allocator-granularity=16"
    "memorysetup-bucket-allocator-bucket-count=8"
    "memorysetup-bucket-allocator-block-size=33554432"
    "memorysetup-bucket-allocator-block-count=8"
    "memorysetup-main-allocator-block-size=16777216"
    "memorysetup-thread-allocator-block-size=16777216"
    "memorysetup-gfx-main-allocator-block-size=16777216"
    "memorysetup-gfx-thread-allocator-block-size=16777216"
    "memorysetup-cache-allocator-block-size=4194304"
    "memorysetup-typetree-allocator-block-size=2097152"
    "memorysetup-profiler-bucket-allocator-granularity=16"
    "memorysetup-profiler-bucket-allocator-bucket-count=8"
    "memorysetup-profiler-bucket-allocator-block-size=33554432"
    "memorysetup-profiler-bucket-allocator-block-count=8"
    "memorysetup-profiler-allocator-block-size=16777216"
    "memorysetup-profiler-editor-allocator-block-size=1048576"
    "memorysetup-temp-allocator-size-main=16777216"
    "memorysetup-job-temp-allocator-block-size=2097152"
    "memorysetup-job-temp-allocator-block-size-background=1048576"
    "memorysetup-job-temp-allocator-reduction-small-platforms=262144"
    "memorysetup-allocator-temp-initial-block-size-main=262144"
    "memorysetup-allocator-temp-initial-block-size-worker=262144"
    "memorysetup-temp-allocator-size-background-worker=32768"
    "memorysetup-temp-allocator-size-job-worker=262144"
    "memorysetup-temp-allocator-size-preload-manager=33554432"
    "memorysetup-temp-allocator-size-nav-mesh-worker=65536"
    "memorysetup-temp-allocator-size-audio-worker=65536"
    "memorysetup-temp-allocator-size-cloud-worker=32768"
    "memorysetup-temp-allocator-size-gi-baking-worker=262144"
    "memorysetup-temp-allocator-size-gi-baking-worker=262144"
    "memorysetup-temp-allocator-size-gi-baking-worker=262144"
    "memorysetup-temp-allocator-size-gi-baking-worker=262144"
    "memorysetup-temp-allocator-size-gi-baking-worker=262144"
    "memorysetup-temp-allocator-size-gfx=262144"
Player connection [14372]  Target information:

Player connection [14372]  * "[IP] 172.18.144.1 [Port] 0 [Flags] 2 [Guid] 106365091 [EditorId] 106365091 [Version] 1048832 [Id] WindowsEditor(7,LAPTOP-ULV95APN) [Debug] 1 [PackageName] WindowsEditor [ProjectName] Editor" 

Player connection [14372]  * "[IP] 192.168.14.1 [Port] 0 [Flags] 2 [Guid] 106365091 [EditorId] 106365091 [Version] 1048832 [Id] WindowsEditor(7,LAPTOP-ULV95APN) [Debug] 1 [PackageName] WindowsEditor [ProjectName] Editor" 

Player connection [14372]  * "[IP] 192.168.77.1 [Port] 0 [Flags] 2 [Guid] 106365091 [EditorId] 106365091 [Version] 1048832 [Id] WindowsEditor(7,LAPTOP-ULV95APN) [Debug] 1 [PackageName] WindowsEditor [ProjectName] Editor" 

Player connection [14372]  * "[IP] 192.168.0.102 [Port] 0 [Flags] 2 [Guid] 106365091 [EditorId] 106365091 [Version] 1048832 [Id] WindowsEditor(7,LAPTOP-ULV95APN) [Debug] 1 [PackageName] WindowsEditor [ProjectName] Editor" 

Player connection [14372] Host joined multi-casting on [225.0.0.222:54997]...
Player connection [14372] Host joined alternative multi-casting on [225.0.0.222:34997]...
JobSystem: Creating JobQueue using job-worker-count value 11
Input System module state changed to: Initialized.
[Physics::Module] Initialized fallback backend.
[Physics::Module] Id: 0xdecafbad
Library Redirect Path: Library/
[Physics::Module] Selected backend.
[Physics::Module] Name: PhysX
[Physics::Module] Id: 0xf2b8ea05
[Physics::Module] SDK Version: 4.1.2
[Physics::Module] Integration Version: 1.0.0
[Physics::Module] Threading Mode: Multi-Threaded
Refreshing native plugins compatible for Editor in 12.88 ms, found 13 plugins.
Preloading 1 native plugins for Editor in 0.60 ms.
Initialize engine version: 6000.0.44f1 (101c91f3a8fb)
[Subsystems] Discovering subsystems at path C:/Program Files/Unity/Hub/Editor/6000.0.44f1/Editor/Data/Resources/UnitySubsystems
[Subsystems] Discovering subsystems at path D:/VR_DOOM/Assets
GfxDevice: creating device client; kGfxThreadingModeNonThreaded
Direct3D:
    Version:  Direct3D 11.0 [level 11.1]
    Renderer: NVIDIA GeForce RTX 4070 Laptop GPU (ID=0x2860)
    Vendor:   NVIDIA
    VRAM:     7948 MB
    Driver:   32.0.15.7649
Shader 'WFX/Transparent Diffuse': fallback shader 'Particles/Alpha Blended' not found
Shader 'WFX/Transparent Specular': fallback shader 'Particles/Alpha Blended' not found
Initialize mono
Mono path[0] = 'C:/Program Files/Unity/Hub/Editor/6000.0.44f1/Editor/Data/Managed'
Mono path[1] = 'C:/Program Files/Unity/Hub/Editor/6000.0.44f1/Editor/Data/MonoBleedingEdge/lib/mono/unityjit-win32'
Mono config path = 'C:/Program Files/Unity/Hub/Editor/6000.0.44f1/Editor/Data/MonoBleedingEdge/etc'
Using monoOptions --debugger-agent=transport=dt_socket,embedding=1,server=y,suspend=n,address=127.0.0.1:56204
Begin MonoManager ReloadAssembly
Registering precompiled unity dll's ...
Register platform support module: C:/Program Files/Unity/Hub/Editor/6000.0.44f1/Editor/Data/PlaybackEngines/WindowsStandaloneSupport/UnityEditor.WindowsStandalone.Extensions.dll
Register platform support module: C:/Program Files/Unity/Hub/Editor/6000.0.44f1/Editor/Data/PlaybackEngines/AndroidPlayer/UnityEditor.Android.Extensions.dll
Registered in 0.004113 seconds.
- Loaded All Assemblies, in  0.425 seconds
Native extension for Android target not found
Android Extension - Scanning For ADB Devices 369 ms
Native extension for WindowsStandalone target not found
Mono: successfully reloaded assembly
- Finished resetting the current domain, in  0.785 seconds
Domain Reload Profiling: 1207ms
	BeginReloadAssembly (143ms)
		ExecutionOrderSort (0ms)
		DisableScriptedObjects (0ms)
		BackupInstance (0ms)
		ReleaseScriptingObjects (0ms)
		CreateAndSetChildDomain (1ms)
	RebuildCommonClasses (40ms)
	RebuildNativeTypeToScriptingClass (12ms)
	initialDomainReloadingComplete (56ms)
	LoadAllAssembliesAndSetupDomain (171ms)
		LoadAssemblies (140ms)
		RebuildTransferFunctionScriptingTraits (0ms)
		AnalyzeDomain (167ms)
			TypeCache.Refresh (166ms)
				TypeCache.ScanAssembly (152ms)
			BuildScriptInfoCaches (0ms)
			ResolveRequiredComponents (1ms)
	FinalizeReload (785ms)
		ReleaseScriptCaches (0ms)
		RebuildScriptCaches (0ms)
		SetupLoadedEditorAssemblies (732ms)
			LogAssemblyErrors (0ms)
			InitializePlatformSupportModulesInManaged (467ms)
			SetLoadedEditorAssemblies (5ms)
			BeforeProcessingInitializeOnLoad (55ms)
			ProcessInitializeOnLoadAttributes (135ms)
			ProcessInitializeOnLoadMethodAttributes (69ms)
			AfterProcessingInitializeOnLoad (0ms)
			EditorAssembliesLoaded (0ms)
		ExecutionOrderSort2 (0ms)
		AwakeInstancesAfterBackupRestoration (0ms)
========================================================================
Worker process is ready to serve import requests
Import Worker Mode flag is 0x00
Begin MonoManager ReloadAssembly
Symbol file LoadedFromMemory is not a mono symbol file
- Loaded All Assemblies, in  0.953 seconds
Refreshing native plugins compatible for Editor in 9.66 ms, found 13 plugins.
Native extension for Android target not found
Native extension for WindowsStandalone target not found
Package Manager log level set to [2]
[Package Manager] Failed to launch server process. Reason: Unity was launched with the -noUpm command-line argument
[Package Manager] Unable to send message (not connected to server process).
[Package Manager] Cannot connect to Unity Package Manager local server
System.Reflection.TargetInvocationException: Exception has been thrown by the target of an invocation. ---> System.NullReferenceException: Object reference not set to an instance of an object
  at Unity.XR.Oculus.OculusLoader.AssetPathToAbsolutePath (System.String assetPath) [0x0003d] in .\Library\PackageCache\com.unity.xr.oculus@f23ad2c521e1\Runtime\OculusLoader.cs:312 
  at Unity.XR.Oculus.OculusLoader.EditorLoadOVRPlugin () [0x0008c] in .\Library\PackageCache\com.unity.xr.oculus@f23ad2c521e1\Runtime\OculusLoader.cs:297 
  at (wrapper managed-to-native) System.Reflection.RuntimeMethodInfo.InternalInvoke(System.Reflection.RuntimeMethodInfo,object,object[],System.Exception&)
  at System.Reflection.RuntimeMethodInfo.Invoke (System.Object obj, System.Reflection.BindingFlags invokeAttr, System.Reflection.Binder binder, System.Object[] parameters, System.Globalization.CultureInfo culture) [0x0006a] in <314938d17f3848e8ac683e11b27f62ee>:0 
   --- End of inner exception stack trace ---
  at System.Reflection.RuntimeMethodInfo.Invoke (System.Object obj, System.Reflection.BindingFlags invokeAttr, System.Reflection.Binder binder, System.Object[] parameters, System.Globalization.CultureInfo culture) [0x00083] in <314938d17f3848e8ac683e11b27f62ee>:0 
  at System.Reflection.MethodBase.Invoke (System.Object obj, System.Object[] parameters) [0x00000] in <314938d17f3848e8ac683e11b27f62ee>:0 
  at UnityEditor.EditorAssemblies.ProcessInitializeOnLoadMethodAttributes () [0x00056] in <0a4d86c6e1e443e4b37da89bc22f5b9c>:0 
UnityEngine.Debug:ExtractStackTraceNoAlloc (byte*,int,string)
UnityEngine.StackTraceUtility:ExtractStackTrace ()
UnityEngine.DebugLogHandler:Internal_Log (UnityEngine.LogType,UnityEngine.LogOption,string,UnityEngine.Object)
UnityEngine.DebugLogHandler:LogFormat (UnityEngine.LogType,UnityEngine.Object,string,object[])
UnityEngine.Logger:Log (UnityEngine.LogType,object)
UnityEngine.Debug:LogError (object)
UnityEditor.EditorAssemblies:ProcessInitializeOnLoadMethodAttributes ()

[Package Manager] Failed to launch server process. Reason: Unity was launched with the -noUpm command-line argument
[Package Manager] Unable to send message (not connected to server process).
[Package Manager] Cannot connect to Unity Package Manager local server
Failed to get package versions: Cannot connect to Unity Package Manager local server
UnityEngine.Debug:ExtractStackTraceNoAlloc (byte*,int,string)
UnityEngine.StackTraceUtility:ExtractStackTrace ()
UnityEngine.DebugLogHandler:Internal_Log (UnityEngine.LogType,UnityEngine.LogOption,string,UnityEngine.Object)
UnityEngine.DebugLogHandler:LogFormat (UnityEngine.LogType,UnityEngine.Object,string,object[])
UnityEngine.Logger:Log (UnityEngine.LogType,object)
UnityEngine.Debug:LogWarning (object)
Unity.XR.CoreUtils.Editor.PackageVersionUtility:UpdatePackageVersions () (at ./Library/PackageCache/com.unity.xr.core-utils@5b282bc7378d/Editor/ProjectValidation/PackageVersionUtility.cs:59)
Unity.XR.CoreUtils.Editor.PackageVersionUtility:GetPackageVersion (string) (at ./Library/PackageCache/com.unity.xr.core-utils@5b282bc7378d/Editor/ProjectValidation/PackageVersionUtility.cs:77)
UnityEditor.XR.Interaction.Toolkit.Samples.Hands.Editor.HandsSampleProjectValidation:.cctor () (at Assets/Samples/XR Interaction Toolkit/3.0.8/Hands Interaction Demo/Editor/Scripts/HandsSampleProjectValidation.cs:34)
System.Reflection.RuntimeMethodInfo:Invoke (object,System.Reflection.BindingFlags,System.Reflection.Binder,object[],System.Globalization.CultureInfo)
System.Reflection.MethodBase:Invoke (object,object[])
UnityEditor.EditorAssemblies:ProcessInitializeOnLoadMethodAttributes ()

(Filename: ./Library/PackageCache/com.unity.xr.core-utils@5b282bc7378d/Editor/ProjectValidation/PackageVersionUtility.cs Line: 59)

[MODES] ModeService[none].Initialize
[MODES] ModeService[none].LoadModes
[MODES] Loading mode Default (0) for mode-current-id-VR_DOOM
Mono: successfully reloaded assembly
[Package Manager] Failed to launch server process. Reason: Unity was launched with the -noUpm command-line argument
[Package Manager] Unable to send message (not connected to server process).
[Package Manager] Cannot connect to Unity Package Manager local server
[Package Manager] Failed to launch server process. Reason: Unity was launched with the -noUpm command-line argument
[Package Manager] Unable to send message (not connected to server process).
[Package Manager] Cannot connect to Unity Package Manager local server
- Finished resetting the current domain, in  1.000 seconds
Domain Reload Profiling: 1949ms
	BeginReloadAssembly (177ms)
		ExecutionOrderSort (0ms)
		DisableScriptedObjects (6ms)
		BackupInstance (0ms)
		ReleaseScriptingObjects (0ms)
		CreateAndSetChildDomain (27ms)
	RebuildCommonClasses (39ms)
	RebuildNativeTypeToScriptingClass (13ms)
	initialDomainReloadingComplete (46ms)
	LoadAllAssembliesAndSetupDomain (674ms)
		LoadAssemblies (423ms)
		RebuildTransferFunctionScriptingTraits (0ms)
		AnalyzeDomain (358ms)
			TypeCache.Refresh (272ms)
				TypeCache.ScanAssembly (249ms)
			BuildScriptInfoCaches (69ms)
			ResolveRequiredComponents (11ms)
	FinalizeReload (1000ms)
		ReleaseScriptCaches (0ms)
		RebuildScriptCaches (0ms)
		SetupLoadedEditorAssemblies (851ms)
			LogAssemblyErrors (0ms)
			InitializePlatformSupportModulesInManaged (15ms)
			SetLoadedEditorAssemblies (7ms)
			BeforeProcessingInitializeOnLoad (130ms)
			ProcessInitializeOnLoadAttributes (516ms)
			ProcessInitializeOnLoadMethodAttributes (177ms)
			AfterProcessingInitializeOnLoad (7ms)
			EditorAssembliesLoaded (0ms)
		ExecutionOrderSort2 (0ms)
		AwakeInstancesAfterBackupRestoration (7ms)
Shader 'WFX/Transparent Specular': fallback shader 'Particles/Alpha Blended' not found
Shader 'WFX/Transparent Diffuse': fallback shader 'Particles/Alpha Blended' not found
Launched and connected shader compiler UnityShaderCompiler.exe after 0.02 seconds
Refreshing native plugins compatible for Editor in 21.19 ms, found 13 plugins.
Preloading 1 native plugins for Editor in 0.15 ms.
Unloading 131 Unused Serialized files (Serialized files now loaded: 0)
Unloading 7067 unused Assets / (5.4 MB). Loaded Objects now: 7593.
Memory consumption went from 157.9 MB to 152.4 MB.
Total: 15.756300 ms (FindLiveObjects: 0.955300 ms CreateObjectMapping: 0.848200 ms MarkObjects: 9.970500 ms  DeleteObjects: 3.980000 ms)

========================================================================
Received Import Request.
  Time since last request: 52047.866865 seconds.
  path: Assets/Scenes/SampleScene
  artifactKey: Guid(012fe7e4877fcb84fa2f74533332184e) Importer(815301076,1909f56bfc062723c751e8b465ee728b)
Start importing Assets/Scenes/SampleScene using Guid(012fe7e4877fcb84fa2f74533332184e) Importer(815301076,1909f56bfc062723c751e8b465ee728b) (PreviewImporter) -> (artifact id: '68493a4efb8e8ac24d6beca174e3a138') in 0.0064449 seconds
Number of updated asset objects reloaded before import = 0Number of asset objects unloaded after import = 0

========================================================================
Received Import Request.
  Time since last request: 0.621717 seconds.
  path: Assets/Scenes/E1M1.unity
  artifactKey: Guid(5b0fcbac5a8d34184ae4cb8bc210de86) Importer(815301076,1909f56bfc062723c751e8b465ee728b)
Start importing Assets/Scenes/E1M1.unity using Guid(5b0fcbac5a8d34184ae4cb8bc210de86) Importer(815301076,1909f56bfc062723c751e8b465ee728b) (PreviewImporter) -> (artifact id: 'c01a78d679e118948417e29a8b2ca1bb') in 0.0004733 seconds
Number of updated asset objects reloaded before import = 0Number of asset objects unloaded after import = 0

========================================================================
Received Import Request.
  Time since last request: 0.541599 seconds.
  path: Assets/Scenes/E1M2.unity
  artifactKey: Guid(16715f89e88bd2e4dbb7e0fbb0315a9d) Importer(815301076,1909f56bfc062723c751e8b465ee728b)
Start importing Assets/Scenes/E1M2.unity using Guid(16715f89e88bd2e4dbb7e0fbb0315a9d) Importer(815301076,1909f56bfc062723c751e8b465ee728b) (PreviewImporter) -> (artifact id: 'c0dc1cb122fcbd3fcf6597a800c7f6a8') in 0.0004977 seconds
Number of updated asset objects reloaded before import = 0Number of asset objects unloaded after import = 0

========================================================================
Received Import Request.
  Time since last request: 2.894647 seconds.
  path: Assets/Scenes/Game_Lobby.unity
  artifactKey: Guid(9c153fcdeb33542ff9c0c87d671d23b4) Importer(815301076,1909f56bfc062723c751e8b465ee728b)
Start importing Assets/Scenes/Game_Lobby.unity using Guid(9c153fcdeb33542ff9c0c87d671d23b4) Importer(815301076,1909f56bfc062723c751e8b465ee728b) (PreviewImporter) -> (artifact id: '3e6974ca4fddfdec5f9fb6a9687ae7c9') in 0.0004258 seconds
Number of updated asset objects reloaded before import = 0Number of asset objects unloaded after import = 0

========================================================================
Received Import Request.
  Time since last request: 2.391389 seconds.
  path: Assets/Scenes/SampleScene.unity
  artifactKey: Guid(9fc0d4010bbf28b4594072e72b8655ab) Importer(815301076,1909f56bfc062723c751e8b465ee728b)
Start importing Assets/Scenes/SampleScene.unity using Guid(9fc0d4010bbf28b4594072e72b8655ab) Importer(815301076,1909f56bfc062723c751e8b465ee728b) (PreviewImporter) -> (artifact id: '156e10923f4f3f7673e6e1d19c8a8ea8') in 0.0004146 seconds
Number of updated asset objects reloaded before import = 0Number of asset objects unloaded after import = 0

========================================================================
Received Import Request.
  Time since last request: 12.926102 seconds.
  path: Assets/Code/TeleportPortalTrigger.cs
  artifactKey: Guid(43f8ead941c5c485fb5dea1907ff9ec2) Importer(815301076,1909f56bfc062723c751e8b465ee728b)
Start importing Assets/Code/TeleportPortalTrigger.cs using Guid(43f8ead941c5c485fb5dea1907ff9ec2) Importer(815301076,1909f56bfc062723c751e8b465ee728b) (PreviewImporter) -> (artifact id: 'ad3f7a682045fdac5b7f4f7f5058a64c') in 0.000375 seconds
Number of updated asset objects reloaded before import = 0Number of asset objects unloaded after import = 0

========================================================================
Received Import Request.
  Time since last request: 42.942426 seconds.
  path: Assets/Code/BulletBehavior.cs
  artifactKey: Guid(9bf9dd3e28afa694da42a7dd09ec49ac) Importer(815301076,1909f56bfc062723c751e8b465ee728b)
Start importing Assets/Code/BulletBehavior.cs using Guid(9bf9dd3e28afa694da42a7dd09ec49ac) Importer(815301076,1909f56bfc062723c751e8b465ee728b) (PreviewImporter) -> (artifact id: '8b402b4a05ab55b92140e15f3da7187e') in 0.0003814 seconds
Number of updated asset objects reloaded before import = 0Number of asset objects unloaded after import = 0

========================================================================
Received Import Request.
  Time since last request: 129.009895 seconds.
  path: Assets/Code/DoorInteraction.cs
  artifactKey: Guid(ae7bdf5f125bb483b8c999af022c188a) Importer(815301076,1909f56bfc062723c751e8b465ee728b)
Start importing Assets/Code/DoorInteraction.cs using Guid(ae7bdf5f125bb483b8c999af022c188a) Importer(815301076,1909f56bfc062723c751e8b465ee728b) (PreviewImporter) -> (artifact id: '0345e98566cd5ff4351a3d3138069f26') in 0.0005633 seconds
Number of updated asset objects reloaded before import = 0Number of asset objects unloaded after import = 0

========================================================================
Received Import Request.
  Time since last request: 99.337433 seconds.
  path: Assets/classic_weapon_set__doom.glb
  artifactKey: Guid(ba00cdb3b139d0240b11b1d568952bad) Importer(2089858483,192608db42251d675da83286b1cce702)
Start importing Assets/classic_weapon_set__doom.glb using Guid(ba00cdb3b139d0240b11b1d568952bad) Importer(2089858483,192608db42251d675da83286b1cce702) (ScriptedImporter) -> (artifact id: '86c7ee7e6e4d218748684fd5c1041cd0') in 0.3929143 seconds
Number of updated asset objects reloaded before import = 0Number of asset objects unloaded after import = 117

========================================================================
Received Import Request.
  Time since last request: 0.000036 seconds.
  path: Assets/Material/DOORSTOP1.png
  artifactKey: Guid(47c82217d31c1324295fbc763ecfb131) Importer(2089858483,192608db42251d675da83286b1cce702)
Start importing Assets/Material/DOORSTOP1.png using Guid(47c82217d31c1324295fbc763ecfb131) Importer(2089858483,192608db42251d675da83286b1cce702) (ScriptedImporter) -> (artifact id: '3ddd617b78f88d028a11e76e02725fc8') in 0.0217993 seconds
Number of updated asset objects reloaded before import = 0Number of asset objects unloaded after import = 1

========================================================================
Received Import Request.
  Time since last request: 0.000102 seconds.
  path: Assets/Material/E1M2_17.jpg
  artifactKey: Guid(78826683f0f534f4a9a99be400625cca) Importer(2089858483,192608db42251d675da83286b1cce702)
Start importing Assets/Material/E1M2_17.jpg using Guid(78826683f0f534f4a9a99be400625cca) Importer(2089858483,192608db42251d675da83286b1cce702) (ScriptedImporter) -> (artifact id: 'bdd02b400d63bf4a1791f0c002a3cfdc') in 0.0092577 seconds
Number of updated asset objects reloaded before import = 0Number of asset objects unloaded after import = 1

========================================================================
Received Import Request.
  Time since last request: 0.000321 seconds.
  path: Assets/Code/怪物攻击音效2.mp3
  artifactKey: Guid(3e5fecd3552ac4bb2be3a0fc3c4a8d0d) Importer(2089858483,192608db42251d675da83286b1cce702)
Start importing Assets/Code/怪物攻击音效2.mp3 using Guid(3e5fecd3552ac4bb2be3a0fc3c4a8d0d) Importer(2089858483,192608db42251d675da83286b1cce702) (ScriptedImporter) -> (artifact id: '5436b4e603ff38e65ac59fe60af782a5') in 0.0241464 seconds
Number of updated asset objects reloaded before import = 0Number of asset objects unloaded after import = 1

========================================================================
Received Import Request.
  Time since last request: 0.000085 seconds.
  path: Assets/Code/UIStatusManager.cs
  artifactKey: Guid(ce840ef3a746548ae95ef965faa3e294) Importer(2089858483,192608db42251d675da83286b1cce702)
Start importing Assets/Code/UIStatusManager.cs using Guid(ce840ef3a746548ae95ef965faa3e294) Importer(2089858483,192608db42251d675da83286b1cce702) (ScriptedImporter) -> (artifact id: 'a31b3c90c93fd5a7f07437c962f13ae4') in 0.0027207 seconds
Number of updated asset objects reloaded before import = 0Number of asset objects unloaded after import = 0

========================================================================
Received Import Request.
  Time since last request: 0.000076 seconds.
  path: Assets/Material/DOORSTOP4.png
  artifactKey: Guid(bc4ebf68c76b04d4cb69f050c3d0b02c) Importer(2089858483,192608db42251d675da83286b1cce702)
Start importing Assets/Material/DOORSTOP4.png using Guid(bc4ebf68c76b04d4cb69f050c3d0b02c) Importer(2089858483,192608db42251d675da83286b1cce702) (ScriptedImporter) -> (artifact id: '9f8983464a898fb0fa656fd5b38c22c7') in 0.0074181 seconds
Number of updated asset objects reloaded before import = 0Number of asset objects unloaded after import = 1

========================================================================
Received Import Request.
  Time since last request: 0.000071 seconds.
  path: Assets/Code/BulletBehavior.cs
  artifactKey: Guid(9bf9dd3e28afa694da42a7dd09ec49ac) Importer(2089858483,192608db42251d675da83286b1cce702)
Start importing Assets/Code/BulletBehavior.cs using Guid(9bf9dd3e28afa694da42a7dd09ec49ac) Importer(2089858483,192608db42251d675da83286b1cce702) (ScriptedImporter) -> (artifact id: '6c0abd3b3b23549f54410515834dbfe8') in 0.0024963 seconds
Number of updated asset objects reloaded before import = 0Number of asset objects unloaded after import = 0

========================================================================
Received Import Request.
  Time since last request: 0.000095 seconds.
  path: Assets/Material/COMPUTE1.png
  artifactKey: Guid(705a1f736d80ccc4f9b80fac8598ed85) Importer(2089858483,192608db42251d675da83286b1cce702)
Start importing Assets/Material/COMPUTE1.png using Guid(705a1f736d80ccc4f9b80fac8598ed85) Importer(2089858483,192608db42251d675da83286b1cce702) (ScriptedImporter) -> (artifact id: '010997b31d8970838f88a6221368953b') in 0.0071278 seconds
Number of updated asset objects reloaded before import = 0Number of asset objects unloaded after import = 1

========================================================================
Received Import Request.
  Time since last request: 0.000103 seconds.
  path: Assets/Code/JumpHandler.cs
  artifactKey: Guid(42d97ea6f936941aba3de554930124eb) Importer(2089858483,192608db42251d675da83286b1cce702)
Start importing Assets/Code/JumpHandler.cs using Guid(42d97ea6f936941aba3de554930124eb) Importer(2089858483,192608db42251d675da83286b1cce702) (ScriptedImporter) -> (artifact id: 'ab2bdd69798f33971c36ac76215ec9a8') in 0.0025003 seconds
Number of updated asset objects reloaded before import = 0Number of asset objects unloaded after import = 0

========================================================================
Received Import Request.
  Time since last request: 0.000018 seconds.
  path: Assets/Material/BAR1A0.png
  artifactKey: Guid(90bbd2e1c80f9b34b8db8e2cf00f14d8) Importer(2089858483,192608db42251d675da83286b1cce702)
Start importing Assets/Material/BAR1A0.png using Guid(90bbd2e1c80f9b34b8db8e2cf00f14d8) Importer(2089858483,192608db42251d675da83286b1cce702) (ScriptedImporter) -> (artifact id: '46dd9c474f071c5e2888333bf9bfb419') in 0.0081305 seconds
Number of updated asset objects reloaded before import = 0Number of asset objects unloaded after import = 1

========================================================================
Received Import Request.
  Time since last request: 0.000174 seconds.
  path: Assets/Material/AMMOA0.png
  artifactKey: Guid(16fee06b31a93224bbc2a9286991100b) Importer(2089858483,192608db42251d675da83286b1cce702)
Start importing Assets/Material/AMMOA0.png using Guid(16fee06b31a93224bbc2a9286991100b) Importer(2089858483,192608db42251d675da83286b1cce702) (ScriptedImporter) -> (artifact id: '9022b36c4ee2942d1952a9a28b649eda') in 0.0071948 seconds
Number of updated asset objects reloaded before import = 0Number of asset objects unloaded after import = 1

========================================================================
Received Import Request.
  Time since last request: 0.000110 seconds.
  path: Assets/Code/怪物攻击音效1.mp3
  artifactKey: Guid(10f771075f7a740cc94fa1cdec74a877) Importer(2089858483,192608db42251d675da83286b1cce702)
Start importing Assets/Code/怪物攻击音效1.mp3 using Guid(10f771075f7a740cc94fa1cdec74a877) Importer(2089858483,192608db42251d675da83286b1cce702) (ScriptedImporter) -> (artifact id: '8b76ecab25eb788ff35b155d1a4857b5') in 0.0195762 seconds
Number of updated asset objects reloaded before import = 0Number of asset objects unloaded after import = 1

========================================================================
Received Import Request.
  Time since last request: 0.000098 seconds.
  path: Assets/Material/BROWNGRN.png
  artifactKey: Guid(27bceee26e8bb774ab8028da0e84df02) Importer(2089858483,192608db42251d675da83286b1cce702)
Start importing Assets/Material/BROWNGRN.png using Guid(27bceee26e8bb774ab8028da0e84df02) Importer(2089858483,192608db42251d675da83286b1cce702) (ScriptedImporter) -> (artifact id: '706efd93608eae444ff57aad0ef7bce1') in 0.0076766 seconds
Number of updated asset objects reloaded before import = 0Number of asset objects unloaded after import = 1

========================================================================
Received Import Request.
  Time since last request: 0.000138 seconds.
  path: Assets/Code/attack1.anim
  artifactKey: Guid(b4e5baf8f340446dc9c25828b4e00333) Importer(2089858483,192608db42251d675da83286b1cce702)
Start importing Assets/Code/attack1.anim using Guid(b4e5baf8f340446dc9c25828b4e00333) Importer(2089858483,192608db42251d675da83286b1cce702) (ScriptedImporter) -> (artifact id: 'de0297954846a4503e2b57144d450148') in 0.1115905 seconds
Number of updated asset objects reloaded before import = 0Number of asset objects unloaded after import = 1

========================================================================
Received Import Request.
  Time since last request: 0.000080 seconds.
  path: Assets/E1M2 MAP .fbx
  artifactKey: Guid(fc0f107c8bf9d3046bdbd8110673e41a) Importer(2089858483,192608db42251d675da83286b1cce702)
Start importing Assets/E1M2 MAP .fbx using Guid(fc0f107c8bf9d3046bdbd8110673e41a) Importer(2089858483,192608db42251d675da83286b1cce702) (ScriptedImporter) -> (artifact id: '6b05de51b9c5eeae58c9ee32144b21c2') in 0.5923321 seconds
Number of updated asset objects reloaded before import = 0Number of asset objects unloaded after import = 3904

========================================================================
Received Import Request.
  Time since last request: 0.000027 seconds.
  path: Assets/Material/LITE4.png
  artifactKey: Guid(c679d678205c3af4bb980f19350cfe89) Importer(2089858483,192608db42251d675da83286b1cce702)
Start importing Assets/Material/LITE4.png using Guid(c679d678205c3af4bb980f19350cfe89) Importer(2089858483,192608db42251d675da83286b1cce702) (ScriptedImporter) -> (artifact id: '5734a64835d8bf74f1ab99904510ae27') in 0.0090074 seconds
Number of updated asset objects reloaded before import = 0Number of asset objects unloaded after import = 1

========================================================================
Received Import Request.
  Time since last request: 0.000063 seconds.
  path: Assets/Material/FLAT10.png
  artifactKey: Guid(b71a6adb54b63b24e9129272597dca8a) Importer(2089858483,192608db42251d675da83286b1cce702)
Start importing Assets/Material/FLAT10.png using Guid(b71a6adb54b63b24e9129272597dca8a) Importer(2089858483,192608db42251d675da83286b1cce702) (ScriptedImporter) -> (artifact id: '979a5e87f1823f9672b83748fa8898fb') in 0.0076279 seconds
Number of updated asset objects reloaded before import = 0Number of asset objects unloaded after import = 1

========================================================================
Received Import Request.
  Time since last request: 0.000132 seconds.
  path: Assets/Material/FLAT22.png
  artifactKey: Guid(58c75448ece88dd4da5a8b7d9bb49823) Importer(2089858483,192608db42251d675da83286b1cce702)
Start importing Assets/Material/FLAT22.png using Guid(58c75448ece88dd4da5a8b7d9bb49823) Importer(2089858483,192608db42251d675da83286b1cce702) (ScriptedImporter) -> (artifact id: '1d84a19dbbc85e3c213c6ad4edae26cd') in 0.0062063 seconds
Number of updated asset objects reloaded before import = 0Number of asset objects unloaded after import = 1

========================================================================
Received Import Request.
  Time since last request: 0.000090 seconds.
  path: Assets/Material/LITE7.png
  artifactKey: Guid(79a6bd6d9c452544f96bb4a983f05075) Importer(2089858483,192608db42251d675da83286b1cce702)
Start importing Assets/Material/LITE7.png using Guid(79a6bd6d9c452544f96bb4a983f05075) Importer(2089858483,192608db42251d675da83286b1cce702) (ScriptedImporter) -> (artifact id: 'f64636a65ad51d87af7be50f4ef2977f') in 0.0076027 seconds
Number of updated asset objects reloaded before import = 0Number of asset objects unloaded after import = 1

========================================================================
Received Import Request.
  Time since last request: 0.000120 seconds.
  path: Assets/Material/E1M2_9.jpg
  artifactKey: Guid(69051876db1f13446ba5670054932aad) Importer(2089858483,192608db42251d675da83286b1cce702)
Start importing Assets/Material/E1M2_9.jpg using Guid(69051876db1f13446ba5670054932aad) Importer(2089858483,192608db42251d675da83286b1cce702) (ScriptedImporter) -> (artifact id: 'fe5d2c0b42ebf54efc6ec9195a4e9d13') in 0.0082079 seconds
Number of updated asset objects reloaded before import = 0Number of asset objects unloaded after import = 1

========================================================================
Received Import Request.
  Time since last request: 0.000055 seconds.
  path: Assets/Code/attack2.anim
  artifactKey: Guid(e3e83f0f2906d4f2c9cd0341635f0ffd) Importer(2089858483,192608db42251d675da83286b1cce702)
Start importing Assets/Code/attack2.anim using Guid(e3e83f0f2906d4f2c9cd0341635f0ffd) Importer(2089858483,192608db42251d675da83286b1cce702) (ScriptedImporter) -> (artifact id: '2f3d6ee76dd232da41a8d1d4db5cd737') in 0.1436789 seconds
Number of updated asset objects reloaded before import = 0Number of asset objects unloaded after import = 1

========================================================================
Received Import Request.
  Time since last request: 0.000102 seconds.
  path: Assets/Code/散弹枪音效.ogg
  artifactKey: Guid(35c5bd03ee63946f4a80eb26ee12c9f8) Importer(2089858483,192608db42251d675da83286b1cce702)
Start importing Assets/Code/散弹枪音效.ogg using Guid(35c5bd03ee63946f4a80eb26ee12c9f8) Importer(2089858483,192608db42251d675da83286b1cce702) (ScriptedImporter) -> (artifact id: '5c908fbe8b42abb14a056e4c4a0c4aaa') in 0.022779 seconds
Number of updated asset objects reloaded before import = 0Number of asset objects unloaded after import = 1

========================================================================
Received Import Request.
  Time since last request: 0.000139 seconds.
  path: Assets/Material/E1M2_14.jpg
  artifactKey: Guid(ff1f8607458e38d449b6e17bbe22e692) Importer(2089858483,192608db42251d675da83286b1cce702)
Start importing Assets/Material/E1M2_14.jpg using Guid(ff1f8607458e38d449b6e17bbe22e692) Importer(2089858483,192608db42251d675da83286b1cce702) (ScriptedImporter) -> (artifact id: '43dbbe0d0492f71725821c402fdf586f') in 0.0067447 seconds
Number of updated asset objects reloaded before import = 0Number of asset objects unloaded after import = 1

========================================================================
Received Import Request.
  Time since last request: 0.000213 seconds.
  path: Assets/Material/BIGDOOR2.png
  artifactKey: Guid(c1be24ba1977d504798b656779e00361) Importer(2089858483,192608db42251d675da83286b1cce702)
Start importing Assets/Material/BIGDOOR2.png using Guid(c1be24ba1977d504798b656779e00361) Importer(2089858483,192608db42251d675da83286b1cce702) (ScriptedImporter) -> (artifact id: '342f4f556c27f5c984206de7a1dc27fb') in 0.0069227 seconds
Number of updated asset objects reloaded before import = 0Number of asset objects unloaded after import = 1

========================================================================
Received Import Request.
  Time since last request: 0.000114 seconds.
  path: Assets/Material/FLOOR4_1.png
  artifactKey: Guid(723a29c0826211f4c942eb9b5cb131d8) Importer(2089858483,192608db42251d675da83286b1cce702)
Start importing Assets/Material/FLOOR4_1.png using Guid(723a29c0826211f4c942eb9b5cb131d8) Importer(2089858483,192608db42251d675da83286b1cce702) (ScriptedImporter) -> (artifact id: 'a95e35a0637a78f397de8966affda5cf') in 0.0103652 seconds
Number of updated asset objects reloaded before import = 0Number of asset objects unloaded after import = 1

========================================================================
Received Import Request.
  Time since last request: 0.000129 seconds.
  path: Assets/Material/LITEBLU3.png
  artifactKey: Guid(486dde7f163ca0144841d0b8333e3eb7) Importer(2089858483,192608db42251d675da83286b1cce702)
Start importing Assets/Material/LITEBLU3.png using Guid(486dde7f163ca0144841d0b8333e3eb7) Importer(2089858483,192608db42251d675da83286b1cce702) (ScriptedImporter) -> (artifact id: 'f3071b6bc42a1b96ab39a3fda1286554') in 0.0091982 seconds
Number of updated asset objects reloaded before import = 0Number of asset objects unloaded after import = 1

========================================================================
Received Import Request.
  Time since last request: 0.000111 seconds.
  path: Assets/room b.unity
  artifactKey: Guid(047281cbaa62342468928e3067c428d8) Importer(2089858483,192608db42251d675da83286b1cce702)
Start importing Assets/room b.unity using Guid(047281cbaa62342468928e3067c428d8) Importer(2089858483,192608db42251d675da83286b1cce702) (ScriptedImporter) -> (artifact id: '3c8bb3110657c9f0e35100eab02045fb') in 0.0226142 seconds
Number of updated asset objects reloaded before import = 0Number of asset objects unloaded after import = 1

========================================================================
Received Import Request.
  Time since last request: 0.000110 seconds.
  path: Assets/Material/E1M2_7.jpg
  artifactKey: Guid(9d647f66ffdf5c5408c62fcd8bde6cd0) Importer(2089858483,192608db42251d675da83286b1cce702)
Start importing Assets/Material/E1M2_7.jpg using Guid(9d647f66ffdf5c5408c62fcd8bde6cd0) Importer(2089858483,192608db42251d675da83286b1cce702) (ScriptedImporter) -> (artifact id: 'bd01ba61187b997580738d813ea09954') in 0.0068589 seconds
Number of updated asset objects reloaded before import = 0Number of asset objects unloaded after import = 1

========================================================================
Received Import Request.
  Time since last request: 0.000150 seconds.
  path: Assets/Material/COMPTALL3.png
  artifactKey: Guid(5c205e2750907a24c8b350d73c4fee0c) Importer(2089858483,192608db42251d675da83286b1cce702)
Start importing Assets/Material/COMPTALL3.png using Guid(5c205e2750907a24c8b350d73c4fee0c) Importer(2089858483,192608db42251d675da83286b1cce702) (ScriptedImporter) -> (artifact id: 'a4f6d3833c781ddede57476a2bce236a') in 0.0065909 seconds
Number of updated asset objects reloaded before import = 0Number of asset objects unloaded after import = 1

========================================================================
Received Import Request.
  Time since last request: 0.000218 seconds.
  path: Assets/Material/CEIL3_1.png
  artifactKey: Guid(157e820b72101574991b1e1bf709351e) Importer(2089858483,192608db42251d675da83286b1cce702)
Start importing Assets/Material/CEIL3_1.png using Guid(157e820b72101574991b1e1bf709351e) Importer(2089858483,192608db42251d675da83286b1cce702) (ScriptedImporter) -> (artifact id: '6b8b8c40c247da559565a37e32302f01') in 0.0087494 seconds
Number of updated asset objects reloaded before import = 0Number of asset objects unloaded after import = 1

========================================================================
Received Import Request.
  Time since last request: 0.000060 seconds.
  path: Assets/Material/E1M2_5.jpg
  artifactKey: Guid(2a296d814a92bec47aa0e2ac4a49552f) Importer(2089858483,192608db42251d675da83286b1cce702)
Start importing Assets/Material/E1M2_5.jpg using Guid(2a296d814a92bec47aa0e2ac4a49552f) Importer(2089858483,192608db42251d675da83286b1cce702) (ScriptedImporter) -> (artifact id: 'f9b21e98d2baee9067850cd31e45a546') in 0.0060775 seconds
Number of updated asset objects reloaded before import = 0Number of asset objects unloaded after import = 1

========================================================================
Received Import Request.
  Time since last request: 0.000103 seconds.
  path: Assets/Code/PickupItem.cs
  artifactKey: Guid(96b3d23bc33304365a3eca45c03167ab) Importer(2089858483,192608db42251d675da83286b1cce702)
Start importing Assets/Code/PickupItem.cs using Guid(96b3d23bc33304365a3eca45c03167ab) Importer(2089858483,192608db42251d675da83286b1cce702) (ScriptedImporter) -> (artifact id: 'f684fc274821d28560baea369d277602') in 0.0028788 seconds
Number of updated asset objects reloaded before import = 0Number of asset objects unloaded after import = 0

========================================================================
Received Import Request.
  Time since last request: 0.000188 seconds.
  path: Assets/Material/EXITDOOR.png
  artifactKey: Guid(599d8ac027e8d7041ba40e7881b7ef20) Importer(2089858483,192608db42251d675da83286b1cce702)
Start importing Assets/Material/EXITDOOR.png using Guid(599d8ac027e8d7041ba40e7881b7ef20) Importer(2089858483,192608db42251d675da83286b1cce702) (ScriptedImporter) -> (artifact id: '3444f54ece9f2df851f6aba0bae3caa0') in 0.0089185 seconds
Number of updated asset objects reloaded before import = 0Number of asset objects unloaded after import = 1

========================================================================
Received Import Request.
  Time since last request: 0.000053 seconds.
  path: Assets/Material/E1M2_13.jpg
  artifactKey: Guid(fe2ddb18006a0d741a1ec533bd60ec77) Importer(2089858483,192608db42251d675da83286b1cce702)
Start importing Assets/Material/E1M2_13.jpg using Guid(fe2ddb18006a0d741a1ec533bd60ec77) Importer(2089858483,192608db42251d675da83286b1cce702) (ScriptedImporter) -> (artifact id: '5d2b9526af595280ab288c819c0d0307') in 0.0057767 seconds
Number of updated asset objects reloaded before import = 0Number of asset objects unloaded after import = 1

========================================================================
Received Import Request.
  Time since last request: 0.000070 seconds.
  path: Assets/Material/E1M2_16.jpg
  artifactKey: Guid(a87a88d33f1c8d44fa820277c6c7304c) Importer(2089858483,192608db42251d675da83286b1cce702)
Start importing Assets/Material/E1M2_16.jpg using Guid(a87a88d33f1c8d44fa820277c6c7304c) Importer(2089858483,192608db42251d675da83286b1cce702) (ScriptedImporter) -> (artifact id: '061cd57814328d389d4d4fb88b6bb760') in 0.0081977 seconds
Number of updated asset objects reloaded before import = 0Number of asset objects unloaded after import = 1

========================================================================
Received Import Request.
  Time since last request: 0.000119 seconds.
  path: Assets/UIActions.inputactions
  artifactKey: Guid(99c6b3556a6a740da8761ac08ae552da) Importer(2089858483,192608db42251d675da83286b1cce702)
Start importing Assets/UIActions.inputactions using Guid(99c6b3556a6a740da8761ac08ae552da) Importer(2089858483,192608db42251d675da83286b1cce702) (ScriptedImporter) -> (artifact id: '9e85e5aa73f68625faeb795a329b70ac') in 0.1180355 seconds
Number of updated asset objects reloaded before import = 0Number of asset objects unloaded after import = 11

========================================================================
Received Import Request.
  Time since last request: 0.000137 seconds.
  path: Assets/Code/Enemy Controller.cs
  artifactKey: Guid(01e41c39c385de64dafe45fd2710d86b) Importer(2089858483,192608db42251d675da83286b1cce702)
Start importing Assets/Code/Enemy Controller.cs using Guid(01e41c39c385de64dafe45fd2710d86b) Importer(2089858483,192608db42251d675da83286b1cce702) (ScriptedImporter) -> (artifact id: '0f063046e385a40ab5e053d1ecc34728') in 0.0022131 seconds
Number of updated asset objects reloaded before import = 0Number of asset objects unloaded after import = 0

========================================================================
Received Import Request.
  Time since last request: 0.000105 seconds.
  path: Assets/Material/FLAT1.png
  artifactKey: Guid(04a31a82dd9713f4186c27ee7dac406d) Importer(2089858483,192608db42251d675da83286b1cce702)
Start importing Assets/Material/FLAT1.png using Guid(04a31a82dd9713f4186c27ee7dac406d) Importer(2089858483,192608db42251d675da83286b1cce702) (ScriptedImporter) -> (artifact id: 'e6cea94e8e254fd126dbe54860933e00') in 0.0078566 seconds
Number of updated asset objects reloaded before import = 0Number of asset objects unloaded after import = 1

========================================================================
Received Import Request.
  Time since last request: 0.000245 seconds.
  path: Assets/Material/LITE1.png
  artifactKey: Guid(6f2e5dec1c31401499f56cf0293314f0) Importer(2089858483,192608db42251d675da83286b1cce702)
Start importing Assets/Material/LITE1.png using Guid(6f2e5dec1c31401499f56cf0293314f0) Importer(2089858483,192608db42251d675da83286b1cce702) (ScriptedImporter) -> (artifact id: 'a131a36b0f5bf4c397c19a6c05ab163d') in 0.0054006 seconds
Number of updated asset objects reloaded before import = 0Number of asset objects unloaded after import = 1

========================================================================
Received Import Request.
  Time since last request: 0.003472 seconds.
  path: Assets/E1M1/NavMesh-NavMesh Surface.asset
  artifactKey: Guid(a10e67eba28759d478cef3eec9bd5be8) Importer(2089858483,192608db42251d675da83286b1cce702)
Start importing Assets/E1M1/NavMesh-NavMesh Surface.asset using Guid(a10e67eba28759d478cef3eec9bd5be8) Importer(2089858483,192608db42251d675da83286b1cce702) (ScriptedImporter) -> (artifact id: 'c43586d1f16351731e62ed4dc9ba162a') in 0.0070658 seconds
Number of updated asset objects reloaded before import = 0Number of asset objects unloaded after import = 1

========================================================================
Received Import Request.
  Time since last request: 0.000222 seconds.
  path: Assets/Material/COMPTILE.png
  artifactKey: Guid(dd2b9835c1761014e843d4fc97784000) Importer(2089858483,192608db42251d675da83286b1cce702)
Start importing Assets/Material/COMPTILE.png using Guid(dd2b9835c1761014e843d4fc97784000) Importer(2089858483,192608db42251d675da83286b1cce702) (ScriptedImporter) -> (artifact id: '9997a9ec5e6e75e4bf79d1e45ab9cddf') in 0.0069018 seconds
Number of updated asset objects reloaded before import = 0Number of asset objects unloaded after import = 1

========================================================================
Received Import Request.
  Time since last request: 0.000223 seconds.
  path: Assets/Material/FLOOR5_1.png
  artifactKey: Guid(f801dcd698a8f274a9a963a1653ffe7e) Importer(2089858483,192608db42251d675da83286b1cce702)
Start importing Assets/Material/FLOOR5_1.png using Guid(f801dcd698a8f274a9a963a1653ffe7e) Importer(2089858483,192608db42251d675da83286b1cce702) (ScriptedImporter) -> (artifact id: '6f29b519a0bfe03efbb4dd80f223f127') in 0.0096034 seconds
Number of updated asset objects reloaded before import = 0Number of asset objects unloaded after import = 1

========================================================================
Received Import Request.
  Time since last request: 0.000080 seconds.
  path: Assets/Material/COMPSTA4.png
  artifactKey: Guid(793a83af48e672d4aa05d847f8143791) Importer(2089858483,192608db42251d675da83286b1cce702)
Start importing Assets/Material/COMPSTA4.png using Guid(793a83af48e672d4aa05d847f8143791) Importer(2089858483,192608db42251d675da83286b1cce702) (ScriptedImporter) -> (artifact id: '00fd3a35fd4fe62da64e96a3cd7bbe62') in 0.0110885 seconds
Number of updated asset objects reloaded before import = 0Number of asset objects unloaded after import = 1

========================================================================
Received Import Request.
  Time since last request: 0.000192 seconds.
  path: Assets/Material/COMPTILE1.png
  artifactKey: Guid(7e3c14babfde9b14fb7bbf4af9f7a911) Importer(2089858483,192608db42251d675da83286b1cce702)
Start importing Assets/Material/COMPTILE1.png using Guid(7e3c14babfde9b14fb7bbf4af9f7a911) Importer(2089858483,192608db42251d675da83286b1cce702) (ScriptedImporter) -> (artifact id: 'ab2d0b2051eb2ca5d083c656fe858fdd') in 0.007982 seconds
Number of updated asset objects reloaded before import = 0Number of asset objects unloaded after import = 1

========================================================================
Received Import Request.
  Time since last request: 0.000103 seconds.
  path: Assets/Material/DOORTRAK1.png
  artifactKey: Guid(f9adc5e7b1fcae644bed5474c8c6e15b) Importer(2089858483,192608db42251d675da83286b1cce702)
Start importing Assets/Material/DOORTRAK1.png using Guid(f9adc5e7b1fcae644bed5474c8c6e15b) Importer(2089858483,192608db42251d675da83286b1cce702) (ScriptedImporter) -> (artifact id: '1561791d3976ee9e05dab1e5ef298320') in 0.0085465 seconds
Number of updated asset objects reloaded before import = 0Number of asset objects unloaded after import = 1

========================================================================
Received Import Request.
  Time since last request: 0.000135 seconds.
  path: Assets/NewToPoint.cs
  artifactKey: Guid(62d305cd9c63cea45a7f779121e2350f) Importer(2089858483,192608db42251d675da83286b1cce702)
Start importing Assets/NewToPoint.cs using Guid(62d305cd9c63cea45a7f779121e2350f) Importer(2089858483,192608db42251d675da83286b1cce702) (ScriptedImporter) -> (artifact id: '9d4720b8f932678fd787f7233280d020') in 0.0026952 seconds
Number of updated asset objects reloaded before import = 0Number of asset objects unloaded after import = 0

========================================================================
Received Import Request.
  Time since last request: 0.000230 seconds.
  path: Assets/Material/DOORSTOP.png
  artifactKey: Guid(246316810f9175648bf5e1740d68da4c) Importer(2089858483,192608db42251d675da83286b1cce702)
Start importing Assets/Material/DOORSTOP.png using Guid(246316810f9175648bf5e1740d68da4c) Importer(2089858483,192608db42251d675da83286b1cce702) (ScriptedImporter) -> (artifact id: '349f4c3bf837b051da9560f5a1cc5399') in 0.007784 seconds
Number of updated asset objects reloaded before import = 0Number of asset objects unloaded after import = 1

========================================================================
Received Import Request.
  Time since last request: 0.000371 seconds.
  path: Assets/Material/BROWN3.png
  artifactKey: Guid(23cfbfa759c91a54fb3622fccdc520bd) Importer(2089858483,192608db42251d675da83286b1cce702)
Start importing Assets/Material/BROWN3.png using Guid(23cfbfa759c91a54fb3622fccdc520bd) Importer(2089858483,192608db42251d675da83286b1cce702) (ScriptedImporter) -> (artifact id: '7af8ddcd1406d3b62a7440d9e2d73769') in 0.0085725 seconds
Number of updated asset objects reloaded before import = 0Number of asset objects unloaded after import = 1

========================================================================
Received Import Request.
  Time since last request: 0.000287 seconds.
  path: Assets/Code/ExploreResultUI.cs
  artifactKey: Guid(e874cb03906e34df690045d9bd7005c2) Importer(2089858483,192608db42251d675da83286b1cce702)
Start importing Assets/Code/ExploreResultUI.cs using Guid(e874cb03906e34df690045d9bd7005c2) Importer(2089858483,192608db42251d675da83286b1cce702) (ScriptedImporter) -> (artifact id: '0a247231296d13f5d31ee45cec99c34d') in 0.0038497 seconds
Number of updated asset objects reloaded before import = 0Number of asset objects unloaded after import = 0

========================================================================
Received Import Request.
  Time since last request: 0.000206 seconds.
  path: Assets/Code/XRInputTest.cs
  artifactKey: Guid(1ae5a1556fd6868458df3e9be756b798) Importer(2089858483,192608db42251d675da83286b1cce702)
Start importing Assets/Code/XRInputTest.cs using Guid(1ae5a1556fd6868458df3e9be756b798) Importer(2089858483,192608db42251d675da83286b1cce702) (ScriptedImporter) -> (artifact id: '5091f64114fccfcd78ebdee3c3b6f3cf') in 0.0035572 seconds
Number of updated asset objects reloaded before import = 0Number of asset objects unloaded after import = 0

========================================================================
Received Import Request.
  Time since last request: 0.000311 seconds.
  path: Assets/Material/E1M2_4.jpg
  artifactKey: Guid(03d1307eab5994b4eac8ab8e369fbc65) Importer(2089858483,192608db42251d675da83286b1cce702)
Start importing Assets/Material/E1M2_4.jpg using Guid(03d1307eab5994b4eac8ab8e369fbc65) Importer(2089858483,192608db42251d675da83286b1cce702) (ScriptedImporter) -> (artifact id: '7e2a350e4955bf7e1c4c13e58f49ffb3') in 0.0067572 seconds
Number of updated asset objects reloaded before import = 0Number of asset objects unloaded after import = 1

========================================================================
Received Import Request.
  Time since last request: 0.000517 seconds.
  path: Assets/Material/CEIL5_1.png
  artifactKey: Guid(415d478f5cc046e4b9e0be905c2711da) Importer(2089858483,192608db42251d675da83286b1cce702)
Start importing Assets/Material/CEIL5_1.png using Guid(415d478f5cc046e4b9e0be905c2711da) Importer(2089858483,192608db42251d675da83286b1cce702) (ScriptedImporter) -> (artifact id: 'cb1ee00355b31dd9e0654f6d15da7fc7') in 0.0094289 seconds
Number of updated asset objects reloaded before import = 0Number of asset objects unloaded after import = 1

========================================================================
Received Import Request.
  Time since last request: 0.000329 seconds.
  path: Assets/Material/ARM1A0.png
  artifactKey: Guid(af91c20b37ff9ad4f847f3492d84bb43) Importer(2089858483,192608db42251d675da83286b1cce702)
Start importing Assets/Material/ARM1A0.png using Guid(af91c20b37ff9ad4f847f3492d84bb43) Importer(2089858483,192608db42251d675da83286b1cce702) (ScriptedImporter) -> (artifact id: '02c72f21c2f61049011ad289a178bdc1') in 0.006912 seconds
Number of updated asset objects reloaded before import = 0Number of asset objects unloaded after import = 1

========================================================================
Received Import Request.
  Time since last request: 0.000246 seconds.
  path: Assets/Material/FLAT2.png
  artifactKey: Guid(0494e27ca880cbf4cb4046eb47e80c09) Importer(2089858483,192608db42251d675da83286b1cce702)
Start importing Assets/Material/FLAT2.png using Guid(0494e27ca880cbf4cb4046eb47e80c09) Importer(2089858483,192608db42251d675da83286b1cce702) (ScriptedImporter) -> (artifact id: 'c337497122ff3661b64288c57b1c3bec') in 0.0095336 seconds
Number of updated asset objects reloaded before import = 0Number of asset objects unloaded after import = 1

========================================================================
Received Import Request.
  Time since last request: 0.000300 seconds.
  path: Assets/Material/ELECA0.png
  artifactKey: Guid(2bcd6ee1f6bff394c9ca39b0ed7ea17b) Importer(2089858483,192608db42251d675da83286b1cce702)
Start importing Assets/Material/ELECA0.png using Guid(2bcd6ee1f6bff394c9ca39b0ed7ea17b) Importer(2089858483,192608db42251d675da83286b1cce702) (ScriptedImporter) -> (artifact id: '7ac3527e02f8f019b7581290a4b29f4e') in 0.0070756 seconds
Number of updated asset objects reloaded before import = 0Number of asset objects unloaded after import = 1

========================================================================
Received Import Request.
  Time since last request: 0.000301 seconds.
  path: Assets/Material/CONS1_1.png
  artifactKey: Guid(d6f22be79c3f4184ba6012e0187219a6) Importer(2089858483,192608db42251d675da83286b1cce702)
Start importing Assets/Material/CONS1_1.png using Guid(d6f22be79c3f4184ba6012e0187219a6) Importer(2089858483,192608db42251d675da83286b1cce702) (ScriptedImporter) -> (artifact id: 'a5d0ede81312cfd216181ed8149de3b7') in 0.0064077 seconds
Number of updated asset objects reloaded before import = 0Number of asset objects unloaded after import = 1

========================================================================
Received Import Request.
  Time since last request: 0.000204 seconds.
  path: Assets/Material/FLOOR4_5.png
  artifactKey: Guid(3298e8db8c1103947919fdf11e735471) Importer(2089858483,192608db42251d675da83286b1cce702)
Start importing Assets/Material/FLOOR4_5.png using Guid(3298e8db8c1103947919fdf11e735471) Importer(2089858483,192608db42251d675da83286b1cce702) (ScriptedImporter) -> (artifact id: '64300373f26d4f9fd6c3a0cf60d6aecd') in 0.0106521 seconds
Number of updated asset objects reloaded before import = 0Number of asset objects unloaded after import = 1

========================================================================
Received Import Request.
  Time since last request: 0.000124 seconds.
  path: Assets/Material/COMPSTA1.png
  artifactKey: Guid(d3c7165d1f299f3418d68935e9e5942a) Importer(2089858483,192608db42251d675da83286b1cce702)
Start importing Assets/Material/COMPSTA1.png using Guid(d3c7165d1f299f3418d68935e9e5942a) Importer(2089858483,192608db42251d675da83286b1cce702) (ScriptedImporter) -> (artifact id: 'dc5644d29fb28503c2a1679dcddcdd87') in 0.0068589 seconds
Number of updated asset objects reloaded before import = 0Number of asset objects unloaded after import = 1

========================================================================
Received Import Request.
  Time since last request: 0.000081 seconds.
  path: Assets/Material/DOORSTOP2.png
  artifactKey: Guid(342ebe4fdf99a8246a8e22a88abec9b3) Importer(2089858483,192608db42251d675da83286b1cce702)
Start importing Assets/Material/DOORSTOP2.png using Guid(342ebe4fdf99a8246a8e22a88abec9b3) Importer(2089858483,192608db42251d675da83286b1cce702) (ScriptedImporter) -> (artifact id: 'e631e02a427047db261a68af222fed95') in 0.0085373 seconds
Number of updated asset objects reloaded before import = 0Number of asset objects unloaded after import = 1

========================================================================
Received Import Request.
  Time since last request: 0.000102 seconds.
  path: Assets/Material/DOORSTOP3.png
  artifactKey: Guid(3cffff3f36addfc489f25ad605d15708) Importer(2089858483,192608db42251d675da83286b1cce702)
Start importing Assets/Material/DOORSTOP3.png using Guid(3cffff3f36addfc489f25ad605d15708) Importer(2089858483,192608db42251d675da83286b1cce702) (ScriptedImporter) -> (artifact id: 'ada4e08edff6d75b65d6d6ae3d07c073') in 0.0069625 seconds
Number of updated asset objects reloaded before import = 0Number of asset objects unloaded after import = 1

========================================================================
Received Import Request.
  Time since last request: 0.000058 seconds.
  path: Assets/Material/BROWN4.png
  artifactKey: Guid(d51f1605ba0d28d43af62c6a3d6c3e0b) Importer(2089858483,192608db42251d675da83286b1cce702)
Start importing Assets/Material/BROWN4.png using Guid(d51f1605ba0d28d43af62c6a3d6c3e0b) Importer(2089858483,192608db42251d675da83286b1cce702) (ScriptedImporter) -> (artifact id: '9b12f2e5898c3653de9f4c2cf084aa97') in 0.010183 seconds
Number of updated asset objects reloaded before import = 0Number of asset objects unloaded after import = 1

========================================================================
Received Import Request.
  Time since last request: 0.000097 seconds.
  path: Assets/Material/COLUA0.png
  artifactKey: Guid(ca596fb5759dd134fba0d9bec3f9a28c) Importer(2089858483,192608db42251d675da83286b1cce702)
Start importing Assets/Material/COLUA0.png using Guid(ca596fb5759dd134fba0d9bec3f9a28c) Importer(2089858483,192608db42251d675da83286b1cce702) (ScriptedImporter) -> (artifact id: 'de19ef19145815932f94422a361d1afc') in 0.0082561 seconds
Number of updated asset objects reloaded before import = 0Number of asset objects unloaded after import = 1

========================================================================
Received Import Request.
  Time since last request: 0.000110 seconds.
  path: Assets/Material/E1M2_15.jpg
  artifactKey: Guid(c63b7002d300f1948ae9fec7e68881bf) Importer(2089858483,192608db42251d675da83286b1cce702)
Start importing Assets/Material/E1M2_15.jpg using Guid(c63b7002d300f1948ae9fec7e68881bf) Importer(2089858483,192608db42251d675da83286b1cce702) (ScriptedImporter) -> (artifact id: '99fe244daff32d9f3dd3ca50b7a11ddf') in 0.007583 seconds
Number of updated asset objects reloaded before import = 0Number of asset objects unloaded after import = 1

========================================================================
Received Import Request.
  Time since last request: 0.000091 seconds.
  path: Assets/Material/CEIL3_4.png
  artifactKey: Guid(ebe53db41b0b8b845ae40d6fa88da5d6) Importer(2089858483,192608db42251d675da83286b1cce702)
Start importing Assets/Material/CEIL3_4.png using Guid(ebe53db41b0b8b845ae40d6fa88da5d6) Importer(2089858483,192608db42251d675da83286b1cce702) (ScriptedImporter) -> (artifact id: '331b002e4bfb0cf7f18acd04ad13b59e') in 0.0104089 seconds
Number of updated asset objects reloaded before import = 0Number of asset objects unloaded after import = 1

========================================================================
Received Import Request.
  Time since last request: 0.000103 seconds.
  path: Assets/Material/BROWNHUG1.png
  artifactKey: Guid(36228eab87ffbf24e82491500b9dceaa) Importer(2089858483,192608db42251d675da83286b1cce702)
Start importing Assets/Material/BROWNHUG1.png using Guid(36228eab87ffbf24e82491500b9dceaa) Importer(2089858483,192608db42251d675da83286b1cce702) (ScriptedImporter) -> (artifact id: '8843ff69de1dcc4ce784d66fc454550f') in 0.0089292 seconds
Number of updated asset objects reloaded before import = 0Number of asset objects unloaded after import = 1

========================================================================
Received Import Request.
  Time since last request: 0.000111 seconds.
  path: Assets/Code/TeleportPortalTrigger.cs
  artifactKey: Guid(43f8ead941c5c485fb5dea1907ff9ec2) Importer(2089858483,192608db42251d675da83286b1cce702)
Start importing Assets/Code/TeleportPortalTrigger.cs using Guid(43f8ead941c5c485fb5dea1907ff9ec2) Importer(2089858483,192608db42251d675da83286b1cce702) (ScriptedImporter) -> (artifact id: 'f7422d240dff3d0548866d0ae47768cd') in 0.0027792 seconds
Number of updated asset objects reloaded before import = 0Number of asset objects unloaded after import = 0

========================================================================
Received Import Request.
  Time since last request: 0.000133 seconds.
  path: Assets/Material/BON1A0.png
  artifactKey: Guid(6478cb51b7f44d244bacd6287505b401) Importer(2089858483,192608db42251d675da83286b1cce702)
Start importing Assets/Material/BON1A0.png using Guid(6478cb51b7f44d244bacd6287505b401) Importer(2089858483,192608db42251d675da83286b1cce702) (ScriptedImporter) -> (artifact id: 'f1def757ce657ac55d72780787b27958') in 0.007421 seconds
Number of updated asset objects reloaded before import = 0Number of asset objects unloaded after import = 1

========================================================================
Received Import Request.
  Time since last request: 0.000105 seconds.
  path: Assets/Material/EXITSIGN.png
  artifactKey: Guid(0f02c620a779e3a44bcf6edfdd084d1c) Importer(2089858483,192608db42251d675da83286b1cce702)
Start importing Assets/Material/EXITSIGN.png using Guid(0f02c620a779e3a44bcf6edfdd084d1c) Importer(2089858483,192608db42251d675da83286b1cce702) (ScriptedImporter) -> (artifact id: '8a47fc1341d6e36d5473d2ef719b7d37') in 0.0094493 seconds
Number of updated asset objects reloaded before import = 0Number of asset objects unloaded after import = 1

========================================================================
Received Import Request.
  Time since last request: 0.000212 seconds.
  path: Assets/Material/E1M2_8.jpg
  artifactKey: Guid(7f9c74dc0d7e07147be77c503e2411de) Importer(2089858483,192608db42251d675da83286b1cce702)
Start importing Assets/Material/E1M2_8.jpg using Guid(7f9c74dc0d7e07147be77c503e2411de) Importer(2089858483,192608db42251d675da83286b1cce702) (ScriptedImporter) -> (artifact id: '4228b20c21a50fd2fb3b6ec71205a39e') in 0.0090573 seconds
Number of updated asset objects reloaded before import = 0Number of asset objects unloaded after import = 1

========================================================================
Received Import Request.
  Time since last request: 0.000202 seconds.
  path: Assets/Code/MonsterAnimator.controller
  artifactKey: Guid(8a097a5f1909342dc9789b0c6f5c3ab1) Importer(2089858483,192608db42251d675da83286b1cce702)
Start importing Assets/Code/MonsterAnimator.controller using Guid(8a097a5f1909342dc9789b0c6f5c3ab1) Importer(2089858483,192608db42251d675da83286b1cce702) (ScriptedImporter) -> (artifact id: '28efc99160a9898468c17c54d40d6cb9') in 0.1750661 seconds
Number of updated asset objects reloaded before import = 0Number of asset objects unloaded after import = 30

========================================================================
Received Import Request.
  Time since last request: 0.000028 seconds.
  path: Assets/Material/BROWN2.png
  artifactKey: Guid(e2f9474b4fc452b439bf8674fde66dab) Importer(2089858483,192608db42251d675da83286b1cce702)
Start importing Assets/Material/BROWN2.png using Guid(e2f9474b4fc452b439bf8674fde66dab) Importer(2089858483,192608db42251d675da83286b1cce702) (ScriptedImporter) -> (artifact id: '1e8c475818157a7c4c59244ec0ffc3da') in 0.0074061 seconds
Number of updated asset objects reloaded before import = 0Number of asset objects unloaded after import = 1

========================================================================
Received Import Request.
  Time since last request: 0.000082 seconds.
  path: Assets/Tree.prefab
  artifactKey: Guid(e8eccac352cd34cf6a10467eadd64fde) Importer(2089858483,192608db42251d675da83286b1cce702)
Start importing Assets/Tree.prefab using Guid(e8eccac352cd34cf6a10467eadd64fde) Importer(2089858483,192608db42251d675da83286b1cce702) (ScriptedImporter) -> (artifact id: '95926bebeebea2a93d2cc0310bc96725') in 0.0401785 seconds
Number of updated asset objects reloaded before import = 0Number of asset objects unloaded after import = 15

========================================================================
Received Import Request.
  Time since last request: 0.000016 seconds.
  path: Assets/Material/E1M2_12.jpg
  artifactKey: Guid(7de593daad466264fa553fec5084af4b) Importer(2089858483,192608db42251d675da83286b1cce702)
Start importing Assets/Material/E1M2_12.jpg using Guid(7de593daad466264fa553fec5084af4b) Importer(2089858483,192608db42251d675da83286b1cce702) (ScriptedImporter) -> (artifact id: 'a236de4001e2d3ef17bc09ea58861f5f') in 0.0104492 seconds
Number of updated asset objects reloaded before import = 0Number of asset objects unloaded after import = 1

========================================================================
Received Import Request.
  Time since last request: 0.000111 seconds.
  path: Assets/Code/PanelToggleController.cs
  artifactKey: Guid(1552bd811646d4f6495c045513520b04) Importer(2089858483,192608db42251d675da83286b1cce702)
Start importing Assets/Code/PanelToggleController.cs using Guid(1552bd811646d4f6495c045513520b04) Importer(2089858483,192608db42251d675da83286b1cce702) (ScriptedImporter) -> (artifact id: 'ed5a8b2acddc68edc2905c1a7c48e53d') in 0.0032189 seconds
Number of updated asset objects reloaded before import = 0Number of asset objects unloaded after import = 0

========================================================================
Received Import Request.
  Time since last request: 0.000114 seconds.
  path: Assets/Material/COMPTALL1.png
  artifactKey: Guid(624edede859898d4ab182d76215e53cc) Importer(2089858483,192608db42251d675da83286b1cce702)
Start importing Assets/Material/COMPTALL1.png using Guid(624edede859898d4ab182d76215e53cc) Importer(2089858483,192608db42251d675da83286b1cce702) (ScriptedImporter) -> (artifact id: '44896e25b755402b74e731ea91eeca70') in 0.0094461 seconds
Number of updated asset objects reloaded before import = 0Number of asset objects unloaded after import = 1

========================================================================
Received Import Request.
  Time since last request: 0.000223 seconds.
  path: Assets/Material/DOOR3.png
  artifactKey: Guid(0289d4d4754d07b4192cb4dcf2f77387) Importer(2089858483,192608db42251d675da83286b1cce702)
Start importing Assets/Material/DOOR3.png using Guid(0289d4d4754d07b4192cb4dcf2f77387) Importer(2089858483,192608db42251d675da83286b1cce702) (ScriptedImporter) -> (artifact id: '65709f08c5394d3dacfdcfde7f1494cc') in 0.011177 seconds
Number of updated asset objects reloaded before import = 0Number of asset objects unloaded after import = 1

========================================================================
Received Import Request.
  Time since last request: 0.000080 seconds.
  path: Assets/Material/E1M2_3.jpg
  artifactKey: Guid(3cbbb7fe22fe0fa41b00b27d98bb7f78) Importer(2089858483,192608db42251d675da83286b1cce702)
Start importing Assets/Material/E1M2_3.jpg using Guid(3cbbb7fe22fe0fa41b00b27d98bb7f78) Importer(2089858483,192608db42251d675da83286b1cce702) (ScriptedImporter) -> (artifact id: '031035ed164a22874ae8166b14e717de') in 0.0087602 seconds
Number of updated asset objects reloaded before import = 0Number of asset objects unloaded after import = 1

========================================================================
Received Import Request.
  Time since last request: 0.083862 seconds.
  path: Assets/Material/Material.jpg
  artifactKey: Guid(025e69abded6b5548a08c0ce93c69bfe) Importer(2089858483,192608db42251d675da83286b1cce702)
Start importing Assets/Material/Material.jpg using Guid(025e69abded6b5548a08c0ce93c69bfe) Importer(2089858483,192608db42251d675da83286b1cce702) (ScriptedImporter) -> (artifact id: '944626e11a18e4081170863976bf6add') in 0.0055855 seconds
Number of updated asset objects reloaded before import = 0Number of asset objects unloaded after import = 1

========================================================================
Received Import Request.
  Time since last request: 0.000110 seconds.
  path: Assets/Material/STEP11.png
  artifactKey: Guid(954a5317706355949ae72b2394df35f4) Importer(2089858483,192608db42251d675da83286b1cce702)
Start importing Assets/Material/STEP11.png using Guid(954a5317706355949ae72b2394df35f4) Importer(2089858483,192608db42251d675da83286b1cce702) (ScriptedImporter) -> (artifact id: 'e609f42eb8de4edcc9a95b2127c4807c') in 0.0075181 seconds
Number of updated asset objects reloaded before import = 0Number of asset objects unloaded after import = 1

========================================================================
Received Import Request.
  Time since last request: 0.000152 seconds.
  path: Assets/Material/SPOSA2.png
  artifactKey: Guid(0fbe864ba749d324199fc573690e3dd9) Importer(2089858483,192608db42251d675da83286b1cce702)
Start importing Assets/Material/SPOSA2.png using Guid(0fbe864ba749d324199fc573690e3dd9) Importer(2089858483,192608db42251d675da83286b1cce702) (ScriptedImporter) -> (artifact id: '5ef1ed22d92afe57a3215cefabb9683e') in 0.0075979 seconds
Number of updated asset objects reloaded before import = 0Number of asset objects unloaded after import = 1

========================================================================
Received Import Request.
  Time since last request: 0.000559 seconds.
  path: Assets/Material/MFLR8_1.png
  artifactKey: Guid(30ee9552b6cf94e40b95d2ce5c8c3251) Importer(2089858483,192608db42251d675da83286b1cce702)
Start importing Assets/Material/MFLR8_1.png using Guid(30ee9552b6cf94e40b95d2ce5c8c3251) Importer(2089858483,192608db42251d675da83286b1cce702) (ScriptedImporter) -> (artifact id: 'efa92f954e3c24dfc2b663066f6258b4') in 0.012461 seconds
Number of updated asset objects reloaded before import = 0Number of asset objects unloaded after import = 1

========================================================================
Received Import Request.
  Time since last request: 0.000187 seconds.
  path: Assets/Material/SW1PIPE.png
  artifactKey: Guid(6890764d5f106c64a818e7afa8fa7536) Importer(2089858483,192608db42251d675da83286b1cce702)
Start importing Assets/Material/SW1PIPE.png using Guid(6890764d5f106c64a818e7afa8fa7536) Importer(2089858483,192608db42251d675da83286b1cce702) (ScriptedImporter) -> (artifact id: '1646a09c17b8476038e689de5c205d3c') in 0.0066662 seconds
Number of updated asset objects reloaded before import = 0Number of asset objects unloaded after import = 1

========================================================================
Received Import Request.
  Time since last request: 0.000188 seconds.
  path: Assets/Material/RKEYA0.png
  artifactKey: Guid(601484bed733114458a078cf99807c25) Importer(2089858483,192608db42251d675da83286b1cce702)
Start importing Assets/Material/RKEYA0.png using Guid(601484bed733114458a078cf99807c25) Importer(2089858483,192608db42251d675da83286b1cce702) (ScriptedImporter) -> (artifact id: 'b72dcb87cc528a0defbf7f85bbcfee40') in 0.0076715 seconds
Number of updated asset objects reloaded before import = 0Number of asset objects unloaded after import = 1

========================================================================
Received Import Request.
  Time since last request: 0.000291 seconds.
  path: Assets/Material/STIMA0.png
  artifactKey: Guid(5e51da0fb01eb4947bccb6b2fe428f74) Importer(2089858483,192608db42251d675da83286b1cce702)
Start importing Assets/Material/STIMA0.png using Guid(5e51da0fb01eb4947bccb6b2fe428f74) Importer(2089858483,192608db42251d675da83286b1cce702) (ScriptedImporter) -> (artifact id: '897184d1de217e54d3baa65e5c825acc') in 0.0101499 seconds
Number of updated asset objects reloaded before import = 0Number of asset objects unloaded after import = 1

========================================================================
Received Import Request.
  Time since last request: 0.000239 seconds.
  path: Assets/Material/SLADWALL2.png
  artifactKey: Guid(1552c98bf69818448a2f18fbac1ca43f) Importer(2089858483,192608db42251d675da83286b1cce702)
Start importing Assets/Material/SLADWALL2.png using Guid(1552c98bf69818448a2f18fbac1ca43f) Importer(2089858483,192608db42251d675da83286b1cce702) (ScriptedImporter) -> (artifact id: '6dad932c3a3acee714d409253c6304bb') in 0.0096579 seconds
Number of updated asset objects reloaded before import = 0Number of asset objects unloaded after import = 1

========================================================================
Received Import Request.
  Time since last request: 0.000182 seconds.
  path: Assets/Material/TLITE6_5.png
  artifactKey: Guid(c744df7ab6968a8468431faaea64429f) Importer(2089858483,192608db42251d675da83286b1cce702)
Start importing Assets/Material/TLITE6_5.png using Guid(c744df7ab6968a8468431faaea64429f) Importer(2089858483,192608db42251d675da83286b1cce702) (ScriptedImporter) -> (artifact id: '98879a5d1d6fcaa25729a0aa0973e3e8') in 0.0065339 seconds
Number of updated asset objects reloaded before import = 0Number of asset objects unloaded after import = 1

========================================================================
Received Import Request.
  Time since last request: 0.000206 seconds.
  path: Assets/Material/SUPPORT12.png
  artifactKey: Guid(142d8e6aad89f8b47bed8cda7d272902) Importer(2089858483,192608db42251d675da83286b1cce702)
Start importing Assets/Material/SUPPORT12.png using Guid(142d8e6aad89f8b47bed8cda7d272902) Importer(2089858483,192608db42251d675da83286b1cce702) (ScriptedImporter) -> (artifact id: '8b44e21a12d9af94aa7358118f620623') in 0.0061054 seconds
Number of updated asset objects reloaded before import = 0Number of asset objects unloaded after import = 1

========================================================================
Received Import Request.
  Time since last request: 0.000287 seconds.
  path: Assets/Material/STARTAN8.png
  artifactKey: Guid(b660551efaa63a94ab7b970dfd61c5a1) Importer(2089858483,192608db42251d675da83286b1cce702)
Start importing Assets/Material/STARTAN8.png using Guid(b660551efaa63a94ab7b970dfd61c5a1) Importer(2089858483,192608db42251d675da83286b1cce702) (ScriptedImporter) -> (artifact id: 'e6c888113511f925341110e7f91cede9') in 0.0067058 seconds
Number of updated asset objects reloaded before import = 0Number of asset objects unloaded after import = 1

========================================================================
Received Import Request.
  Time since last request: 0.000057 seconds.
  path: Assets/Material/SUPPORT6.png
  artifactKey: Guid(8a1b0f02864c10048995f9c922d2b9f9) Importer(2089858483,192608db42251d675da83286b1cce702)
Start importing Assets/Material/SUPPORT6.png using Guid(8a1b0f02864c10048995f9c922d2b9f9) Importer(2089858483,192608db42251d675da83286b1cce702) (ScriptedImporter) -> (artifact id: 'e7226329e166b77e1e9d2d7f199b78b7') in 0.0090645 seconds
Number of updated asset objects reloaded before import = 0Number of asset objects unloaded after import = 1

========================================================================
Received Import Request.
  Time since last request: 0.000312 seconds.
  path: Assets/Material/TEKWALL2.png
  artifactKey: Guid(d180821efc455ca41b97cf9fb760b1f8) Importer(2089858483,192608db42251d675da83286b1cce702)
Start importing Assets/Material/TEKWALL2.png using Guid(d180821efc455ca41b97cf9fb760b1f8) Importer(2089858483,192608db42251d675da83286b1cce702) (ScriptedImporter) -> (artifact id: '28383c28838c1295d7e86e58a8a27236') in 0.0082244 seconds
Number of updated asset objects reloaded before import = 0Number of asset objects unloaded after import = 1

========================================================================
Received Import Request.
  Time since last request: 0.000116 seconds.
  path: Assets/Material/PLAT1.png
  artifactKey: Guid(b3dcce89be975554b964ebe6d71c6de6) Importer(2089858483,192608db42251d675da83286b1cce702)
Start importing Assets/Material/PLAT1.png using Guid(b3dcce89be975554b964ebe6d71c6de6) Importer(2089858483,192608db42251d675da83286b1cce702) (ScriptedImporter) -> (artifact id: '60526b9052b4a3b2afa902c87cb703aa') in 0.0055703 seconds
Number of updated asset objects reloaded before import = 0Number of asset objects unloaded after import = 1

========================================================================
Received Import Request.
  Time since last request: 0.000374 seconds.
  path: Assets/Material/SUPPORT14.png
  artifactKey: Guid(dd7ce8691412bec4e8f1e8479e9da12b) Importer(2089858483,192608db42251d675da83286b1cce702)
Start importing Assets/Material/SUPPORT14.png using Guid(dd7ce8691412bec4e8f1e8479e9da12b) Importer(2089858483,192608db42251d675da83286b1cce702) (ScriptedImporter) -> (artifact id: '4f4704682403aee3f16c332eebd59802') in 0.0104348 seconds
Number of updated asset objects reloaded before import = 0Number of asset objects unloaded after import = 1

========================================================================
Received Import Request.
  Time since last request: 0.000350 seconds.
  path: Assets/MonsterMutant 7/MonsterMutant7 Animator Controller.controller
  artifactKey: Guid(f6482d4ee17f77042b91e0a421b67d08) Importer(2089858483,192608db42251d675da83286b1cce702)
Start importing Assets/MonsterMutant 7/MonsterMutant7 Animator Controller.controller using Guid(f6482d4ee17f77042b91e0a421b67d08) Importer(2089858483,192608db42251d675da83286b1cce702) (ScriptedImporter) -> (artifact id: '9bde032b2d2fb9f03706f3f2fa1748c9') in 0.0978998 seconds
Number of updated asset objects reloaded before import = 0Number of asset objects unloaded after import = 106

========================================================================
Received Import Request.
  Time since last request: 0.000024 seconds.
  path: Assets/Material/PLAYA2.png
  artifactKey: Guid(28e8123f7265a59478afeb1a3fc068b7) Importer(2089858483,192608db42251d675da83286b1cce702)
Start importing Assets/Material/PLAYA2.png using Guid(28e8123f7265a59478afeb1a3fc068b7) Importer(2089858483,192608db42251d675da83286b1cce702) (ScriptedImporter) -> (artifact id: '6ab20b8774ceb9b817cdf3a8ad161995') in 0.0081499 seconds
Number of updated asset objects reloaded before import = 0Number of asset objects unloaded after import = 1

========================================================================
Received Import Request.
  Time since last request: 0.000093 seconds.
  path: Assets/Material/SUPPORT2.png
  artifactKey: Guid(0bacf21ce149ee644842a128ed446cad) Importer(2089858483,192608db42251d675da83286b1cce702)
Start importing Assets/Material/SUPPORT2.png using Guid(0bacf21ce149ee644842a128ed446cad) Importer(2089858483,192608db42251d675da83286b1cce702) (ScriptedImporter) -> (artifact id: '95d73f9bd1e738f289e506ed3a01543d') in 0.0072399 seconds
Number of updated asset objects reloaded before import = 0Number of asset objects unloaded after import = 1

========================================================================
Received Import Request.
  Time since last request: 0.000186 seconds.
  path: Assets/Material/SPOSA5.png
  artifactKey: Guid(43ef1f1978f84de4facc20959dc7a91c) Importer(2089858483,192608db42251d675da83286b1cce702)
Start importing Assets/Material/SPOSA5.png using Guid(43ef1f1978f84de4facc20959dc7a91c) Importer(2089858483,192608db42251d675da83286b1cce702) (ScriptedImporter) -> (artifact id: 'cb6555484ec699736b21b70b656fa61f') in 0.0072583 seconds
Number of updated asset objects reloaded before import = 0Number of asset objects unloaded after import = 1

========================================================================
Received Import Request.
  Time since last request: 0.000164 seconds.
  path: Assets/Material/SOULA0.png
  artifactKey: Guid(a275f20fec16894458ed6d8182d3dd48) Importer(2089858483,192608db42251d675da83286b1cce702)
Start importing Assets/Material/SOULA0.png using Guid(a275f20fec16894458ed6d8182d3dd48) Importer(2089858483,192608db42251d675da83286b1cce702) (ScriptedImporter) -> (artifact id: '6a2044269dcc8570142f6ccbe3c52d38') in 0.0067834 seconds
Number of updated asset objects reloaded before import = 0Number of asset objects unloaded after import = 1

========================================================================
Received Import Request.
  Time since last request: 0.000099 seconds.
  path: Assets/Material/STEP6.png
  artifactKey: Guid(a7c64dfb486e4794d8dffe71415745db) Importer(2089858483,192608db42251d675da83286b1cce702)
Start importing Assets/Material/STEP6.png using Guid(a7c64dfb486e4794d8dffe71415745db) Importer(2089858483,192608db42251d675da83286b1cce702) (ScriptedImporter) -> (artifact id: '6e991b13a1618035c67e5f375b5afb7a') in 0.0087003 seconds
Number of updated asset objects reloaded before import = 0Number of asset objects unloaded after import = 1

========================================================================
Received Import Request.
  Time since last request: 0.000063 seconds.
  path: Assets/Material/SUPPORT13.png
  artifactKey: Guid(19ea3bdfd4bc7aa4f967ad196579c9bd) Importer(2089858483,192608db42251d675da83286b1cce702)
Start importing Assets/Material/SUPPORT13.png using Guid(19ea3bdfd4bc7aa4f967ad196579c9bd) Importer(2089858483,192608db42251d675da83286b1cce702) (ScriptedImporter) -> (artifact id: '8ece49df88a81ecb82b9290846635920') in 0.0083187 seconds
Number of updated asset objects reloaded before import = 0Number of asset objects unloaded after import = 1

========================================================================
Received Import Request.
  Time since last request: 0.000041 seconds.
  path: Assets/Material/SW1COMP1.png
  artifactKey: Guid(bc665793d303ecf4eb8cd4288fb3bcf0) Importer(2089858483,192608db42251d675da83286b1cce702)
Start importing Assets/Material/SW1COMP1.png using Guid(bc665793d303ecf4eb8cd4288fb3bcf0) Importer(2089858483,192608db42251d675da83286b1cce702) (ScriptedImporter) -> (artifact id: 'c74ac2216676baea297d29d99ae19ded') in 0.0058322 seconds
Number of updated asset objects reloaded before import = 0Number of asset objects unloaded after import = 1

========================================================================
Received Import Request.
  Time since last request: 0.000303 seconds.
  path: Assets/Material/SLADRIP2.png
  artifactKey: Guid(089e3e0408d3cee4eae3b6fa2178133d) Importer(2089858483,192608db42251d675da83286b1cce702)
Start importing Assets/Material/SLADRIP2.png using Guid(089e3e0408d3cee4eae3b6fa2178133d) Importer(2089858483,192608db42251d675da83286b1cce702) (ScriptedImporter) -> (artifact id: '2674a21a87900a02caaa95c1c788d406') in 0.0099443 seconds
Number of updated asset objects reloaded before import = 0Number of asset objects unloaded after import = 1

========================================================================
Received Import Request.
  Time since last request: 0.000337 seconds.
  path: Assets/Material/STEP9.png
  artifactKey: Guid(6db741cef8794de48a9729119535fa8d) Importer(2089858483,192608db42251d675da83286b1cce702)
Start importing Assets/Material/STEP9.png using Guid(6db741cef8794de48a9729119535fa8d) Importer(2089858483,192608db42251d675da83286b1cce702) (ScriptedImporter) -> (artifact id: '7a409b27d08ac93990a82a4e4d1c7f51') in 0.0057985 seconds
Number of updated asset objects reloaded before import = 0Number of asset objects unloaded after import = 1

========================================================================
Received Import Request.
  Time since last request: 0.000095 seconds.
  path: Assets/Material/STEP12.png
  artifactKey: Guid(4bf56e1f3d3b4bf46954be9ff5d5bf6e) Importer(2089858483,192608db42251d675da83286b1cce702)
Start importing Assets/Material/STEP12.png using Guid(4bf56e1f3d3b4bf46954be9ff5d5bf6e) Importer(2089858483,192608db42251d675da83286b1cce702) (ScriptedImporter) -> (artifact id: 'e2a06b73acc692b2ced5dbd6d87f4892') in 0.0058871 seconds
Number of updated asset objects reloaded before import = 0Number of asset objects unloaded after import = 1

========================================================================
Received Import Request.
  Time since last request: 0.000234 seconds.
  path: Assets/Material/PIPE2.png
  artifactKey: Guid(217162a081fcf0a4baed2ca7d54919c3) Importer(2089858483,192608db42251d675da83286b1cce702)
Start importing Assets/Material/PIPE2.png using Guid(217162a081fcf0a4baed2ca7d54919c3) Importer(2089858483,192608db42251d675da83286b1cce702) (ScriptedImporter) -> (artifact id: 'ef2d087ade7ddf82442ad643b96f0373') in 0.0079797 seconds
Number of updated asset objects reloaded before import = 0Number of asset objects unloaded after import = 1

========================================================================
Received Import Request.
  Time since last request: 0.000151 seconds.
  path: Assets/Material/PLAT2.png
  artifactKey: Guid(febb1cce93c987f48a0380adda710d93) Importer(2089858483,192608db42251d675da83286b1cce702)
Start importing Assets/Material/PLAT2.png using Guid(febb1cce93c987f48a0380adda710d93) Importer(2089858483,192608db42251d675da83286b1cce702) (ScriptedImporter) -> (artifact id: '3ba36da184ed448f19fce29997bbac9f') in 0.0083271 seconds
Number of updated asset objects reloaded before import = 0Number of asset objects unloaded after import = 1

========================================================================
Received Import Request.
  Time since last request: 0.000140 seconds.
  path: Assets/Material/METAL1.png
  artifactKey: Guid(3b0879d58cc45f2438672d0954851184) Importer(2089858483,192608db42251d675da83286b1cce702)
Start importing Assets/Material/METAL1.png using Guid(3b0879d58cc45f2438672d0954851184) Importer(2089858483,192608db42251d675da83286b1cce702) (ScriptedImporter) -> (artifact id: '84b779b790a099487fc50859bf2a01af') in 0.006418 seconds
Number of updated asset objects reloaded before import = 0Number of asset objects unloaded after import = 1

========================================================================
Received Import Request.
  Time since last request: 0.000061 seconds.
  path: Assets/Material/TROOA2.png
  artifactKey: Guid(9ab1f1818f300de43a80bea732c167c2) Importer(2089858483,192608db42251d675da83286b1cce702)
Start importing Assets/Material/TROOA2.png using Guid(9ab1f1818f300de43a80bea732c167c2) Importer(2089858483,192608db42251d675da83286b1cce702) (ScriptedImporter) -> (artifact id: 'c65cf57802721c5182e64d97b7d17d81') in 0.0086828 seconds
Number of updated asset objects reloaded before import = 0Number of asset objects unloaded after import = 1

========================================================================
Received Import Request.
  Time since last request: 0.000183 seconds.
  path: Assets/Material/TEKWALL8.png
  artifactKey: Guid(fa3244080b8f0f54a86ca3d9c63d1f81) Importer(2089858483,192608db42251d675da83286b1cce702)
Start importing Assets/Material/TEKWALL8.png using Guid(fa3244080b8f0f54a86ca3d9c63d1f81) Importer(2089858483,192608db42251d675da83286b1cce702) (ScriptedImporter) -> (artifact id: '0764b7cad137a6e44e31a528c933aee1') in 0.0069291 seconds
Number of updated asset objects reloaded before import = 0Number of asset objects unloaded after import = 1

========================================================================
Received Import Request.
  Time since last request: 0.000255 seconds.
  path: Assets/Material/SUPPORT9.png
  artifactKey: Guid(cc121e0aac7b83049beebde177251bdc) Importer(2089858483,192608db42251d675da83286b1cce702)
Start importing Assets/Material/SUPPORT9.png using Guid(cc121e0aac7b83049beebde177251bdc) Importer(2089858483,192608db42251d675da83286b1cce702) (ScriptedImporter) -> (artifact id: '7e0df90678b8df78f99ca57e1cdd8225') in 0.0076496 seconds
Number of updated asset objects reloaded before import = 0Number of asset objects unloaded after import = 1

========================================================================
Received Import Request.
  Time since last request: 0.000101 seconds.
  path: Assets/Material/STEP4.png
  artifactKey: Guid(9d1d28b4b37dcd347b0b596fff17740c) Importer(2089858483,192608db42251d675da83286b1cce702)
Start importing Assets/Material/STEP4.png using Guid(9d1d28b4b37dcd347b0b596fff17740c) Importer(2089858483,192608db42251d675da83286b1cce702) (ScriptedImporter) -> (artifact id: 'e3171f9d68786c2af3cf71edb43bd08f') in 0.0056124 seconds
Number of updated asset objects reloaded before import = 0Number of asset objects unloaded after import = 1

========================================================================
Received Import Request.
  Time since last request: 0.000153 seconds.
  path: Assets/Material/STARTAN9_5.png
  artifactKey: Guid(9aedfb3efe9638f46aed5d416acb1352) Importer(2089858483,192608db42251d675da83286b1cce702)
Start importing Assets/Material/STARTAN9_5.png using Guid(9aedfb3efe9638f46aed5d416acb1352) Importer(2089858483,192608db42251d675da83286b1cce702) (ScriptedImporter) -> (artifact id: 'f7ea222f4633ee5ca1e62d026df9d1a2') in 0.0083166 seconds
Number of updated asset objects reloaded before import = 0Number of asset objects unloaded after import = 1

========================================================================
Received Import Request.
  Time since last request: 0.000068 seconds.
  path: Assets/Material/STARG1.png
  artifactKey: Guid(d787d47b1f84d1844814ad7e6309017a) Importer(2089858483,192608db42251d675da83286b1cce702)
Start importing Assets/Material/STARG1.png using Guid(d787d47b1f84d1844814ad7e6309017a) Importer(2089858483,192608db42251d675da83286b1cce702) (ScriptedImporter) -> (artifact id: 'd40319bc518c378bdd7b5776713d4afc') in 0.0058978 seconds
Number of updated asset objects reloaded before import = 0Number of asset objects unloaded after import = 1

========================================================================
Received Import Request.
  Time since last request: 0.000056 seconds.
  path: Assets/Material/TLITE6_3.png
  artifactKey: Guid(18bd5f28b8f711b4c8135aa61091837c) Importer(2089858483,192608db42251d675da83286b1cce702)
Start importing Assets/Material/TLITE6_3.png using Guid(18bd5f28b8f711b4c8135aa61091837c) Importer(2089858483,192608db42251d675da83286b1cce702) (ScriptedImporter) -> (artifact id: '71aa22e4be0c7b4740de9d9df35cfab5') in 0.0066232 seconds
Number of updated asset objects reloaded before import = 0Number of asset objects unloaded after import = 1

========================================================================
Received Import Request.
  Time since last request: 0.000134 seconds.
  path: Assets/Material/POSSA2.png
  artifactKey: Guid(07201f8fafab4e64b8ad5cc3c3218f5e) Importer(2089858483,192608db42251d675da83286b1cce702)
Start importing Assets/Material/POSSA2.png using Guid(07201f8fafab4e64b8ad5cc3c3218f5e) Importer(2089858483,192608db42251d675da83286b1cce702) (ScriptedImporter) -> (artifact id: '8d2fde6fc1d297f857ee0674b06b85e0') in 0.0075876 seconds
Number of updated asset objects reloaded before import = 0Number of asset objects unloaded after import = 1

========================================================================
Received Import Request.
  Time since last request: 0.000329 seconds.
  path: Assets/Material/TLITE6_7.png
  artifactKey: Guid(149b2fbf8a6cf39479e3aae554693e6c) Importer(2089858483,192608db42251d675da83286b1cce702)
Start importing Assets/Material/TLITE6_7.png using Guid(149b2fbf8a6cf39479e3aae554693e6c) Importer(2089858483,192608db42251d675da83286b1cce702) (ScriptedImporter) -> (artifact id: '58100790886a67f3acd3cf9a9a953028') in 0.0086929 seconds
Number of updated asset objects reloaded before import = 0Number of asset objects unloaded after import = 1

========================================================================
Received Import Request.
  Time since last request: 0.000071 seconds.
  path: Assets/Material/STARTAN5.png
  artifactKey: Guid(bab0d6683a52ec641870c9c653e59c43) Importer(2089858483,192608db42251d675da83286b1cce702)
Start importing Assets/Material/STARTAN5.png using Guid(bab0d6683a52ec641870c9c653e59c43) Importer(2089858483,192608db42251d675da83286b1cce702) (ScriptedImporter) -> (artifact id: '71973bb899ce9bc79c7fe0f4547b1025') in 0.0071034 seconds
Number of updated asset objects reloaded before import = 0Number of asset objects unloaded after import = 1

========================================================================
Received Import Request.
  Time since last request: 0.000104 seconds.
  path: Assets/Resources/PerformanceTestRunInfo.json
  artifactKey: Guid(2a148334f64504f58a0a5015c98e7734) Importer(2089858483,192608db42251d675da83286b1cce702)
Start importing Assets/Resources/PerformanceTestRunInfo.json using Guid(2a148334f64504f58a0a5015c98e7734) Importer(2089858483,192608db42251d675da83286b1cce702) (ScriptedImporter) -> (artifact id: '62ada6782ffd06ddbeb06ca752cd0704') in 0.0036579 seconds
Number of updated asset objects reloaded before import = 0Number of asset objects unloaded after import = 1

========================================================================
Received Import Request.
  Time since last request: 0.000091 seconds.
  path: Assets/Prefabs_bullet/Bullet 1.prefab
  artifactKey: Guid(b27066333f90f43068a83008d22fe927) Importer(2089858483,192608db42251d675da83286b1cce702)
Start importing Assets/Prefabs_bullet/Bullet 1.prefab using Guid(b27066333f90f43068a83008d22fe927) Importer(2089858483,192608db42251d675da83286b1cce702) (ScriptedImporter) -> (artifact id: 'ffd14f33fc4b65b25747f69e6af03414') in 0.0153786 seconds
Number of updated asset objects reloaded before import = 0Number of asset objects unloaded after import = 10

========================================================================
Received Import Request.
  Time since last request: 0.000014 seconds.
  path: Assets/Prefabs_bullet/Bullet.prefab
  artifactKey: Guid(9db414ac6cb02b94cbf850576da41501) Importer(2089858483,192608db42251d675da83286b1cce702)
Start importing Assets/Prefabs_bullet/Bullet.prefab using Guid(9db414ac6cb02b94cbf850576da41501) Importer(2089858483,192608db42251d675da83286b1cce702) (ScriptedImporter) -> (artifact id: 'c733f71e6048517c24a6f472a48fab24') in 0.0067172 seconds
Number of updated asset objects reloaded before import = 0Number of asset objects unloaded after import = 10

========================================================================
Received Import Request.
  Time since last request: 0.000011 seconds.
  path: Assets/Material/STARTAN1.png
  artifactKey: Guid(f71e31c61b39e4d4898e3491894afd77) Importer(2089858483,192608db42251d675da83286b1cce702)
Start importing Assets/Material/STARTAN1.png using Guid(f71e31c61b39e4d4898e3491894afd77) Importer(2089858483,192608db42251d675da83286b1cce702) (ScriptedImporter) -> (artifact id: '57960a38320340b54b163f5331e62642') in 0.0062695 seconds
Number of updated asset objects reloaded before import = 0Number of asset objects unloaded after import = 1

========================================================================
Received Import Request.
  Time since last request: 0.000107 seconds.
  path: Assets/Material/STARTAN1_1.png
  artifactKey: Guid(6ce5ec542c56f044ba116ec3af3fce7f) Importer(2089858483,192608db42251d675da83286b1cce702)
Start importing Assets/Material/STARTAN1_1.png using Guid(6ce5ec542c56f044ba116ec3af3fce7f) Importer(2089858483,192608db42251d675da83286b1cce702) (ScriptedImporter) -> (artifact id: 'df693f452c65ea32608335155eb3958d') in 0.0075462 seconds
Number of updated asset objects reloaded before import = 0Number of asset objects unloaded after import = 1

========================================================================
Received Import Request.
  Time since last request: 0.000085 seconds.
  path: Assets/Material/TEKWALL4.png
  artifactKey: Guid(f2dfdc45b949e9146a33890964d740eb) Importer(2089858483,192608db42251d675da83286b1cce702)
Start importing Assets/Material/TEKWALL4.png using Guid(f2dfdc45b949e9146a33890964d740eb) Importer(2089858483,192608db42251d675da83286b1cce702) (ScriptedImporter) -> (artifact id: 'eeeafad0469f5a5cab3dba7caff24dde') in 0.0081477 seconds
Number of updated asset objects reloaded before import = 0Number of asset objects unloaded after import = 1

========================================================================
Received Import Request.
  Time since last request: 0.560545 seconds.
  path: Assets/Scenes/E1M1.unity
  artifactKey: Guid(5b0fcbac5a8d34184ae4cb8bc210de86) Importer(2089858483,192608db42251d675da83286b1cce702)
Start importing Assets/Scenes/E1M1.unity using Guid(5b0fcbac5a8d34184ae4cb8bc210de86) Importer(2089858483,192608db42251d675da83286b1cce702) (ScriptedImporter) -> (artifact id: 'd9f58b7dcf51430b961aa4f00e3b8f9a') in 0.2546453 seconds
Number of updated asset objects reloaded before import = 0Number of asset objects unloaded after import = 1

========================================================================
Received Import Request.
  Time since last request: 0.000082 seconds.
  path: Assets/FIRE_MUZ/WarFX/Mesh/CirclePlane12v.FBX
  artifactKey: Guid(3d152f67f64ca4e4a8b6fd7697f7bf25) Importer(2089858483,192608db42251d675da83286b1cce702)
Start importing Assets/FIRE_MUZ/WarFX/Mesh/CirclePlane12v.FBX using Guid(3d152f67f64ca4e4a8b6fd7697f7bf25) Importer(2089858483,192608db42251d675da83286b1cce702) (ScriptedImporter) -> (artifact id: '82ef3d30b61d3b36d16caa7a03c44659') in 0.0141424 seconds
Number of updated asset objects reloaded before import = 0Number of asset objects unloaded after import = 8

========================================================================
Received Import Request.
  Time since last request: 0.000022 seconds.
  path: Assets/MonsterMutant 7/Animations/MutantMonster2@walk2.fbx
  artifactKey: Guid(073100417d4c0c84295a324ade734c85) Importer(2089858483,192608db42251d675da83286b1cce702)
Start importing Assets/MonsterMutant 7/Animations/MutantMonster2@walk2.fbx using Guid(073100417d4c0c84295a324ade734c85) Importer(2089858483,192608db42251d675da83286b1cce702) (ScriptedImporter) -> (artifact id: '2bfab3e1fab167fc5fc4f5f1e84c0098') in 0.0205356 seconds
Number of updated asset objects reloaded before import = 0Number of asset objects unloaded after import = 369

========================================================================
Received Import Request.
  Time since last request: 0.000026 seconds.
  path: Assets/MonsterMutant 7/Animations/MutantMonster2@gethit1.fbx
  artifactKey: Guid(be93d5210f8f3df459fa596215107c11) Importer(2089858483,192608db42251d675da83286b1cce702)
Start importing Assets/MonsterMutant 7/Animations/MutantMonster2@gethit1.fbx using Guid(be93d5210f8f3df459fa596215107c11) Importer(2089858483,192608db42251d675da83286b1cce702) (ScriptedImporter) -> (artifact id: 'c283276485b45706052c5a2adc7fb383') in 0.0201746 seconds
Number of updated asset objects reloaded before import = 0Number of asset objects unloaded after import = 369

========================================================================
Received Import Request.
  Time since last request: 0.000028 seconds.
  path: Assets/MonsterMutant 7/Animations/MutantMonster2@attack3RSpike.fbx
  artifactKey: Guid(c6e01e3102fbea841a93613dc959eff8) Importer(2089858483,192608db42251d675da83286b1cce702)
Start importing Assets/MonsterMutant 7/Animations/MutantMonster2@attack3RSpike.fbx using Guid(c6e01e3102fbea841a93613dc959eff8) Importer(2089858483,192608db42251d675da83286b1cce702) (ScriptedImporter) -> (artifact id: '5ba7f7cdbe6e00bdd7ad97df9ca28455') in 0.0139819 seconds
Number of updated asset objects reloaded before import = 0Number of asset objects unloaded after import = 369

========================================================================
Received Import Request.
  Time since last request: 0.000028 seconds.
  path: Assets/FIRE_MUZ/WarFX/Shaders/WFX_S AlphaBlend NoSoftParticles.shader
  artifactKey: Guid(1f056903eb75cee4591fce095534ce2e) Importer(2089858483,192608db42251d675da83286b1cce702)
Start importing Assets/FIRE_MUZ/WarFX/Shaders/WFX_S AlphaBlend NoSoftParticles.shader using Guid(1f056903eb75cee4591fce095534ce2e) Importer(2089858483,192608db42251d675da83286b1cce702) (ScriptedImporter) -> (artifact id: '16f81a701d60e0287cd7d79997ad048b') in 0.0093291 seconds
Number of updated asset objects reloaded before import = 0Number of asset objects unloaded after import = 1

========================================================================
Received Import Request.
  Time since last request: 0.000135 seconds.
  path: Assets/FIRE_MUZ/WarFX/Shaders/WFX_S AlphaBlend Scroll.shader
  artifactKey: Guid(09d92980be5e5784abdd803fac1a30e4) Importer(2089858483,192608db42251d675da83286b1cce702)
Start importing Assets/FIRE_MUZ/WarFX/Shaders/WFX_S AlphaBlend Scroll.shader using Guid(09d92980be5e5784abdd803fac1a30e4) Importer(2089858483,192608db42251d675da83286b1cce702) (ScriptedImporter) -> (artifact id: '4f4cdcefb8cba648c6ff612dcfc69d32') in 0.0036508 seconds
Number of updated asset objects reloaded before import = 0Number of asset objects unloaded after import = 1

========================================================================
Received Import Request.
  Time since last request: 0.000118 seconds.
  path: Assets/MonsterMutant 7/Stand/Stand.obj
  artifactKey: Guid(5c6f3e2a1afa77541ba67c898f037aaf) Importer(2089858483,192608db42251d675da83286b1cce702)
Start importing Assets/MonsterMutant 7/Stand/Stand.obj using Guid(5c6f3e2a1afa77541ba67c898f037aaf) Importer(2089858483,192608db42251d675da83286b1cce702) (ScriptedImporter) -> (artifact id: 'ae4eec75a1ef5afadbd8497565cf8633') in 0.0081718 seconds
Number of updated asset objects reloaded before import = 0Number of asset objects unloaded after import = 9

========================================================================
Received Import Request.
  Time since last request: 0.000049 seconds.
  path: Assets/MonsterMutant 7/Animations/MutantMonster2@rage.fbx
  artifactKey: Guid(7d661cbfd98940f4b9a21987a9671dfb) Importer(2089858483,192608db42251d675da83286b1cce702)
Start importing Assets/MonsterMutant 7/Animations/MutantMonster2@rage.fbx using Guid(7d661cbfd98940f4b9a21987a9671dfb) Importer(2089858483,192608db42251d675da83286b1cce702) (ScriptedImporter) -> (artifact id: 'ca419e047ce33efe705b75157952ef83') in 0.0144131 seconds
Number of updated asset objects reloaded before import = 0Number of asset objects unloaded after import = 369

========================================================================
Received Import Request.
  Time since last request: 0.000017 seconds.
  path: Assets/MonsterMutant 7/Animations/MutantMonster2@gethit4.fbx
  artifactKey: Guid(87f10c249a5905840bc08f6efa8b1e15) Importer(2089858483,192608db42251d675da83286b1cce702)
Start importing Assets/MonsterMutant 7/Animations/MutantMonster2@gethit4.fbx using Guid(87f10c249a5905840bc08f6efa8b1e15) Importer(2089858483,192608db42251d675da83286b1cce702) (ScriptedImporter) -> (artifact id: '5970fd353d0241c1131d6af882d57c44') in 0.0142254 seconds
Number of updated asset objects reloaded before import = 0Number of asset objects unloaded after import = 369

========================================================================
Received Import Request.
  Time since last request: 0.000019 seconds.
  path: Assets/TextMesh Pro/Shaders/TMP_Bitmap-Mobile.shader
  artifactKey: Guid(1e3b057af24249748ff873be7fafee47) Importer(2089858483,192608db42251d675da83286b1cce702)
Start importing Assets/TextMesh Pro/Shaders/TMP_Bitmap-Mobile.shader using Guid(1e3b057af24249748ff873be7fafee47) Importer(2089858483,192608db42251d675da83286b1cce702) (ScriptedImporter) -> (artifact id: 'f7024a9db98a5064e4ae510341fb7b4c') in 0.0038269 seconds
Number of updated asset objects reloaded before import = 0Number of asset objects unloaded after import = 1

========================================================================
Received Import Request.
  Time since last request: 0.000090 seconds.
  path: Assets/EnemyRobots/Meshes/Eye/Robot_Eye.FBX
  artifactKey: Guid(31c3069f88e3a7f499ed5be203d80b8c) Importer(2089858483,192608db42251d675da83286b1cce702)
Start importing Assets/EnemyRobots/Meshes/Eye/Robot_Eye.FBX using Guid(31c3069f88e3a7f499ed5be203d80b8c) Importer(2089858483,192608db42251d675da83286b1cce702) (ScriptedImporter) -> (artifact id: 'd6354d2b71a8a2a4193cc3a363a4d0b0') in 0.0137426 seconds
Number of updated asset objects reloaded before import = 0Number of asset objects unloaded after import = 7

========================================================================
Received Import Request.
  Time since last request: 0.000060 seconds.
  path: Assets/TextMesh Pro/Shaders/TMP_SDF-URP Lit.shadergraph
  artifactKey: Guid(a3d800b099a06e0478fb790c5e79057a) Importer(2089858483,192608db42251d675da83286b1cce702)
Start importing Assets/TextMesh Pro/Shaders/TMP_SDF-URP Lit.shadergraph using Guid(a3d800b099a06e0478fb790c5e79057a) Importer(2089858483,192608db42251d675da83286b1cce702) (ScriptedImporter) -> (artifact id: '1087bca641b25c3faaf0b10aab5513fa') in 0.0109273 seconds
Number of updated asset objects reloaded before import = 0Number of asset objects unloaded after import = 3

========================================================================
Received Import Request.
  Time since last request: 0.000039 seconds.
  path: Assets/EnemyRobots/Textures/Eye/Robot_Eye_AlbedoTransparency.png
  artifactKey: Guid(825dc82df91713f48b6f5411ef8a81a6) Importer(2089858483,192608db42251d675da83286b1cce702)
Start importing Assets/EnemyRobots/Textures/Eye/Robot_Eye_AlbedoTransparency.png using Guid(825dc82df91713f48b6f5411ef8a81a6) Importer(2089858483,192608db42251d675da83286b1cce702) (ScriptedImporter) -> (artifact id: '39bc43523906b1b49b9d4517f3fdaa0f') in 0.0131088 seconds
Number of updated asset objects reloaded before import = 0Number of asset objects unloaded after import = 1

========================================================================
Received Import Request.
  Time since last request: 0.000146 seconds.
  path: Assets/MonsterMutant 7/Animations/MutantMonster2@walk4.fbx
  artifactKey: Guid(a540cbd286a8e324685dde3f7a922db6) Importer(2089858483,192608db42251d675da83286b1cce702)
Start importing Assets/MonsterMutant 7/Animations/MutantMonster2@walk4.fbx using Guid(a540cbd286a8e324685dde3f7a922db6) Importer(2089858483,192608db42251d675da83286b1cce702) (ScriptedImporter) -> (artifact id: '89fc0059f6ae3af1cf6e8a4f45e9c2a8') in 0.0229016 seconds
Number of updated asset objects reloaded before import = 0Number of asset objects unloaded after import = 369

========================================================================
Received Import Request.
  Time since last request: 0.000036 seconds.
  path: Assets/FIRE_MUZ/WarFX/Mesh/icosphere.fbx
  artifactKey: Guid(30b0c87680e76604a959637052b5e8ac) Importer(2089858483,192608db42251d675da83286b1cce702)
Start importing Assets/FIRE_MUZ/WarFX/Mesh/icosphere.fbx using Guid(30b0c87680e76604a959637052b5e8ac) Importer(2089858483,192608db42251d675da83286b1cce702) (ScriptedImporter) -> (artifact id: '4b30f86b3ab1e576a8d22ba9f4083136') in 0.0133238 seconds
Number of updated asset objects reloaded before import = 0Number of asset objects unloaded after import = 8

========================================================================
Received Import Request.
  Time since last request: 0.000064 seconds.
  path: Assets/FIRE_MUZ/WarFX/Scripts/CFX_LightIntensityFade.cs
  artifactKey: Guid(c2255468ea97f384a9ebbb13e497e050) Importer(2089858483,192608db42251d675da83286b1cce702)
Start importing Assets/FIRE_MUZ/WarFX/Scripts/CFX_LightIntensityFade.cs using Guid(c2255468ea97f384a9ebbb13e497e050) Importer(2089858483,192608db42251d675da83286b1cce702) (ScriptedImporter) -> (artifact id: '96dcfc61d10f96546f2af6f5a83cd812') in 0.005308 seconds
Number of updated asset objects reloaded before import = 0Number of asset objects unloaded after import = 0

========================================================================
Received Import Request.
  Time since last request: 0.000130 seconds.
  path: Assets/FIRE_MUZ/WarFX/Scripts/CFX_AutoDestructShuriken.cs
  artifactKey: Guid(6fd2e8874f60266498a388d7229a1bac) Importer(2089858483,192608db42251d675da83286b1cce702)
Start importing Assets/FIRE_MUZ/WarFX/Scripts/CFX_AutoDestructShuriken.cs using Guid(6fd2e8874f60266498a388d7229a1bac) Importer(2089858483,192608db42251d675da83286b1cce702) (ScriptedImporter) -> (artifact id: 'f65f014cdd5ad02de1ec77b8229579a9') in 0.0043826 seconds
Number of updated asset objects reloaded before import = 0Number of asset objects unloaded after import = 0

========================================================================
Received Import Request.
  Time since last request: 0.000153 seconds.
  path: Assets/TextMesh Pro/Shaders/TMP_SDF-Surface.shader
  artifactKey: Guid(f7ada0af4f174f0694ca6a487b8f543d) Importer(2089858483,192608db42251d675da83286b1cce702)
Start importing Assets/TextMesh Pro/Shaders/TMP_SDF-Surface.shader using Guid(f7ada0af4f174f0694ca6a487b8f543d) Importer(2089858483,192608db42251d675da83286b1cce702) (ScriptedImporter) -> (artifact id: 'd0b9575adc70a07ca2a9e78bceea1e8c') in 0.0092263 seconds
Number of updated asset objects reloaded before import = 0Number of asset objects unloaded after import = 1

========================================================================
Received Import Request.
  Time since last request: 0.000122 seconds.
  path: Assets/EnemyRobots/Meshes/CannonMachine/CannonBullet.FBX
  artifactKey: Guid(8b8912c9fecf735458c53937e30ad6b0) Importer(2089858483,192608db42251d675da83286b1cce702)
Start importing Assets/EnemyRobots/Meshes/CannonMachine/CannonBullet.FBX using Guid(8b8912c9fecf735458c53937e30ad6b0) Importer(2089858483,192608db42251d675da83286b1cce702) (ScriptedImporter) -> (artifact id: 'c20815a6af27fd4a10edce413d3bc178') in 0.013213 seconds
Number of updated asset objects reloaded before import = 0Number of asset objects unloaded after import = 7

========================================================================
Received Import Request.
  Time since last request: 0.000087 seconds.
  path: Assets/MonsterMutant 7/Animations/MutantMonster2@attack3.fbx
  artifactKey: Guid(430663b558d1d8445aca7f868fd8f51a) Importer(2089858483,192608db42251d675da83286b1cce702)
Start importing Assets/MonsterMutant 7/Animations/MutantMonster2@attack3.fbx using Guid(430663b558d1d8445aca7f868fd8f51a) Importer(2089858483,192608db42251d675da83286b1cce702) (ScriptedImporter) -> (artifact id: '3ce3941bc1fcc94b66368c4ea671dd46') in 0.0189933 seconds
Number of updated asset objects reloaded before import = 0Number of asset objects unloaded after import = 369

========================================================================
Received Import Request.
  Time since last request: 0.000021 seconds.
  path: Assets/Tree_Textures/normal_specular.png
  artifactKey: Guid(9a5bf0e756c4f4c4aa4d38d0b084f1f9) Importer(2089858483,192608db42251d675da83286b1cce702)
Start importing Assets/Tree_Textures/normal_specular.png using Guid(9a5bf0e756c4f4c4aa4d38d0b084f1f9) Importer(2089858483,192608db42251d675da83286b1cce702) (ScriptedImporter) -> (artifact id: '3ba6b731c738c2bcbcb22a2cfb83db61') in 0.0202295 seconds
Number of updated asset objects reloaded before import = 0Number of asset objects unloaded after import = 1

========================================================================
Received Import Request.
  Time since last request: 0.000101 seconds.
  path: Assets/Prop/Pickups_Custom/Base mesh MonsterMutant7 skin1 (2).prefab
  artifactKey: Guid(347db4988e8dd47bcb49751f2e3b569f) Importer(2089858483,192608db42251d675da83286b1cce702)
Start importing Assets/Prop/Pickups_Custom/Base mesh MonsterMutant7 skin1 (2).prefab using Guid(347db4988e8dd47bcb49751f2e3b569f) Importer(2089858483,192608db42251d675da83286b1cce702) (ScriptedImporter) -> (artifact id: '77aa3a76896859a12028fd362d5bcccf') in 0.2335775 seconds
Number of updated asset objects reloaded before import = 0Number of asset objects unloaded after import = 467

========================================================================
Received Import Request.
  Time since last request: 0.000020 seconds.
  path: Assets/MonsterMutant 7/Base mesh/Base mesh MonsterMutant7.fbx
  artifactKey: Guid(e1af740f30dfdb14a9cbcc62f6e78120) Importer(2089858483,192608db42251d675da83286b1cce702)
Start importing Assets/MonsterMutant 7/Base mesh/Base mesh MonsterMutant7.fbx using Guid(e1af740f30dfdb14a9cbcc62f6e78120) Importer(2089858483,192608db42251d675da83286b1cce702) (ScriptedImporter) -> (artifact id: '6d7769714c37bc32bf7d547ab9e74c80') in 0.0160781 seconds
Number of updated asset objects reloaded before import = 0Number of asset objects unloaded after import = 394

========================================================================
Received Import Request.
  Time since last request: 0.000023 seconds.
  path: Assets/TextMesh Pro/Shaders/TMP_SDF Overlay.shader
  artifactKey: Guid(dd89cf5b9246416f84610a006f916af7) Importer(2089858483,192608db42251d675da83286b1cce702)
Start importing Assets/TextMesh Pro/Shaders/TMP_SDF Overlay.shader using Guid(dd89cf5b9246416f84610a006f916af7) Importer(2089858483,192608db42251d675da83286b1cce702) (ScriptedImporter) -> (artifact id: '9467dd8e6e52ba5c328673ba1211c67a') in 0.004241 seconds
Number of updated asset objects reloaded before import = 0Number of asset objects unloaded after import = 1

========================================================================
Received Import Request.
  Time since last request: 0.000148 seconds.
  path: Assets/Tree_Textures/shadow.png
  artifactKey: Guid(0b9bb10a3f86a495c8c3eded828d193d) Importer(2089858483,192608db42251d675da83286b1cce702)
Start importing Assets/Tree_Textures/shadow.png using Guid(0b9bb10a3f86a495c8c3eded828d193d) Importer(2089858483,192608db42251d675da83286b1cce702) (ScriptedImporter) -> (artifact id: '79063cc01c8873a33371e87eb72596f2') in 0.0092143 seconds
Number of updated asset objects reloaded before import = 0Number of asset objects unloaded after import = 1

========================================================================
Received Import Request.
  Time since last request: 0.000072 seconds.
  path: Assets/TextMesh Pro/Resources/LineBreaking Following Characters.txt
  artifactKey: Guid(fade42e8bc714b018fac513c043d323b) Importer(2089858483,192608db42251d675da83286b1cce702)
Start importing Assets/TextMesh Pro/Resources/LineBreaking Following Characters.txt using Guid(fade42e8bc714b018fac513c043d323b) Importer(2089858483,192608db42251d675da83286b1cce702) (ScriptedImporter) -> (artifact id: 'd2a8dba02ef5a9421da68f117c6be7ad') in 0.0028481 seconds
Number of updated asset objects reloaded before import = 0Number of asset objects unloaded after import = 1

========================================================================
Received Import Request.
  Time since last request: 0.000210 seconds.
  path: Assets/MonsterMutant 7/Animations/MutantMonster2@death4.fbx
  artifactKey: Guid(9c031f5d85c521f48b912b4b7d268c7a) Importer(2089858483,192608db42251d675da83286b1cce702)
Start importing Assets/MonsterMutant 7/Animations/MutantMonster2@death4.fbx using Guid(9c031f5d85c521f48b912b4b7d268c7a) Importer(2089858483,192608db42251d675da83286b1cce702) (ScriptedImporter) -> (artifact id: 'aeab0cb3c300a52aa06ef9ef61aed7fa') in 0.01929 seconds
Number of updated asset objects reloaded before import = 0Number of asset objects unloaded after import = 369

========================================================================
Received Import Request.
  Time since last request: 0.000014 seconds.
  path: Assets/MonsterMutant 7/Animations/MutantMonster2@walkback.fbx
  artifactKey: Guid(27a7ca4bd7fbbf642834bfd73a017a78) Importer(2089858483,192608db42251d675da83286b1cce702)
Start importing Assets/MonsterMutant 7/Animations/MutantMonster2@walkback.fbx using Guid(27a7ca4bd7fbbf642834bfd73a017a78) Importer(2089858483,192608db42251d675da83286b1cce702) (ScriptedImporter) -> (artifact id: '06f2a7eaeb9baee85f8921a531a69316') in 0.0143144 seconds
Number of updated asset objects reloaded before import = 0Number of asset objects unloaded after import = 369

========================================================================
Received Import Request.
  Time since last request: 0.000019 seconds.
  path: Assets/MonsterMutant 7/Animations/MutantMonster2@attack1.fbx
  artifactKey: Guid(f79914c57a551874ea2cd694cfc58c72) Importer(2089858483,192608db42251d675da83286b1cce702)
Start importing Assets/MonsterMutant 7/Animations/MutantMonster2@attack1.fbx using Guid(f79914c57a551874ea2cd694cfc58c72) Importer(2089858483,192608db42251d675da83286b1cce702) (ScriptedImporter) -> (artifact id: 'd8a70c6c418cce6344c189e9bd34cd63') in 0.0163272 seconds
Number of updated asset objects reloaded before import = 0Number of asset objects unloaded after import = 369

========================================================================
Received Import Request.
  Time since last request: 0.000014 seconds.
  path: Assets/MonsterMutant 7/Animations/MutantMonster2@attack5LSpike.fbx
  artifactKey: Guid(b1bfc64a3cdd5ca4e9f924bfc9028c31) Importer(2089858483,192608db42251d675da83286b1cce702)
Start importing Assets/MonsterMutant 7/Animations/MutantMonster2@attack5LSpike.fbx using Guid(b1bfc64a3cdd5ca4e9f924bfc9028c31) Importer(2089858483,192608db42251d675da83286b1cce702) (ScriptedImporter) -> (artifact id: '9846f05621f49e5f29097cf243d2a325') in 0.0156012 seconds
Number of updated asset objects reloaded before import = 0Number of asset objects unloaded after import = 369

========================================================================
Received Import Request.
  Time since last request: 0.000014 seconds.
  path: Assets/MonsterMutant 7/Animations/MutantMonster2@run1.fbx
  artifactKey: Guid(8e15e99fbaa2efe469d00f7c9a7aeac0) Importer(2089858483,192608db42251d675da83286b1cce702)
Start importing Assets/MonsterMutant 7/Animations/MutantMonster2@run1.fbx using Guid(8e15e99fbaa2efe469d00f7c9a7aeac0) Importer(2089858483,192608db42251d675da83286b1cce702) (ScriptedImporter) -> (artifact id: '840c7c2bf8f3ca7451eaa7c7c98db1a3') in 0.0150289 seconds
Number of updated asset objects reloaded before import = 0Number of asset objects unloaded after import = 369

========================================================================
Received Import Request.
  Time since last request: 0.000015 seconds.
  path: Assets/TextMesh Pro/Shaders/TMP_SDF.shader
  artifactKey: Guid(68e6db2ebdc24f95958faec2be5558d6) Importer(2089858483,192608db42251d675da83286b1cce702)
Start importing Assets/TextMesh Pro/Shaders/TMP_SDF.shader using Guid(68e6db2ebdc24f95958faec2be5558d6) Importer(2089858483,192608db42251d675da83286b1cce702) (ScriptedImporter) -> (artifact id: '22f0cec1292e79a33586d4fdaefef886') in 0.0064038 seconds
Number of updated asset objects reloaded before import = 0Number of asset objects unloaded after import = 1

========================================================================
Received Import Request.
  Time since last request: 0.000122 seconds.
  path: Assets/TextMesh Pro/Resources/LineBreaking Leading Characters.txt
  artifactKey: Guid(d82c1b31c7e74239bff1220585707d2b) Importer(2089858483,192608db42251d675da83286b1cce702)
Start importing Assets/TextMesh Pro/Resources/LineBreaking Leading Characters.txt using Guid(d82c1b31c7e74239bff1220585707d2b) Importer(2089858483,192608db42251d675da83286b1cce702) (ScriptedImporter) -> (artifact id: '3cc271f7ea74ad81841b4213eb466800') in 0.002797 seconds
Number of updated asset objects reloaded before import = 0Number of asset objects unloaded after import = 1

========================================================================
Received Import Request.
  Time since last request: 0.000094 seconds.
  path: Assets/TextMesh Pro/Shaders/TMP_SDF-Mobile Overlay.shader
  artifactKey: Guid(a02a7d8c237544f1962732b55a9aebf1) Importer(2089858483,192608db42251d675da83286b1cce702)
Start importing Assets/TextMesh Pro/Shaders/TMP_SDF-Mobile Overlay.shader using Guid(a02a7d8c237544f1962732b55a9aebf1) Importer(2089858483,192608db42251d675da83286b1cce702) (ScriptedImporter) -> (artifact id: 'd46d03fa5fcac4d6de5cc84b352de135') in 0.0043724 seconds
Number of updated asset objects reloaded before import = 0Number of asset objects unloaded after import = 1

========================================================================
Received Import Request.
  Time since last request: 0.000103 seconds.
  path: Assets/FIRE_MUZ/Cartoon FX Easy Editor/CartoonFX Easy Editor Readme.txt
  artifactKey: Guid(459d1fc7f02e45a45806af5efd38b025) Importer(2089858483,192608db42251d675da83286b1cce702)
Start importing Assets/FIRE_MUZ/Cartoon FX Easy Editor/CartoonFX Easy Editor Readme.txt using Guid(459d1fc7f02e45a45806af5efd38b025) Importer(2089858483,192608db42251d675da83286b1cce702) (ScriptedImporter) -> (artifact id: 'df80cc38e5c6c75142b54ed9af457e52') in 0.0046347 seconds
Number of updated asset objects reloaded before import = 0Number of asset objects unloaded after import = 1

========================================================================
Received Import Request.
  Time since last request: 0.000226 seconds.
  path: Assets/FIRE_MUZ/WarFX/Scripts/WFX_BulletHoleDecal.cs
  artifactKey: Guid(395f3a2ded34a634fbd77ee83f9939a7) Importer(2089858483,192608db42251d675da83286b1cce702)
Start importing Assets/FIRE_MUZ/WarFX/Scripts/WFX_BulletHoleDecal.cs using Guid(395f3a2ded34a634fbd77ee83f9939a7) Importer(2089858483,192608db42251d675da83286b1cce702) (ScriptedImporter) -> (artifact id: '3d4664e20248b7feac90d72f3f8aca3b') in 0.0028531 seconds
Number of updated asset objects reloaded before import = 0Number of asset objects unloaded after import = 0

========================================================================
Received Import Request.
  Time since last request: 0.000151 seconds.
  path: Assets/Tree_Textures/diffuse.png
  artifactKey: Guid(c39f9f23d1fea4f30a2311a02f0a6e06) Importer(2089858483,192608db42251d675da83286b1cce702)
Start importing Assets/Tree_Textures/diffuse.png using Guid(c39f9f23d1fea4f30a2311a02f0a6e06) Importer(2089858483,192608db42251d675da83286b1cce702) (ScriptedImporter) -> (artifact id: 'bababc08cab7e2631a5820a4762e8eeb') in 0.0133672 seconds
Number of updated asset objects reloaded before import = 0Number of asset objects unloaded after import = 1

========================================================================
Received Import Request.
  Time since last request: 0.000123 seconds.
  path: Assets/MonsterMutant 7/Prefab/Base mesh MonsterMutant7 skin2.prefab
  artifactKey: Guid(6ec18304030011c47aaa07296ea319e0) Importer(2089858483,192608db42251d675da83286b1cce702)
Start importing Assets/MonsterMutant 7/Prefab/Base mesh MonsterMutant7 skin2.prefab using Guid(6ec18304030011c47aaa07296ea319e0) Importer(2089858483,192608db42251d675da83286b1cce702) (ScriptedImporter) -> (artifact id: '92034bdf9009fafb59fb4d437d05e0e2') in 0.0771659 seconds
Number of updated asset objects reloaded before import = 0Number of asset objects unloaded after import = 500

========================================================================
Received Import Request.
  Time since last request: 0.000028 seconds.
  path: Assets/Map/doom-classic-first-level-e1m1/textures/FLOOR7_1.png
  artifactKey: Guid(3dc635b1bc5664dd48a4af5d32b2fbd8) Importer(2089858483,192608db42251d675da83286b1cce702)
Start importing Assets/Map/doom-classic-first-level-e1m1/textures/FLOOR7_1.png using Guid(3dc635b1bc5664dd48a4af5d32b2fbd8) Importer(2089858483,192608db42251d675da83286b1cce702) (ScriptedImporter) -> (artifact id: '4ac6c2a5bd315f13fcd1e4a91578bea0') in 0.0096362 seconds
Number of updated asset objects reloaded before import = 0Number of asset objects unloaded after import = 1

========================================================================
Received Import Request.
  Time since last request: 0.000232 seconds.
  path: Assets/TextMesh Pro/Resources/Fonts & Materials/LiberationSans SDF - Fallback.asset
  artifactKey: Guid(2e498d1c8094910479dc3e1b768306a4) Importer(2089858483,192608db42251d675da83286b1cce702)
Start importing Assets/TextMesh Pro/Resources/Fonts & Materials/LiberationSans SDF - Fallback.asset using Guid(2e498d1c8094910479dc3e1b768306a4) Importer(2089858483,192608db42251d675da83286b1cce702) (ScriptedImporter) -> (artifact id: '99498594b7a18f554090a8deafc97d52') in 0.0346356 seconds
Number of updated asset objects reloaded before import = 0Number of asset objects unloaded after import = 5

========================================================================
Received Import Request.
  Time since last request: 0.000013 seconds.
  path: Assets/MonsterMutant 7/Texture/textures skin3 body v2/3_Emission2.tga
  artifactKey: Guid(badf781cff247af47a5b3321bb05a105) Importer(2089858483,192608db42251d675da83286b1cce702)
Start importing Assets/MonsterMutant 7/Texture/textures skin3 body v2/3_Emission2.tga using Guid(badf781cff247af47a5b3321bb05a105) Importer(2089858483,192608db42251d675da83286b1cce702) (ScriptedImporter) -> (artifact id: '8c9d289dda249e7f1c99b17e0d1e72cb') in 0.0214956 seconds
Number of updated asset objects reloaded before import = 0Number of asset objects unloaded after import = 1

========================================================================
Received Import Request.
  Time since last request: 0.000220 seconds.
  path: Assets/Prop/Medkit/Textures/firstaid_AO.tga
  artifactKey: Guid(a4dc5f3cee9799d44a73b0c94f2c1203) Importer(2089858483,192608db42251d675da83286b1cce702)
Start importing Assets/Prop/Medkit/Textures/firstaid_AO.tga using Guid(a4dc5f3cee9799d44a73b0c94f2c1203) Importer(2089858483,192608db42251d675da83286b1cce702) (ScriptedImporter) -> (artifact id: 'e59f8049c149340dad26a0fc8285573a') in 0.0133542 seconds
Number of updated asset objects reloaded before import = 0Number of asset objects unloaded after import = 1

========================================================================
Received Import Request.
  Time since last request: 0.000070 seconds.
  path: Assets/Map/doom-classic-first-level-e1m1/textures/STEP2.png
  artifactKey: Guid(13134e348854b42a5ac5cef6629e0cd7) Importer(2089858483,192608db42251d675da83286b1cce702)
Start importing Assets/Map/doom-classic-first-level-e1m1/textures/STEP2.png using Guid(13134e348854b42a5ac5cef6629e0cd7) Importer(2089858483,192608db42251d675da83286b1cce702) (ScriptedImporter) -> (artifact id: 'd8495553e7b90310bd449f7a1b8d0fd1') in 0.0069284 seconds
Number of updated asset objects reloaded before import = 0Number of asset objects unloaded after import = 1

========================================================================
Received Import Request.
  Time since last request: 0.000087 seconds.
  path: Assets/Map/doom-classic-first-level-e1m1/textures/FLOOR5_1.png
  artifactKey: Guid(063dea864426c478cbbbf11712e33138) Importer(2089858483,192608db42251d675da83286b1cce702)
Start importing Assets/Map/doom-classic-first-level-e1m1/textures/FLOOR5_1.png using Guid(063dea864426c478cbbbf11712e33138) Importer(2089858483,192608db42251d675da83286b1cce702) (ScriptedImporter) -> (artifact id: '0ed0f535f6f0a070aa408b3fc62aeca4') in 0.0120381 seconds
Number of updated asset objects reloaded before import = 0Number of asset objects unloaded after import = 1

========================================================================
Received Import Request.
  Time since last request: 0.000056 seconds.
  path: Assets/Map/doom-classic-first-level-e1m1/textures/TLITE6_5.png
  artifactKey: Guid(dbafee06a05b54e229827b8180c5f1ff) Importer(2089858483,192608db42251d675da83286b1cce702)
Start importing Assets/Map/doom-classic-first-level-e1m1/textures/TLITE6_5.png using Guid(dbafee06a05b54e229827b8180c5f1ff) Importer(2089858483,192608db42251d675da83286b1cce702) (ScriptedImporter) -> (artifact id: '82e53995e5ab510470bd74ae309fadc4') in 0.011029 seconds
Number of updated asset objects reloaded before import = 0Number of asset objects unloaded after import = 1

========================================================================
Received Import Request.
  Time since last request: 0.000065 seconds.
  path: Assets/EnemyRobots/Materials/MachineGunRobot/Particles/Laser.mat
  artifactKey: Guid(8eeb15e173e017d4c858987b2134ffcf) Importer(2089858483,192608db42251d675da83286b1cce702)
Start importing Assets/EnemyRobots/Materials/MachineGunRobot/Particles/Laser.mat using Guid(8eeb15e173e017d4c858987b2134ffcf) Importer(2089858483,192608db42251d675da83286b1cce702) (ScriptedImporter) -> (artifact id: '2ce90e2d1ef172995f4edcf4af316cb0') in 0.0065951 seconds
Number of updated asset objects reloaded before import = 0Number of asset objects unloaded after import = 2

========================================================================
Received Import Request.
  Time since last request: 0.000020 seconds.
  path: Assets/Map/doom-classic-first-level-e1m1/textures/FLAT14.png
  artifactKey: Guid(50766c5f7ac2946ad9c997f860484a66) Importer(2089858483,192608db42251d675da83286b1cce702)
Start importing Assets/Map/doom-classic-first-level-e1m1/textures/FLAT14.png using Guid(50766c5f7ac2946ad9c997f860484a66) Importer(2089858483,192608db42251d675da83286b1cce702) (ScriptedImporter) -> (artifact id: '17aabf488620852bd8af8741558d0866') in 0.0073022 seconds
Number of updated asset objects reloaded before import = 0Number of asset objects unloaded after import = 1

========================================================================
Received Import Request.
  Time since last request: 0.000104 seconds.
  path: Assets/Prop/Medkit/Models/Firstaid.fbx
  artifactKey: Guid(687f9559644557d4ba5b955087ff2032) Importer(2089858483,192608db42251d675da83286b1cce702)
Start importing Assets/Prop/Medkit/Models/Firstaid.fbx using Guid(687f9559644557d4ba5b955087ff2032) Importer(2089858483,192608db42251d675da83286b1cce702) (ScriptedImporter) -> (artifact id: '8aa6dc53aad1c9b0fdd26f77791ca174') in 0.0095545 seconds
Number of updated asset objects reloaded before import = 0Number of asset objects unloaded after import = 8

========================================================================
Received Import Request.
  Time since last request: 0.000019 seconds.
  path: Assets/Map/doom-classic-first-level-e1m1/textures/BROWN1.png
  artifactKey: Guid(162be0cadfcab4699a542a0ffc991653) Importer(2089858483,192608db42251d675da83286b1cce702)
Start importing Assets/Map/doom-classic-first-level-e1m1/textures/BROWN1.png using Guid(162be0cadfcab4699a542a0ffc991653) Importer(2089858483,192608db42251d675da83286b1cce702) (ScriptedImporter) -> (artifact id: 'd560edb9cb7c74cda0c01a948d30be7c') in 0.01318 seconds
Number of updated asset objects reloaded before import = 0Number of asset objects unloaded after import = 1

========================================================================
Received Import Request.
  Time since last request: 0.000082 seconds.
  path: Assets/EnemyRobots/Textures/CannonMachine/Bullet/CannonBullet_BaseColor.png
  artifactKey: Guid(93d75c9aa14fe3b4e864d08a24864b47) Importer(2089858483,192608db42251d675da83286b1cce702)
Start importing Assets/EnemyRobots/Textures/CannonMachine/Bullet/CannonBullet_BaseColor.png using Guid(93d75c9aa14fe3b4e864d08a24864b47) Importer(2089858483,192608db42251d675da83286b1cce702) (ScriptedImporter) -> (artifact id: '2f71b7649aa72608010d5578550ef15d') in 0.0119155 seconds
Number of updated asset objects reloaded before import = 0Number of asset objects unloaded after import = 1

========================================================================
Received Import Request.
  Time since last request: 0.000072 seconds.
  path: Assets/EnemyRobots/Materials/MachineGunRobot/Particles/FireParticle.mat
  artifactKey: Guid(d2f49958896edf44ebd937e9a6fa4cdc) Importer(2089858483,192608db42251d675da83286b1cce702)
Start importing Assets/EnemyRobots/Materials/MachineGunRobot/Particles/FireParticle.mat using Guid(d2f49958896edf44ebd937e9a6fa4cdc) Importer(2089858483,192608db42251d675da83286b1cce702) (ScriptedImporter) -> (artifact id: 'c82f3d2a58591743054791e9c88c6f81') in 0.0060233 seconds
Number of updated asset objects reloaded before import = 0Number of asset objects unloaded after import = 2

========================================================================
Received Import Request.
  Time since last request: 0.000086 seconds.
  path: Assets/Prop/Medkit/Textures/firstaid_2_Color.tga
  artifactKey: Guid(8f25186886237f64990611a026925381) Importer(2089858483,192608db42251d675da83286b1cce702)
Start importing Assets/Prop/Medkit/Textures/firstaid_2_Color.tga using Guid(8f25186886237f64990611a026925381) Importer(2089858483,192608db42251d675da83286b1cce702) (ScriptedImporter) -> (artifact id: '09f30f197a534bd7afafbbe450e8b168') in 0.016052 seconds
Number of updated asset objects reloaded before import = 0Number of asset objects unloaded after import = 1

========================================================================
Received Import Request.
  Time since last request: 0.000042 seconds.
  path: Assets/EnemyRobots/Materials/CannonMachine/Particles/SmokeParticle.mat
  artifactKey: Guid(4f0077caf53021a45ac23e48be8a0caf) Importer(2089858483,192608db42251d675da83286b1cce702)
Start importing Assets/EnemyRobots/Materials/CannonMachine/Particles/SmokeParticle.mat using Guid(4f0077caf53021a45ac23e48be8a0caf) Importer(2089858483,192608db42251d675da83286b1cce702) (ScriptedImporter) -> (artifact id: 'b5ebcf7da50f6fcd3a46bafa6de90856') in 0.0054629 seconds
Number of updated asset objects reloaded before import = 0Number of asset objects unloaded after import = 2

========================================================================
Received Import Request.
  Time since last request: 0.000071 seconds.
  path: Assets/FIRE_MUZ/WarFX/Shaders/WFX_S Particle Multiply A8.shader
  artifactKey: Guid(27aa926a717dbfe44b4b79e7d91fa71d) Importer(2089858483,192608db42251d675da83286b1cce702)
Start importing Assets/FIRE_MUZ/WarFX/Shaders/WFX_S Particle Multiply A8.shader using Guid(27aa926a717dbfe44b4b79e7d91fa71d) Importer(2089858483,192608db42251d675da83286b1cce702) (ScriptedImporter) -> (artifact id: '00ff625eafe34e0a7037e19ee94a92a9') in 0.0050083 seconds
Number of updated asset objects reloaded before import = 0Number of asset objects unloaded after import = 1

========================================================================
Received Import Request.
  Time since last request: 0.000154 seconds.
  path: Assets/EnemyRobots/Materials/CannonMachine/Particles/MuzzleFlash.mat
  artifactKey: Guid(fed665eb592f66c4c8ab674d70185458) Importer(2089858483,192608db42251d675da83286b1cce702)
Start importing Assets/EnemyRobots/Materials/CannonMachine/Particles/MuzzleFlash.mat using Guid(fed665eb592f66c4c8ab674d70185458) Importer(2089858483,192608db42251d675da83286b1cce702) (ScriptedImporter) -> (artifact id: 'cbaed464c9f9056269f688dcbcdddd06') in 0.0065558 seconds
Number of updated asset objects reloaded before import = 0Number of asset objects unloaded after import = 2

========================================================================
Received Import Request.
  Time since last request: 0.000015 seconds.
  path: Assets/Map/doom-classic-first-level-e1m1/textures/STEP6.png
  artifactKey: Guid(a4545718037e840b78858e2b84c7a1fd) Importer(2089858483,192608db42251d675da83286b1cce702)
Start importing Assets/Map/doom-classic-first-level-e1m1/textures/STEP6.png using Guid(a4545718037e840b78858e2b84c7a1fd) Importer(2089858483,192608db42251d675da83286b1cce702) (ScriptedImporter) -> (artifact id: '2ada5e7acf9fbe6d35aeb3f68bfa75d1') in 0.0140407 seconds
Number of updated asset objects reloaded before import = 0Number of asset objects unloaded after import = 1

========================================================================
Received Import Request.
  Time since last request: 0.000150 seconds.
  path: Assets/Map/doom-classic-first-level-e1m1/textures/DOORTRAK.png
  artifactKey: Guid(2416f995975e24bb9aaac13049431dd9) Importer(2089858483,192608db42251d675da83286b1cce702)
Start importing Assets/Map/doom-classic-first-level-e1m1/textures/DOORTRAK.png using Guid(2416f995975e24bb9aaac13049431dd9) Importer(2089858483,192608db42251d675da83286b1cce702) (ScriptedImporter) -> (artifact id: 'bd1be89d45e2ec33d8bcaad45a976c1b') in 0.0099089 seconds
Number of updated asset objects reloaded before import = 0Number of asset objects unloaded after import = 1

========================================================================
Received Import Request.
  Time since last request: 0.000126 seconds.
  path: Assets/FIRE_MUZ/WarFX/Shaders/WFX_S Particle AddSoft A8.shader
  artifactKey: Guid(7da55032bc1723749a4a351ea0d98969) Importer(2089858483,192608db42251d675da83286b1cce702)
Start importing Assets/FIRE_MUZ/WarFX/Shaders/WFX_S Particle AddSoft A8.shader using Guid(7da55032bc1723749a4a351ea0d98969) Importer(2089858483,192608db42251d675da83286b1cce702) (ScriptedImporter) -> (artifact id: '024b3e9a5ce14df8c9ccaca59321f9ac') in 0.010398 seconds
Number of updated asset objects reloaded before import = 0Number of asset objects unloaded after import = 1

========================================================================
Received Import Request.
  Time since last request: 0.000153 seconds.
  path: Assets/Map/doom-classic-first-level-e1m1/textures/FLAT20.png
  artifactKey: Guid(51958c5aac9d541159c38f58a2319bd4) Importer(2089858483,192608db42251d675da83286b1cce702)
Start importing Assets/Map/doom-classic-first-level-e1m1/textures/FLAT20.png using Guid(51958c5aac9d541159c38f58a2319bd4) Importer(2089858483,192608db42251d675da83286b1cce702) (ScriptedImporter) -> (artifact id: 'c43129951d02cfc234aaf193081244ea') in 0.0085154 seconds
Number of updated asset objects reloaded before import = 0Number of asset objects unloaded after import = 1

========================================================================
Received Import Request.
  Time since last request: 0.000059 seconds.
  path: Assets/XRI/Settings/Resources/XRDeviceSimulatorSettings.asset
  artifactKey: Guid(c7e1932554add4d45b8bd095198605ff) Importer(2089858483,192608db42251d675da83286b1cce702)
Start importing Assets/XRI/Settings/Resources/XRDeviceSimulatorSettings.asset using Guid(c7e1932554add4d45b8bd095198605ff) Importer(2089858483,192608db42251d675da83286b1cce702) (ScriptedImporter) -> (artifact id: '7cb11c1c72ef69ba192300f1090728b3') in 0.0149432 seconds
Number of updated asset objects reloaded before import = 0Number of asset objects unloaded after import = 1

========================================================================
Received Import Request.
  Time since last request: 0.000129 seconds.
  path: Assets/Map/doom-classic-first-level-e1m1/textures/F_SKY1.png
  artifactKey: Guid(0e2f47ffcf3894d4ab8f12350942f021) Importer(2089858483,192608db42251d675da83286b1cce702)
Start importing Assets/Map/doom-classic-first-level-e1m1/textures/F_SKY1.png using Guid(0e2f47ffcf3894d4ab8f12350942f021) Importer(2089858483,192608db42251d675da83286b1cce702) (ScriptedImporter) -> (artifact id: '843cf6c7c13925176706bb5a02f9db84') in 0.0092903 seconds
Number of updated asset objects reloaded before import = 0Number of asset objects unloaded after import = 1

========================================================================
Received Import Request.
  Time since last request: 0.000057 seconds.
  path: Assets/Map/doom-classic-first-level-e1m1/textures/COMPSPAN.png
  artifactKey: Guid(af371dcb881c6452ba28f21e1a96b091) Importer(2089858483,192608db42251d675da83286b1cce702)
Start importing Assets/Map/doom-classic-first-level-e1m1/textures/COMPSPAN.png using Guid(af371dcb881c6452ba28f21e1a96b091) Importer(2089858483,192608db42251d675da83286b1cce702) (ScriptedImporter) -> (artifact id: 'e6224cc6601ef0aba66246d57c713efb') in 0.0087129 seconds
Number of updated asset objects reloaded before import = 0Number of asset objects unloaded after import = 1

========================================================================
Received Import Request.
  Time since last request: 0.000114 seconds.
  path: Assets/TextMesh Pro/Shaders/TMP_Bitmap-Custom-Atlas.shader
  artifactKey: Guid(48bb5f55d8670e349b6e614913f9d910) Importer(2089858483,192608db42251d675da83286b1cce702)
Start importing Assets/TextMesh Pro/Shaders/TMP_Bitmap-Custom-Atlas.shader using Guid(48bb5f55d8670e349b6e614913f9d910) Importer(2089858483,192608db42251d675da83286b1cce702) (ScriptedImporter) -> (artifact id: '17d316e402b638ba080a80c86e4dce20') in 0.0047468 seconds
Number of updated asset objects reloaded before import = 0Number of asset objects unloaded after import = 1

========================================================================
Received Import Request.
  Time since last request: 0.000109 seconds.
  path: Assets/Prop/AmmoBox/AmmoBoxSettings.lighting
  artifactKey: Guid(657cdac7522074a6bb2d8999fae84760) Importer(2089858483,192608db42251d675da83286b1cce702)
Start importing Assets/Prop/AmmoBox/AmmoBoxSettings.lighting using Guid(657cdac7522074a6bb2d8999fae84760) Importer(2089858483,192608db42251d675da83286b1cce702) (ScriptedImporter)LightingSettings: switching bake backend from 1 to 2.
 -> (artifact id: 'd50128fdc6589056341c89e2c26a7904') in 0.0108804 seconds
Number of updated asset objects reloaded before import = 0Number of asset objects unloaded after import = 1

========================================================================
Received Import Request.
  Time since last request: 0.000084 seconds.
  path: Assets/Map/doom-classic-first-level-e1m1/Materials/TEKWALL1.mat
  artifactKey: Guid(a7dc89210b6d29742ac82412387010c7) Importer(2089858483,192608db42251d675da83286b1cce702)
Start importing Assets/Map/doom-classic-first-level-e1m1/Materials/TEKWALL1.mat using Guid(a7dc89210b6d29742ac82412387010c7) Importer(2089858483,192608db42251d675da83286b1cce702) (ScriptedImporter) -> (artifact id: '2cf65f90ad265c02990e5674409679a5') in 0.004624 seconds
Number of updated asset objects reloaded before import = 0Number of asset objects unloaded after import = 2

========================================================================
Received Import Request.
  Time since last request: 0.000015 seconds.
  path: Assets/Map/doom-classic-first-level-e1m1/Materials/STARTAN3.mat
  artifactKey: Guid(22b7141ddad8ff249b09076e5a9f23cc) Importer(2089858483,192608db42251d675da83286b1cce702)
Start importing Assets/Map/doom-classic-first-level-e1m1/Materials/STARTAN3.mat using Guid(22b7141ddad8ff249b09076e5a9f23cc) Importer(2089858483,192608db42251d675da83286b1cce702) (ScriptedImporter) -> (artifact id: 'e0fd7c81cc72bc0ffd7b4638ede6036b') in 0.00596 seconds
Number of updated asset objects reloaded before import = 0Number of asset objects unloaded after import = 2

========================================================================
Received Import Request.
  Time since last request: 0.000021 seconds.
  path: Assets/EnemyRobots/Materials/CannonMachine/CannonMachine/CannonMachine_Bullet.mat
  artifactKey: Guid(0a3053a1412c5ff4e98eadd7f5070a38) Importer(2089858483,192608db42251d675da83286b1cce702)
Start importing Assets/EnemyRobots/Materials/CannonMachine/CannonMachine/CannonMachine_Bullet.mat using Guid(0a3053a1412c5ff4e98eadd7f5070a38) Importer(2089858483,192608db42251d675da83286b1cce702) (ScriptedImporter) -> (artifact id: '3e9dd3336f4f8a45e32740b45500b06c') in 0.0402263 seconds
Number of updated asset objects reloaded before import = 0Number of asset objects unloaded after import = 5

========================================================================
Received Import Request.
  Time since last request: 0.000018 seconds.
  path: Assets/Map/doom-classic-first-level-e1m1/textures/FLAT18.png
  artifactKey: Guid(a9ea8344ce6794bf4977f4068293bda2) Importer(2089858483,192608db42251d675da83286b1cce702)
Start importing Assets/Map/doom-classic-first-level-e1m1/textures/FLAT18.png using Guid(a9ea8344ce6794bf4977f4068293bda2) Importer(2089858483,192608db42251d675da83286b1cce702) (ScriptedImporter) -> (artifact id: '29776bc799ab6cbfe2da1939672cbcbd') in 0.0094313 seconds
Number of updated asset objects reloaded before import = 0Number of asset objects unloaded after import = 1

========================================================================
Received Import Request.
  Time since last request: 0.000247 seconds.
  path: Assets/FIRE_MUZ/WarFX/Editor/CFX_SpawnSystemEditor.cs
  artifactKey: Guid(a20330d93336f2245901dbd9a34b88f8) Importer(2089858483,192608db42251d675da83286b1cce702)
Start importing Assets/FIRE_MUZ/WarFX/Editor/CFX_SpawnSystemEditor.cs using Guid(a20330d93336f2245901dbd9a34b88f8) Importer(2089858483,192608db42251d675da83286b1cce702) (ScriptedImporter) -> (artifact id: '4e2e2144751af0a33886bbd7b61e3f2c') in 0.0043418 seconds
Number of updated asset objects reloaded before import = 0Number of asset objects unloaded after import = 0

========================================================================
Received Import Request.
  Time since last request: 0.000110 seconds.
  path: Assets/FIRE_MUZ/Cartoon FX Easy Editor/Editor/CFXEasyEditor.cs
  artifactKey: Guid(d56b3c7055d81cb44803b5d7db4b65e0) Importer(2089858483,192608db42251d675da83286b1cce702)
Start importing Assets/FIRE_MUZ/Cartoon FX Easy Editor/Editor/CFXEasyEditor.cs using Guid(d56b3c7055d81cb44803b5d7db4b65e0) Importer(2089858483,192608db42251d675da83286b1cce702) (ScriptedImporter) -> (artifact id: '8333fd6e6fc7d54ff36e7dfa49ef6af8') in 0.0046512 seconds
Number of updated asset objects reloaded before import = 0Number of asset objects unloaded after import = 0

========================================================================
Received Import Request.
  Time since last request: 0.359714 seconds.
  path: Assets/EnemyRobots/Textures/CannonMachine/Bullet/CannonBullet_Metallic.png
  artifactKey: Guid(78216c36082c7b74da22005c4b12cfbc) Importer(2089858483,192608db42251d675da83286b1cce702)
Start importing Assets/EnemyRobots/Textures/CannonMachine/Bullet/CannonBullet_Metallic.png using Guid(78216c36082c7b74da22005c4b12cfbc) Importer(2089858483,192608db42251d675da83286b1cce702) (ScriptedImporter) -> (artifact id: '9dbeb9eefb66b5c65e1fba890013af9e') in 0.0132518 seconds
Number of updated asset objects reloaded before import = 0Number of asset objects unloaded after import = 1

========================================================================
Received Import Request.
  Time since last request: 0.000179 seconds.
  path: Assets/FIRE_MUZ/WarFX/_Effects/Bullet Impacts/WFX_BImpact Wood.prefab
  artifactKey: Guid(ac1aa04288fad804ba1cd769f4377aaf) Importer(2089858483,192608db42251d675da83286b1cce702)
Start importing Assets/FIRE_MUZ/WarFX/_Effects/Bullet Impacts/WFX_BImpact Wood.prefab using Guid(ac1aa04288fad804ba1cd769f4377aaf) Importer(2089858483,192608db42251d675da83286b1cce702) (ScriptedImporter) -> (artifact id: '70cb97a3068c88507a906a4af2f2cc03') in 0.092575 seconds
Number of updated asset objects reloaded before import = 0Number of asset objects unloaded after import = 15

========================================================================
Received Import Request.
  Time since last request: 0.000021 seconds.
  path: Assets/FIRE_MUZ/WarFX/Desktop/Materials/Bullet Holes/WFX_BulletHole Generic Sand.mat
  artifactKey: Guid(bdd14d80d6f714d4ebc207bf6ad3164c) Importer(2089858483,192608db42251d675da83286b1cce702)
Start importing Assets/FIRE_MUZ/WarFX/Desktop/Materials/Bullet Holes/WFX_BulletHole Generic Sand.mat using Guid(bdd14d80d6f714d4ebc207bf6ad3164c) Importer(2089858483,192608db42251d675da83286b1cce702) (ScriptedImporter) -> (artifact id: '28f05f72e9fff24554fa72330a7cca64') in 0.0049413 seconds
Number of updated asset objects reloaded before import = 0Number of asset objects unloaded after import = 2

========================================================================
Received Import Request.
  Time since last request: 0.000022 seconds.
  path: Assets/FIRE_MUZ/WarFX/_Effects/Explosions/WFX_ExplosiveSmoke.prefab
  artifactKey: Guid(4575df893a6e3f64a8283dee38413a34) Importer(2089858483,192608db42251d675da83286b1cce702)
Start importing Assets/FIRE_MUZ/WarFX/_Effects/Explosions/WFX_ExplosiveSmoke.prefab using Guid(4575df893a6e3f64a8283dee38413a34) Importer(2089858483,192608db42251d675da83286b1cce702) (ScriptedImporter) -> (artifact id: 'bffaaf72da7702cf6c8c3c4524f47284') in 0.031156 seconds
Number of updated asset objects reloaded before import = 0Number of asset objects unloaded after import = 27

========================================================================
Received Import Request.
  Time since last request: 0.000026 seconds.
  path: Assets/FIRE_MUZ/WarFX/Demo/Assets/WFX_Demo_RandomDir.cs
  artifactKey: Guid(936f98d748ce69c4caf9bc76c7e38a8b) Importer(2089858483,192608db42251d675da83286b1cce702)
Start importing Assets/FIRE_MUZ/WarFX/Demo/Assets/WFX_Demo_RandomDir.cs using Guid(936f98d748ce69c4caf9bc76c7e38a8b) Importer(2089858483,192608db42251d675da83286b1cce702) (ScriptedImporter) -> (artifact id: 'ed7eb27b3fe65423075b99ec92d2a517') in 0.0025346 seconds
Number of updated asset objects reloaded before import = 0Number of asset objects unloaded after import = 0

========================================================================
Received Import Request.
  Time since last request: 0.000094 seconds.
  path: Assets/FIRE_MUZ/WarFX/Demo/Assets/WFX_Demo_T_M4 Normal.jpg
  artifactKey: Guid(b58f7bfc777b4ad45af55a8166ff1d01) Importer(2089858483,192608db42251d675da83286b1cce702)
Start importing Assets/FIRE_MUZ/WarFX/Demo/Assets/WFX_Demo_T_M4 Normal.jpg using Guid(b58f7bfc777b4ad45af55a8166ff1d01) Importer(2089858483,192608db42251d675da83286b1cce702) (ScriptedImporter) -> (artifact id: '2558e8413636a93e85fd04e2df00ffdd') in 0.0098514 seconds
Number of updated asset objects reloaded before import = 0Number of asset objects unloaded after import = 1

========================================================================
Received Import Request.
  Time since last request: 0.000080 seconds.
  path: Assets/FIRE_MUZ/WarFX/Demo/Assets/WFX_Demo_T_Cobblestone Normal.tga
  artifactKey: Guid(9ad1b7cbb4464c54ea0514cfe41f9bed) Importer(2089858483,192608db42251d675da83286b1cce702)
Start importing Assets/FIRE_MUZ/WarFX/Demo/Assets/WFX_Demo_T_Cobblestone Normal.tga using Guid(9ad1b7cbb4464c54ea0514cfe41f9bed) Importer(2089858483,192608db42251d675da83286b1cce702) (ScriptedImporter) -> (artifact id: '41d83cdcf37bf9184ae1128bace7120f') in 0.0067964 seconds
Number of updated asset objects reloaded before import = 0Number of asset objects unloaded after import = 1

========================================================================
Received Import Request.
  Time since last request: 0.000093 seconds.
  path: Assets/Samples/XR Interaction Toolkit/3.0.8/Hands Interaction Demo/HandsInteractionDemo.asmdef
  artifactKey: Guid(cb2909ae488862941b33f4c055c3ed13) Importer(2089858483,192608db42251d675da83286b1cce702)
Start importing Assets/Samples/XR Interaction Toolkit/3.0.8/Hands Interaction Demo/HandsInteractionDemo.asmdef using Guid(cb2909ae488862941b33f4c055c3ed13) Importer(2089858483,192608db42251d675da83286b1cce702) (ScriptedImporter) -> (artifact id: '24a2466d73da82c3c3176d653654680c') in 0.0037828 seconds
Number of updated asset objects reloaded before import = 0Number of asset objects unloaded after import = 1

========================================================================
Received Import Request.
  Time since last request: 0.000142 seconds.
  path: Assets/FIRE_MUZ/WarFX/_Effects (Mobile)/Explosions/WFXMR_Explosion LandMine.prefab
  artifactKey: Guid(872363974360b1540b92d8d9e0453afa) Importer(2089858483,192608db42251d675da83286b1cce702)
Start importing Assets/FIRE_MUZ/WarFX/_Effects (Mobile)/Explosions/WFXMR_Explosion LandMine.prefab using Guid(872363974360b1540b92d8d9e0453afa) Importer(2089858483,192608db42251d675da83286b1cce702) (ScriptedImporter) -> (artifact id: '99a133b14d108652d33947c4ee1b1147') in 0.0341994 seconds
Number of updated asset objects reloaded before import = 0Number of asset objects unloaded after import = 35

========================================================================
Received Import Request.
  Time since last request: 0.000025 seconds.
  path: Assets/FIRE_MUZ/WarFX/_Effects/Fire/WFX_FlameThrower.prefab
  artifactKey: Guid(b8f9e29cc9e6dcf4387b96b6dacc819e) Importer(2089858483,192608db42251d675da83286b1cce702)
Start importing Assets/FIRE_MUZ/WarFX/_Effects/Fire/WFX_FlameThrower.prefab using Guid(b8f9e29cc9e6dcf4387b96b6dacc819e) Importer(2089858483,192608db42251d675da83286b1cce702) (ScriptedImporter) -> (artifact id: '3aab4114057fe583d5243bcd6d7a1b00') in 0.0269266 seconds
Number of updated asset objects reloaded before import = 0Number of asset objects unloaded after import = 11

========================================================================
Received Import Request.
  Time since last request: 0.000017 seconds.
  path: Assets/FIRE_MUZ/WarFX/_Effects/Bullet Impacts/WFX_BImpact Sand.prefab
  artifactKey: Guid(fc7f8379080d0a844ad699b91bfd56f0) Importer(2089858483,192608db42251d675da83286b1cce702)
Start importing Assets/FIRE_MUZ/WarFX/_Effects/Bullet Impacts/WFX_BImpact Sand.prefab using Guid(fc7f8379080d0a844ad699b91bfd56f0) Importer(2089858483,192608db42251d675da83286b1cce702) (ScriptedImporter) -> (artifact id: 'c2d70751da6b83fda13461d7c0e491be') in 0.0306967 seconds
Number of updated asset objects reloaded before import = 0Number of asset objects unloaded after import = 15

========================================================================
Received Import Request.
  Time since last request: 0.000019 seconds.
  path: Assets/FIRE_MUZ/WarFX/Demo/Assets/WFX_Demo_T_Checker.tga
  artifactKey: Guid(54c2645bfa981ee44bfdce36b7823367) Importer(2089858483,192608db42251d675da83286b1cce702)
Start importing Assets/FIRE_MUZ/WarFX/Demo/Assets/WFX_Demo_T_Checker.tga using Guid(54c2645bfa981ee44bfdce36b7823367) Importer(2089858483,192608db42251d675da83286b1cce702) (ScriptedImporter) -> (artifact id: 'cd9cd91af8cf413388b488adf116a929') in 0.0077026 seconds
Number of updated asset objects reloaded before import = 0Number of asset objects unloaded after import = 1

========================================================================
Received Import Request.
  Time since last request: 0.000100 seconds.
  path: Assets/FIRE_MUZ/WarFX/_Effects/Smoke/WFX_SmokeGrenade Additive.prefab
  artifactKey: Guid(4ecfa3d3919108f4fbff80d1c4d920a1) Importer(2089858483,192608db42251d675da83286b1cce702)
Start importing Assets/FIRE_MUZ/WarFX/_Effects/Smoke/WFX_SmokeGrenade Additive.prefab using Guid(4ecfa3d3919108f4fbff80d1c4d920a1) Importer(2089858483,192608db42251d675da83286b1cce702) (ScriptedImporter) -> (artifact id: 'da5b8acdd6700c6708b3e2fbc5e76083') in 0.0302463 seconds
Number of updated asset objects reloaded before import = 0Number of asset objects unloaded after import = 11

========================================================================
Received Import Request.
  Time since last request: 0.000061 seconds.
  path: Assets/Samples/XR Interaction Toolkit/3.0.8/Hands Interaction Demo/HandsDemoScene.unity
  artifactKey: Guid(3ff35cecbcc52cc42945cf531638a60a) Importer(2089858483,192608db42251d675da83286b1cce702)
Start importing Assets/Samples/XR Interaction Toolkit/3.0.8/Hands Interaction Demo/HandsDemoScene.unity using Guid(3ff35cecbcc52cc42945cf531638a60a) Importer(2089858483,192608db42251d675da83286b1cce702) (ScriptedImporter) -> (artifact id: '6afc9bdc1e9139310b1d8e6d345f46c6') in 0.0152844 seconds
Number of updated asset objects reloaded before import = 0Number of asset objects unloaded after import = 1

========================================================================
Received Import Request.
  Time since last request: 0.000104 seconds.
  path: Assets/FIRE_MUZ/WarFX/Desktop/Materials/Bullet Holes/WFX_BulletHole Concrete Lighted.mat
  artifactKey: Guid(510d824c243583b488605ed79cd5f7d0) Importer(2089858483,192608db42251d675da83286b1cce702)
Start importing Assets/FIRE_MUZ/WarFX/Desktop/Materials/Bullet Holes/WFX_BulletHole Concrete Lighted.mat using Guid(510d824c243583b488605ed79cd5f7d0) Importer(2089858483,192608db42251d675da83286b1cce702) (ScriptedImporter) -> (artifact id: '622a3bf3fa6c885d73696ed63e7c97f9') in 0.0089486 seconds
Number of updated asset objects reloaded before import = 0Number of asset objects unloaded after import = 2

========================================================================
Received Import Request.
  Time since last request: 0.000019 seconds.
  path: Assets/FIRE_MUZ/WarFX/_Effects (Mobile)/Smoke/WFXMR_SmokeGrenade Black.prefab
  artifactKey: Guid(0461f0a9cf356c24b805dfbf38e86450) Importer(2089858483,192608db42251d675da83286b1cce702)
Start importing Assets/FIRE_MUZ/WarFX/_Effects (Mobile)/Smoke/WFXMR_SmokeGrenade Black.prefab using Guid(0461f0a9cf356c24b805dfbf38e86450) Importer(2089858483,192608db42251d675da83286b1cce702) (ScriptedImporter) -> (artifact id: '12f49c1288a033e4d5a56f569795c443') in 0.0260501 seconds
Number of updated asset objects reloaded before import = 0Number of asset objects unloaded after import = 11

========================================================================
Received Import Request.
  Time since last request: 0.000014 seconds.
  path: Assets/FIRE_MUZ/WarFX/Demo/Assets/CFX_Demo_Translate.cs
  artifactKey: Guid(1e42ac40a6fba2e4d94a0070ef45cea1) Importer(2089858483,192608db42251d675da83286b1cce702)
Start importing Assets/FIRE_MUZ/WarFX/Demo/Assets/CFX_Demo_Translate.cs using Guid(1e42ac40a6fba2e4d94a0070ef45cea1) Importer(2089858483,192608db42251d675da83286b1cce702) (ScriptedImporter) -> (artifact id: '972ce314075121e175bc8393ccdbb827') in 0.0035078 seconds
Number of updated asset objects reloaded before import = 0Number of asset objects unloaded after import = 0

========================================================================
Received Import Request.
  Time since last request: 0.000118 seconds.
  path: Assets/EnemyRobots/Textures/CannonMachine/CannonMachine/CannonMachine_Normal.png
  artifactKey: Guid(badbd83ee8cd7b9419221e903aea14bb) Importer(2089858483,192608db42251d675da83286b1cce702)
Start importing Assets/EnemyRobots/Textures/CannonMachine/CannonMachine/CannonMachine_Normal.png using Guid(badbd83ee8cd7b9419221e903aea14bb) Importer(2089858483,192608db42251d675da83286b1cce702) (ScriptedImporter) -> (artifact id: '4c0a9cef1d6d4960ca3667434b76545a') in 0.0284129 seconds
Number of updated asset objects reloaded before import = 0Number of asset objects unloaded after import = 1

========================================================================
Received Import Request.
  Time since last request: 0.000180 seconds.
  path: Assets/FIRE_MUZ/WarFX/_Effects (Mobile)/Bullet Impacts/WFXMR_BImpact Sand.prefab
  artifactKey: Guid(3b1fe0d0dc796bf46b1460e5a70bd078) Importer(2089858483,192608db42251d675da83286b1cce702)
Start importing Assets/FIRE_MUZ/WarFX/_Effects (Mobile)/Bullet Impacts/WFXMR_BImpact Sand.prefab using Guid(3b1fe0d0dc796bf46b1460e5a70bd078) Importer(2089858483,192608db42251d675da83286b1cce702) (ScriptedImporter) -> (artifact id: 'cca0930d2b774ceb968d53eb34804e02') in 0.0256449 seconds
Number of updated asset objects reloaded before import = 0Number of asset objects unloaded after import = 15

========================================================================
Received Import Request.
  Time since last request: 0.000015 seconds.
  path: Assets/Samples/XR Interaction Toolkit/3.0.8/XR Device Simulator/XR Device Controller Controls.inputactions
  artifactKey: Guid(0be0028c24f2a4c14a96b6aa39055933) Importer(2089858483,192608db42251d675da83286b1cce702)
Start importing Assets/Samples/XR Interaction Toolkit/3.0.8/XR Device Simulator/XR Device Controller Controls.inputactions using Guid(0be0028c24f2a4c14a96b6aa39055933) Importer(2089858483,192608db42251d675da83286b1cce702) (ScriptedImporter) -> (artifact id: '93a82aa6982c6639b968940fea9e15df') in 0.0141342 seconds
Number of updated asset objects reloaded before import = 0Number of asset objects unloaded after import = 16

========================================================================
Received Import Request.
  Time since last request: 0.000099 seconds.
  path: Assets/FIRE_MUZ/WarFX/_Effects (Mobile)/Bullet Impacts/WFXMR_BImpact SoftBody.prefab
  artifactKey: Guid(f75efcef4bb42054abf94f8e5c701adc) Importer(2089858483,192608db42251d675da83286b1cce702)
Start importing Assets/FIRE_MUZ/WarFX/_Effects (Mobile)/Bullet Impacts/WFXMR_BImpact SoftBody.prefab using Guid(f75efcef4bb42054abf94f8e5c701adc) Importer(2089858483,192608db42251d675da83286b1cce702) (ScriptedImporter) -> (artifact id: '307863f75512ffb99b86ded277610ae5') in 0.0264946 seconds
Number of updated asset objects reloaded before import = 0Number of asset objects unloaded after import = 15

========================================================================
Received Import Request.
  Time since last request: 0.000024 seconds.
  path: Assets/FIRE_MUZ/WarFX/_Effects/Smoke/WFX_SmokeGrenade White.prefab
  artifactKey: Guid(b7a5dd96bb4187348909e660f427221b) Importer(2089858483,192608db42251d675da83286b1cce702)
Start importing Assets/FIRE_MUZ/WarFX/_Effects/Smoke/WFX_SmokeGrenade White.prefab using Guid(b7a5dd96bb4187348909e660f427221b) Importer(2089858483,192608db42251d675da83286b1cce702) (ScriptedImporter) -> (artifact id: '82b72729053ab36552e0d96ec86d27f0') in 0.0235874 seconds
Number of updated asset objects reloaded before import = 0Number of asset objects unloaded after import = 11

========================================================================
Received Import Request.
  Time since last request: 0.000020 seconds.
  path: Assets/FIRE_MUZ/WarFX/Demo/Assets/WFX_Demo_T_M4.tga
  artifactKey: Guid(8bb64b30715a946c4af195846eb24774) Importer(2089858483,192608db42251d675da83286b1cce702)
Start importing Assets/FIRE_MUZ/WarFX/Demo/Assets/WFX_Demo_T_M4.tga using Guid(8bb64b30715a946c4af195846eb24774) Importer(2089858483,192608db42251d675da83286b1cce702) (ScriptedImporter) -> (artifact id: 'b6fa3d000a739f50c964f7e917f22237') in 0.0068324 seconds
Number of updated asset objects reloaded before import = 0Number of asset objects unloaded after import = 1

========================================================================
Received Import Request.
  Time since last request: 0.000115 seconds.
  path: Assets/FIRE_MUZ/WarFX/Demo/Assets/WFX_Demo_T_Wood Normal.tga
  artifactKey: Guid(d5bbdfb7cec442b408c8834fcadb7b55) Importer(2089858483,192608db42251d675da83286b1cce702)
Start importing Assets/FIRE_MUZ/WarFX/Demo/Assets/WFX_Demo_T_Wood Normal.tga using Guid(d5bbdfb7cec442b408c8834fcadb7b55) Importer(2089858483,192608db42251d675da83286b1cce702) (ScriptedImporter) -> (artifact id: 'f775a95377bd7fed563306459cac5975') in 0.0103861 seconds
Number of updated asset objects reloaded before import = 0Number of asset objects unloaded after import = 1

========================================================================
Received Import Request.
  Time since last request: 0.000161 seconds.
  path: Assets/FIRE_MUZ/WarFX/Demo/UI Canvas/CFX Demo Btn Ground H.png
  artifactKey: Guid(5cc9c4a6db9a74a40aaed761fc99294c) Importer(2089858483,192608db42251d675da83286b1cce702)
Start importing Assets/FIRE_MUZ/WarFX/Demo/UI Canvas/CFX Demo Btn Ground H.png using Guid(5cc9c4a6db9a74a40aaed761fc99294c) Importer(2089858483,192608db42251d675da83286b1cce702) (ScriptedImporter) -> (artifact id: '6b3ff93e5b00120e30043da56b8b543b') in 0.0136319 seconds
Number of updated asset objects reloaded before import = 0Number of asset objects unloaded after import = 3

========================================================================
Received Import Request.
  Time since last request: 0.000081 seconds.
  path: Assets/EnemyRobots/Textures/MachineGunRobot/MachineGun/MachineGunRobot_BaseColor.png
  artifactKey: Guid(ee7cb56d0be9c1d498e3962479ff6923) Importer(2089858483,192608db42251d675da83286b1cce702)
Start importing Assets/EnemyRobots/Textures/MachineGunRobot/MachineGun/MachineGunRobot_BaseColor.png using Guid(ee7cb56d0be9c1d498e3962479ff6923) Importer(2089858483,192608db42251d675da83286b1cce702) (ScriptedImporter) -> (artifact id: '76a0d5590b5dd13682c7587c949393ef') in 0.0145284 seconds
Number of updated asset objects reloaded before import = 0Number of asset objects unloaded after import = 1

========================================================================
Received Import Request.
  Time since last request: 0.000356 seconds.
  path: Assets/FIRE_MUZ/WarFX/_Effects/MuzzleFlashes/!MuzzleFlash Differences.txt
  artifactKey: Guid(e208b77305c329c4e8114e5aac694a38) Importer(2089858483,192608db42251d675da83286b1cce702)
Start importing Assets/FIRE_MUZ/WarFX/_Effects/MuzzleFlashes/!MuzzleFlash Differences.txt using Guid(e208b77305c329c4e8114e5aac694a38) Importer(2089858483,192608db42251d675da83286b1cce702) (ScriptedImporter) -> (artifact id: '10e63b23aa27efb1beddd4542f26c5e9') in 0.0070042 seconds
Number of updated asset objects reloaded before import = 0Number of asset objects unloaded after import = 1

========================================================================
Received Import Request.
  Time since last request: 0.000151 seconds.
  path: Assets/EnemyRobots/Textures/MachineGunRobot/Particles/MuzzleFlash.png
  artifactKey: Guid(aab8ad5c4531be543b52729aa5d81125) Importer(2089858483,192608db42251d675da83286b1cce702)
Start importing Assets/EnemyRobots/Textures/MachineGunRobot/Particles/MuzzleFlash.png using Guid(aab8ad5c4531be543b52729aa5d81125) Importer(2089858483,192608db42251d675da83286b1cce702) (ScriptedImporter) -> (artifact id: 'f9e1de430362475fd294f2273d356f53') in 0.0076999 seconds
Number of updated asset objects reloaded before import = 0Number of asset objects unloaded after import = 1

========================================================================
Received Import Request.
  Time since last request: 0.000057 seconds.
  path: Assets/FIRE_MUZ/WarFX/_Effects (Mobile)/Explosions/WFXMR_Explosion StarSmoke.prefab
  artifactKey: Guid(28ccd38a41e256a4e8fea96f5a8d039d) Importer(2089858483,192608db42251d675da83286b1cce702)
Start importing Assets/FIRE_MUZ/WarFX/_Effects (Mobile)/Explosions/WFXMR_Explosion StarSmoke.prefab using Guid(28ccd38a41e256a4e8fea96f5a8d039d) Importer(2089858483,192608db42251d675da83286b1cce702) (ScriptedImporter) -> (artifact id: 'd48e6cbc78da534fc412c9f94f7499dd') in 0.0330919 seconds
Number of updated asset objects reloaded before import = 0Number of asset objects unloaded after import = 31

========================================================================
Received Import Request.
  Time since last request: 0.097436 seconds.
  path: Assets/FIRE_MUZ/WarFX/Desktop/Materials/Bullet Holes/WFX_BulletHole Generic.mat
  artifactKey: Guid(38f55d80fabc44846a1222921faa20bf) Importer(2089858483,192608db42251d675da83286b1cce702)
Start importing Assets/FIRE_MUZ/WarFX/Desktop/Materials/Bullet Holes/WFX_BulletHole Generic.mat using Guid(38f55d80fabc44846a1222921faa20bf) Importer(2089858483,192608db42251d675da83286b1cce702) (ScriptedImporter) -> (artifact id: '0b6512deb70149faf878683ae2f17bdf') in 0.0092066 seconds
Number of updated asset objects reloaded before import = 0Number of asset objects unloaded after import = 2

========================================================================
Received Import Request.
  Time since last request: 0.000117 seconds.
  path: Assets/FIRE_MUZ/WarFX/_Effects (Mobile)/Fire/Black Smoke/WFXMR_Fire Natural (Black Smoke).prefab
  artifactKey: Guid(f4a2c3f050b1cad4d9241bd31795a925) Importer(2089858483,192608db42251d675da83286b1cce702)
Start importing Assets/FIRE_MUZ/WarFX/_Effects (Mobile)/Fire/Black Smoke/WFXMR_Fire Natural (Black Smoke).prefab using Guid(f4a2c3f050b1cad4d9241bd31795a925) Importer(2089858483,192608db42251d675da83286b1cce702) (ScriptedImporter) -> (artifact id: '5295611f47c3c920a5cec5d6d5563fa0') in 0.0331424 seconds
Number of updated asset objects reloaded before import = 0Number of asset objects unloaded after import = 15

========================================================================
Received Import Request.
  Time since last request: 0.000077 seconds.
  path: Assets/FIRE_MUZ/WarFX/Mobile/Textures/Bullet Holes/WFXM_T_BulletHoles Metal.tga
  artifactKey: Guid(d74d17bdf6b914349b2ab7ed40e9def6) Importer(2089858483,192608db42251d675da83286b1cce702)
Start importing Assets/FIRE_MUZ/WarFX/Mobile/Textures/Bullet Holes/WFXM_T_BulletHoles Metal.tga using Guid(d74d17bdf6b914349b2ab7ed40e9def6) Importer(2089858483,192608db42251d675da83286b1cce702) (ScriptedImporter) -> (artifact id: '26f988648001337a07cefb4b0b808aa0') in 0.0079371 seconds
Number of updated asset objects reloaded before import = 0Number of asset objects unloaded after import = 1

========================================================================
Received Import Request.
  Time since last request: 0.000190 seconds.
  path: Assets/FIRE_MUZ/WarFX/Desktop/Textures/Flames/WFX_T_FlamesSmall 4frm.tga
  artifactKey: Guid(9cb7bb0b99eccab4794a6de5e6593024) Importer(2089858483,192608db42251d675da83286b1cce702)
Start importing Assets/FIRE_MUZ/WarFX/Desktop/Textures/Flames/WFX_T_FlamesSmall 4frm.tga using Guid(9cb7bb0b99eccab4794a6de5e6593024) Importer(2089858483,192608db42251d675da83286b1cce702) (ScriptedImporter) -> (artifact id: '8196e2842a732d91de5e5828508c7acb') in 0.0097497 seconds
Number of updated asset objects reloaded before import = 0Number of asset objects unloaded after import = 1

========================================================================
Received Import Request.
  Time since last request: 0.000160 seconds.
  path: Assets/FIRE_MUZ/WarFX/Mobile/Materials/Misc/WFXM_M_GlowCircle Add.mat
  artifactKey: Guid(3849731f87957fe4ca8e47a1c235c5a2) Importer(2089858483,192608db42251d675da83286b1cce702)
Start importing Assets/FIRE_MUZ/WarFX/Mobile/Materials/Misc/WFXM_M_GlowCircle Add.mat using Guid(3849731f87957fe4ca8e47a1c235c5a2) Importer(2089858483,192608db42251d675da83286b1cce702) (ScriptedImporter) -> (artifact id: '8bdaff31b43ddf3956b916c4f983ac14') in 0.0086575 seconds
Number of updated asset objects reloaded before import = 0Number of asset objects unloaded after import = 2

========================================================================
Received Import Request.
  Time since last request: 0.000014 seconds.
  path: Assets/FIRE_MUZ/WarFX/Mobile/Materials/MuzzleFlashes/WFXM_M_MF FrontRear RIFLE3.mat
  artifactKey: Guid(cc458c57280d0bf48a81573e7dc674aa) Importer(2089858483,192608db42251d675da83286b1cce702)
Start importing Assets/FIRE_MUZ/WarFX/Mobile/Materials/MuzzleFlashes/WFXM_M_MF FrontRear RIFLE3.mat using Guid(cc458c57280d0bf48a81573e7dc674aa) Importer(2089858483,192608db42251d675da83286b1cce702) (ScriptedImporter) -> (artifact id: '056084ad9448d7c35d8ed873fc098d6c') in 0.0054067 seconds
Number of updated asset objects reloaded before import = 0Number of asset objects unloaded after import = 2

========================================================================
Received Import Request.
  Time since last request: 0.000178 seconds.
  path: Assets/FIRE_MUZ/WarFX/Desktop/Materials/MuzzleFlashes/WFX_M_MF FrontRear RIFLE2.mat
  artifactKey: Guid(d61182d659337f54bae37a7490b24eb6) Importer(2089858483,192608db42251d675da83286b1cce702)
Start importing Assets/FIRE_MUZ/WarFX/Desktop/Materials/MuzzleFlashes/WFX_M_MF FrontRear RIFLE2.mat using Guid(d61182d659337f54bae37a7490b24eb6) Importer(2089858483,192608db42251d675da83286b1cce702) (ScriptedImporter) -> (artifact id: '6aa7ec45aea60553234853edb398e860') in 0.0056109 seconds
Number of updated asset objects reloaded before import = 0Number of asset objects unloaded after import = 2

========================================================================
Received Import Request.
  Time since last request: 0.000055 seconds.
  path: Assets/FIRE_MUZ/WarFX/Mobile/Textures/Misc/WFXM_T_Debris Wood.tga
  artifactKey: Guid(c1359f3cb3c1e964899a17d4a530085c) Importer(2089858483,192608db42251d675da83286b1cce702)
Start importing Assets/FIRE_MUZ/WarFX/Mobile/Textures/Misc/WFXM_T_Debris Wood.tga using Guid(c1359f3cb3c1e964899a17d4a530085c) Importer(2089858483,192608db42251d675da83286b1cce702) (ScriptedImporter) -> (artifact id: '7573cb6669c137a4cb4e5b5286883053') in 0.0076896 seconds
Number of updated asset objects reloaded before import = 0Number of asset objects unloaded after import = 1

========================================================================
Received Import Request.
  Time since last request: 0.000116 seconds.
  path: Assets/FIRE_MUZ/WarFX/Desktop/Textures/Bullet Holes/WFX_T_BulletHoles Generic.tga
  artifactKey: Guid(098ba0ef089282845a4753e36b17d29d) Importer(2089858483,192608db42251d675da83286b1cce702)
Start importing Assets/FIRE_MUZ/WarFX/Desktop/Textures/Bullet Holes/WFX_T_BulletHoles Generic.tga using Guid(098ba0ef089282845a4753e36b17d29d) Importer(2089858483,192608db42251d675da83286b1cce702) (ScriptedImporter) -> (artifact id: 'bb0a1ddb072e5ec4d6a611838d6e62bb') in 0.0067812 seconds
Number of updated asset objects reloaded before import = 0Number of asset objects unloaded after import = 1

========================================================================
Received Import Request.
  Time since last request: 0.000204 seconds.
  path: Assets/FIRE_MUZ/WarFX/Desktop/Materials/Smoke/WFX_M_SmokeScroll SoftMult Average.mat
  artifactKey: Guid(e76fbe3a66fef0445892f29dfcd43126) Importer(2089858483,192608db42251d675da83286b1cce702)
Start importing Assets/FIRE_MUZ/WarFX/Desktop/Materials/Smoke/WFX_M_SmokeScroll SoftMult Average.mat using Guid(e76fbe3a66fef0445892f29dfcd43126) Importer(2089858483,192608db42251d675da83286b1cce702) (ScriptedImporter) -> (artifact id: '06fdbf42dbaa2113b97fa36f55a37c87') in 0.0081713 seconds
Number of updated asset objects reloaded before import = 0Number of asset objects unloaded after import = 2

========================================================================
Received Import Request.
  Time since last request: 0.000042 seconds.
  path: Assets/FIRE_MUZ/WarFX/Mobile/Textures/MuzzleFlashes/WFXM_T_MF FrontRear RIFLE2 A8.png
  artifactKey: Guid(a6119e1b774e68f449ced7123306e446) Importer(2089858483,192608db42251d675da83286b1cce702)
Start importing Assets/FIRE_MUZ/WarFX/Mobile/Textures/MuzzleFlashes/WFXM_T_MF FrontRear RIFLE2 A8.png using Guid(a6119e1b774e68f449ced7123306e446) Importer(2089858483,192608db42251d675da83286b1cce702) (ScriptedImporter) -> (artifact id: '1cfb265dcd1382240ca0d8e9498f13ec') in 0.0074088 seconds
Number of updated asset objects reloaded before import = 0Number of asset objects unloaded after import = 1

========================================================================
Received Import Request.
  Time since last request: 0.000079 seconds.
  path: Assets/FIRE_MUZ/WarFX/Desktop/Materials/Smoke/WFX_M_SmokeSpikeStretched.mat
  artifactKey: Guid(5c8ba5bc91b214f4b878b96136b4d1fa) Importer(2089858483,192608db42251d675da83286b1cce702)
Start importing Assets/FIRE_MUZ/WarFX/Desktop/Materials/Smoke/WFX_M_SmokeSpikeStretched.mat using Guid(5c8ba5bc91b214f4b878b96136b4d1fa) Importer(2089858483,192608db42251d675da83286b1cce702) (ScriptedImporter) -> (artifact id: '143754d863f43f92744c3ef4f6fbd2b6') in 0.0052064 seconds
Number of updated asset objects reloaded before import = 0Number of asset objects unloaded after import = 2

========================================================================
Received Import Request.
  Time since last request: 0.000031 seconds.
  path: Assets/FIRE_MUZ/WarFX/Mobile/Textures/MuzzleFlashes/WFXM_T_MF Sparks RIFLE1 A8.tga
  artifactKey: Guid(3ef55c046c7234b46b84192f57507b7d) Importer(2089858483,192608db42251d675da83286b1cce702)
Start importing Assets/FIRE_MUZ/WarFX/Mobile/Textures/MuzzleFlashes/WFXM_T_MF Sparks RIFLE1 A8.tga using Guid(3ef55c046c7234b46b84192f57507b7d) Importer(2089858483,192608db42251d675da83286b1cce702) (ScriptedImporter) -> (artifact id: '4a5938be156895aaa745e110ad4af5eb') in 0.0094117 seconds
Number of updated asset objects reloaded before import = 0Number of asset objects unloaded after import = 1

========================================================================
Received Import Request.
  Time since last request: 0.000102 seconds.
  path: Assets/FIRE_MUZ/WarFX/Mobile/Textures/Smoke/WFXM_T_SmokeLoopAlpha.tga
  artifactKey: Guid(00102373043eef842bee9e986845e68b) Importer(2089858483,192608db42251d675da83286b1cce702)
Start importing Assets/FIRE_MUZ/WarFX/Mobile/Textures/Smoke/WFXM_T_SmokeLoopAlpha.tga using Guid(00102373043eef842bee9e986845e68b) Importer(2089858483,192608db42251d675da83286b1cce702) (ScriptedImporter) -> (artifact id: '5ca8a76167ed3a6998e4da38771e66c5') in 0.0089646 seconds
Number of updated asset objects reloaded before import = 0Number of asset objects unloaded after import = 1

========================================================================
Received Import Request.
  Time since last request: 0.000274 seconds.
  path: Assets/FIRE_MUZ/WarFX/Desktop/Textures/Smoke/WFX_T_SmokeLoopAlpha Average.tga
  artifactKey: Guid(1724eb924685fa7458a70dde1fd68bf2) Importer(2089858483,192608db42251d675da83286b1cce702)
Start importing Assets/FIRE_MUZ/WarFX/Desktop/Textures/Smoke/WFX_T_SmokeLoopAlpha Average.tga using Guid(1724eb924685fa7458a70dde1fd68bf2) Importer(2089858483,192608db42251d675da83286b1cce702) (ScriptedImporter) -> (artifact id: 'e7dc79e1b57c77ad9d2731d1bd581be1') in 0.0072101 seconds
Number of updated asset objects reloaded before import = 0Number of asset objects unloaded after import = 1

========================================================================
Received Import Request.
  Time since last request: 0.000023 seconds.
  path: Assets/FIRE_MUZ/WarFX/Mobile/Materials/Flames/WFXM_M_FlameMine Add.mat
  artifactKey: Guid(2982c27c5a079614097abf8aa0e32609) Importer(2089858483,192608db42251d675da83286b1cce702)
Start importing Assets/FIRE_MUZ/WarFX/Mobile/Materials/Flames/WFXM_M_FlameMine Add.mat using Guid(2982c27c5a079614097abf8aa0e32609) Importer(2089858483,192608db42251d675da83286b1cce702) (ScriptedImporter) -> (artifact id: '2ebc29cb4763d556e12240615a1bc539') in 0.005363 seconds
Number of updated asset objects reloaded before import = 0Number of asset objects unloaded after import = 2

========================================================================
Received Import Request.
  Time since last request: 0.000033 seconds.
  path: Assets/FIRE_MUZ/WarFX/Desktop/Textures/Misc/WFX_T_Debris Generic.tga
  artifactKey: Guid(b23528b172bf0ab459d12b978186714c) Importer(2089858483,192608db42251d675da83286b1cce702)
Start importing Assets/FIRE_MUZ/WarFX/Desktop/Textures/Misc/WFX_T_Debris Generic.tga using Guid(b23528b172bf0ab459d12b978186714c) Importer(2089858483,192608db42251d675da83286b1cce702) (ScriptedImporter) -> (artifact id: 'b4300a04651cbbad373b9b040a8f6a55') in 0.0065669 seconds
Number of updated asset objects reloaded before import = 0Number of asset objects unloaded after import = 1

========================================================================
Received Import Request.
  Time since last request: 0.000038 seconds.
  path: Assets/FIRE_MUZ/WarFX/Desktop/Materials/Smoke/WFX_M_SmokeNoise.mat
  artifactKey: Guid(0c4c5159dcddba345a2aede959b2b3eb) Importer(2089858483,192608db42251d675da83286b1cce702)
Start importing Assets/FIRE_MUZ/WarFX/Desktop/Materials/Smoke/WFX_M_SmokeNoise.mat using Guid(0c4c5159dcddba345a2aede959b2b3eb) Importer(2089858483,192608db42251d675da83286b1cce702) (ScriptedImporter) -> (artifact id: 'da78d737257ab722782baa3635c558de') in 0.0067929 seconds
Number of updated asset objects reloaded before import = 0Number of asset objects unloaded after import = 2

========================================================================
Received Import Request.
  Time since last request: 0.000023 seconds.
  path: Assets/FIRE_MUZ/WarFX/Desktop/Materials/MuzzleFlashes/WFX_M_MF Side RIFLE2.mat
  artifactKey: Guid(2d19a190a68ab3847befbe5ad5924da0) Importer(2089858483,192608db42251d675da83286b1cce702)
Start importing Assets/FIRE_MUZ/WarFX/Desktop/Materials/MuzzleFlashes/WFX_M_MF Side RIFLE2.mat using Guid(2d19a190a68ab3847befbe5ad5924da0) Importer(2089858483,192608db42251d675da83286b1cce702) (ScriptedImporter) -> (artifact id: '6973bf8edf95c2d7f4c09c7eec71651f') in 0.0058218 seconds
Number of updated asset objects reloaded before import = 0Number of asset objects unloaded after import = 2

========================================================================
Received Import Request.
  Time since last request: 0.000043 seconds.
  path: Assets/FIRE_MUZ/WarFX/_Effects/Fire/Black Smoke/WFX_Fire Natural Broad (Black Smoke).prefab
  artifactKey: Guid(002c8e66c11fe4048a8c3a08b7f0fe74) Importer(2089858483,192608db42251d675da83286b1cce702)
Start importing Assets/FIRE_MUZ/WarFX/_Effects/Fire/Black Smoke/WFX_Fire Natural Broad (Black Smoke).prefab using Guid(002c8e66c11fe4048a8c3a08b7f0fe74) Importer(2089858483,192608db42251d675da83286b1cce702) (ScriptedImporter) -> (artifact id: '0555d461f7fd36189e8839b5578b98f5') in 0.0296657 seconds
Number of updated asset objects reloaded before import = 0Number of asset objects unloaded after import = 15

========================================================================
Received Import Request.
  Time since last request: 0.000018 seconds.
  path: Assets/FIRE_MUZ/WarFX/Mobile/Materials/Bullet Holes/WFXM_BulletHole Concrete Lighted.mat
  artifactKey: Guid(fe2101610378f0e41a0cdc27eb74f98c) Importer(2089858483,192608db42251d675da83286b1cce702)
Start importing Assets/FIRE_MUZ/WarFX/Mobile/Materials/Bullet Holes/WFXM_BulletHole Concrete Lighted.mat using Guid(fe2101610378f0e41a0cdc27eb74f98c) Importer(2089858483,192608db42251d675da83286b1cce702) (ScriptedImporter) -> (artifact id: '6a5f11707ed09e8901bcdaad032bb98f') in 0.0049261 seconds
Number of updated asset objects reloaded before import = 0Number of asset objects unloaded after import = 2

========================================================================
Received Import Request.
  Time since last request: 0.000030 seconds.
  path: Assets/FIRE_MUZ/WarFX/Desktop/Materials/Flames/WFX_M_FlameBig Add.mat
  artifactKey: Guid(5a595d561ddb2ac4aad808dc54e08e6a) Importer(2089858483,192608db42251d675da83286b1cce702)
Start importing Assets/FIRE_MUZ/WarFX/Desktop/Materials/Flames/WFX_M_FlameBig Add.mat using Guid(5a595d561ddb2ac4aad808dc54e08e6a) Importer(2089858483,192608db42251d675da83286b1cce702) (ScriptedImporter) -> (artifact id: '7c611d256118e15d54371fe14ca0758a') in 0.0060795 seconds
Number of updated asset objects reloaded before import = 0Number of asset objects unloaded after import = 2

========================================================================
Received Import Request.
  Time since last request: 0.000098 seconds.
  path: Assets/FIRE_MUZ/WarFX/_Effects (Mobile)/Fire/Black Smoke/WFXMR_GazFireBig (Black Smoke).prefab
  artifactKey: Guid(2522b91780559a44794173d3dae9723b) Importer(2089858483,192608db42251d675da83286b1cce702)
Start importing Assets/FIRE_MUZ/WarFX/_Effects (Mobile)/Fire/Black Smoke/WFXMR_GazFireBig (Black Smoke).prefab using Guid(2522b91780559a44794173d3dae9723b) Importer(2089858483,192608db42251d675da83286b1cce702) (ScriptedImporter) -> (artifact id: '3a79d975d4342818af1e11d1450809b8') in 0.0274394 seconds
Number of updated asset objects reloaded before import = 0Number of asset objects unloaded after import = 15

========================================================================
Received Import Request.
  Time since last request: 0.000018 seconds.
  path: Assets/FIRE_MUZ/WarFX/Desktop/Materials/Flames/WFX_M_FlameMine Add.mat
  artifactKey: Guid(5a8f1cdae1622674cbadec66134c60ad) Importer(2089858483,192608db42251d675da83286b1cce702)
Start importing Assets/FIRE_MUZ/WarFX/Desktop/Materials/Flames/WFX_M_FlameMine Add.mat using Guid(5a8f1cdae1622674cbadec66134c60ad) Importer(2089858483,192608db42251d675da83286b1cce702) (ScriptedImporter) -> (artifact id: 'c222c2a4535f92aa3b319454d698caaa') in 0.0063114 seconds
Number of updated asset objects reloaded before import = 0Number of asset objects unloaded after import = 2

========================================================================
Received Import Request.
  Time since last request: 0.000027 seconds.
  path: Assets/FIRE_MUZ/WarFX/Desktop/Textures/Flames/WFX_T_DoubleFlames A8.tga
  artifactKey: Guid(36e77c9c3b4c7af45acccb2a04cbbb1c) Importer(2089858483,192608db42251d675da83286b1cce702)
Start importing Assets/FIRE_MUZ/WarFX/Desktop/Textures/Flames/WFX_T_DoubleFlames A8.tga using Guid(36e77c9c3b4c7af45acccb2a04cbbb1c) Importer(2089858483,192608db42251d675da83286b1cce702) (ScriptedImporter) -> (artifact id: '923b5f19be7d939030ba3057b7ba8529') in 0.0067205 seconds
Number of updated asset objects reloaded before import = 0Number of asset objects unloaded after import = 1

========================================================================
Received Import Request.
  Time since last request: 0.000072 seconds.
  path: Assets/FIRE_MUZ/WarFX/Desktop/Textures/Flames/WFX_T_FlamesBig A8.tga
  artifactKey: Guid(506236d9deb4c264fa0e4c47cc390fe8) Importer(2089858483,192608db42251d675da83286b1cce702)
Start importing Assets/FIRE_MUZ/WarFX/Desktop/Textures/Flames/WFX_T_FlamesBig A8.tga using Guid(506236d9deb4c264fa0e4c47cc390fe8) Importer(2089858483,192608db42251d675da83286b1cce702) (ScriptedImporter) -> (artifact id: 'fb5a191b4291bf2761e619325328f0f2') in 0.0111573 seconds
Number of updated asset objects reloaded before import = 0Number of asset objects unloaded after import = 1

========================================================================
Received Import Request.
  Time since last request: 0.000197 seconds.
  path: Assets/FIRE_MUZ/WarFX/_Effects (Mobile)/Fire/No Smoke/WFXMR_GazFire (No Smoke).prefab
  artifactKey: Guid(3df2db25d0e8c43499712fa1808b0960) Importer(2089858483,192608db42251d675da83286b1cce702)
Start importing Assets/FIRE_MUZ/WarFX/_Effects (Mobile)/Fire/No Smoke/WFXMR_GazFire (No Smoke).prefab using Guid(3df2db25d0e8c43499712fa1808b0960) Importer(2089858483,192608db42251d675da83286b1cce702) (ScriptedImporter) -> (artifact id: 'f3738cfaff0ddd6173ff80b72f4b2a43') in 0.0255251 seconds
Number of updated asset objects reloaded before import = 0Number of asset objects unloaded after import = 11

========================================================================
Received Import Request.
  Time since last request: 0.000109 seconds.
  path: Assets/FIRE_MUZ/WarFX/Desktop/Materials/Smoke/WFX_M_SmokeGrenade AB.mat
  artifactKey: Guid(34d513672558fe0478dd3a29e7f55db4) Importer(2089858483,192608db42251d675da83286b1cce702)
Start importing Assets/FIRE_MUZ/WarFX/Desktop/Materials/Smoke/WFX_M_SmokeGrenade AB.mat using Guid(34d513672558fe0478dd3a29e7f55db4) Importer(2089858483,192608db42251d675da83286b1cce702) (ScriptedImporter) -> (artifact id: '8978497d22be299fe99f80a069eb9fa0') in 0.0052886 seconds
Number of updated asset objects reloaded before import = 0Number of asset objects unloaded after import = 2

========================================================================
Received Import Request.
  Time since last request: 0.000015 seconds.
  path: Assets/FIRE_MUZ/WarFX/_Effects/MuzzleFlashes/4Planes/WFX_MF 4P RIFLE3.prefab
  artifactKey: Guid(f47cb9d88f4bc6c4bb7441e962c2c1a5) Importer(2089858483,192608db42251d675da83286b1cce702)
Start importing Assets/FIRE_MUZ/WarFX/_Effects/MuzzleFlashes/4Planes/WFX_MF 4P RIFLE3.prefab using Guid(f47cb9d88f4bc6c4bb7441e962c2c1a5) Importer(2089858483,192608db42251d675da83286b1cce702) (ScriptedImporter) -> (artifact id: '9297a817a5c2e33f4ce12e58feaa270a') in 0.0314673 seconds
Number of updated asset objects reloaded before import = 0Number of asset objects unloaded after import = 31

========================================================================
Received Import Request.
  Time since last request: 0.000020 seconds.
  path: Assets/FIRE_MUZ/WarFX/_Effects/Fire/Gray Smoke/WFX_Fire Natural (Gray Smoke).prefab
  artifactKey: Guid(717898f1e82d6b94f8dfa819112cc432) Importer(2089858483,192608db42251d675da83286b1cce702)
Start importing Assets/FIRE_MUZ/WarFX/_Effects/Fire/Gray Smoke/WFX_Fire Natural (Gray Smoke).prefab using Guid(717898f1e82d6b94f8dfa819112cc432) Importer(2089858483,192608db42251d675da83286b1cce702) (ScriptedImporter) -> (artifact id: 'e79bac0b09521d2a94b17c7b38010e9b') in 0.0319083 seconds
Number of updated asset objects reloaded before import = 0Number of asset objects unloaded after import = 15

========================================================================
Received Import Request.
  Time since last request: 0.000014 seconds.
  path: Assets/FIRE_MUZ/WarFX/_Effects (Mobile)/Fire/No Smoke/WFXMR_Fire Natural Circle (No Smoke).prefab
  artifactKey: Guid(16fa56e3bc952f8418a8c26526b344e8) Importer(2089858483,192608db42251d675da83286b1cce702)
Start importing Assets/FIRE_MUZ/WarFX/_Effects (Mobile)/Fire/No Smoke/WFXMR_Fire Natural Circle (No Smoke).prefab using Guid(16fa56e3bc952f8418a8c26526b344e8) Importer(2089858483,192608db42251d675da83286b1cce702) (ScriptedImporter) -> (artifact id: 'f153ffca685a13dc5c30b2788a6a15bb') in 0.0263336 seconds
Number of updated asset objects reloaded before import = 0Number of asset objects unloaded after import = 11

========================================================================
Received Import Request.
  Time since last request: 0.000013 seconds.
  path: Assets/FIRE_MUZ/WarFX/Mobile/Materials/Bullet Holes/WFXM_BulletHole Generic.mat
  artifactKey: Guid(4da7913ced16a4d4f8948ab7ee19da6d) Importer(2089858483,192608db42251d675da83286b1cce702)
Start importing Assets/FIRE_MUZ/WarFX/Mobile/Materials/Bullet Holes/WFXM_BulletHole Generic.mat using Guid(4da7913ced16a4d4f8948ab7ee19da6d) Importer(2089858483,192608db42251d675da83286b1cce702) (ScriptedImporter) -> (artifact id: 'cc24e3b0248ac226a720df2acc82a4b2') in 0.0043714 seconds
Number of updated asset objects reloaded before import = 0Number of asset objects unloaded after import = 2

========================================================================
Received Import Request.
  Time since last request: 0.000219 seconds.
  path: Assets/FIRE_MUZ/WarFX/Mobile/Textures/MuzzleFlashes/WFXM_T_MF FrontRear RIFLE3 A8.png
  artifactKey: Guid(aeeac1cbcdb85f8418831699803bd60f) Importer(2089858483,192608db42251d675da83286b1cce702)
Start importing Assets/FIRE_MUZ/WarFX/Mobile/Textures/MuzzleFlashes/WFXM_T_MF FrontRear RIFLE3 A8.png using Guid(aeeac1cbcdb85f8418831699803bd60f) Importer(2089858483,192608db42251d675da83286b1cce702) (ScriptedImporter) -> (artifact id: '6b7dc24eafcb19029f3bb37772b10871') in 0.0078021 seconds
Number of updated asset objects reloaded before import = 0Number of asset objects unloaded after import = 1

========================================================================
Received Import Request.
  Time since last request: 0.000079 seconds.
  path: Assets/FIRE_MUZ/WarFX/Mobile/Textures/Flames/WFXM_T_StarFlames A8.tga
  artifactKey: Guid(71c03ef0f48f1e849a487c848205d05b) Importer(2089858483,192608db42251d675da83286b1cce702)
Start importing Assets/FIRE_MUZ/WarFX/Mobile/Textures/Flames/WFXM_T_StarFlames A8.tga using Guid(71c03ef0f48f1e849a487c848205d05b) Importer(2089858483,192608db42251d675da83286b1cce702) (ScriptedImporter) -> (artifact id: '6ca45d424bde94ab69a09a4bdd3eeb5c') in 0.0086375 seconds
Number of updated asset objects reloaded before import = 0Number of asset objects unloaded after import = 1

========================================================================
Received Import Request.
  Time since last request: 0.000233 seconds.
  path: Assets/FIRE_MUZ/WarFX/Desktop/Materials/Impacts/WFX_M_Impact Smoke.mat
  artifactKey: Guid(450dd918846b28b408e044f16f827449) Importer(2089858483,192608db42251d675da83286b1cce702)
Start importing Assets/FIRE_MUZ/WarFX/Desktop/Materials/Impacts/WFX_M_Impact Smoke.mat using Guid(450dd918846b28b408e044f16f827449) Importer(2089858483,192608db42251d675da83286b1cce702) (ScriptedImporter) -> (artifact id: 'ce048bb4bd8f3e2af376431393e67372') in 0.0052057 seconds
Number of updated asset objects reloaded before import = 0Number of asset objects unloaded after import = 2

========================================================================
Received Import Request.
  Time since last request: 0.000049 seconds.
  path: Assets/FIRE_MUZ/WarFX/Desktop/Materials/Smoke/WFX_M_Smoke.mat
  artifactKey: Guid(d89531f879872fa4cb0dffdeeaa5eda2) Importer(2089858483,192608db42251d675da83286b1cce702)
Start importing Assets/FIRE_MUZ/WarFX/Desktop/Materials/Smoke/WFX_M_Smoke.mat using Guid(d89531f879872fa4cb0dffdeeaa5eda2) Importer(2089858483,192608db42251d675da83286b1cce702) (ScriptedImporter) -> (artifact id: '6aa2f8b5fd808d8c4c65cbbe379c0897') in 0.0064293 seconds
Number of updated asset objects reloaded before import = 0Number of asset objects unloaded after import = 2

========================================================================
Received Import Request.
  Time since last request: 0.000074 seconds.
  path: Assets/FIRE_MUZ/WarFX/Mobile/Textures/Flames/WFXM_T_FlameMine A8.tga
  artifactKey: Guid(3e247439976f5c149a53d54bafa70fb7) Importer(2089858483,192608db42251d675da83286b1cce702)
Start importing Assets/FIRE_MUZ/WarFX/Mobile/Textures/Flames/WFXM_T_FlameMine A8.tga using Guid(3e247439976f5c149a53d54bafa70fb7) Importer(2089858483,192608db42251d675da83286b1cce702) (ScriptedImporter) -> (artifact id: 'bfdd250cd391a84388843e5a487239a2') in 0.0069874 seconds
Number of updated asset objects reloaded before import = 0Number of asset objects unloaded after import = 1

========================================================================
Received Import Request.
  Time since last request: 0.000166 seconds.
  path: Assets/FIRE_MUZ/WarFX/Mobile/Materials/Bullet Holes/WFXM_BulletHole Concrete.mat
  artifactKey: Guid(00e20022f37f79945a4cdfd232315024) Importer(2089858483,192608db42251d675da83286b1cce702)
Start importing Assets/FIRE_MUZ/WarFX/Mobile/Materials/Bullet Holes/WFXM_BulletHole Concrete.mat using Guid(00e20022f37f79945a4cdfd232315024) Importer(2089858483,192608db42251d675da83286b1cce702) (ScriptedImporter) -> (artifact id: '51065d1abe0c583aa3643a1aaa0f8a91') in 0.0049002 seconds
Number of updated asset objects reloaded before import = 0Number of asset objects unloaded after import = 2

========================================================================
Received Import Request.
  Time since last request: 0.000053 seconds.
  path: Assets/FIRE_MUZ/WarFX/Mobile/Materials/Smoke/WFXM_M_SmokeGrenadeWhite.mat
  artifactKey: Guid(4540f773421d3ec4185a42a2627049dd) Importer(2089858483,192608db42251d675da83286b1cce702)
Start importing Assets/FIRE_MUZ/WarFX/Mobile/Materials/Smoke/WFXM_M_SmokeGrenadeWhite.mat using Guid(4540f773421d3ec4185a42a2627049dd) Importer(2089858483,192608db42251d675da83286b1cce702) (ScriptedImporter) -> (artifact id: '0e8676b39e930ba159fc7331b207481d') in 0.0046069 seconds
Number of updated asset objects reloaded before import = 0Number of asset objects unloaded after import = 2

========================================================================
Received Import Request.
  Time since last request: 0.000231 seconds.
  path: Assets/FIRE_MUZ/WarFX/Desktop/Textures/Misc/WFX_T_GlowPalet A8.png
  artifactKey: Guid(e9047c31f56e6314284348d24247f9fa) Importer(2089858483,192608db42251d675da83286b1cce702)
Start importing Assets/FIRE_MUZ/WarFX/Desktop/Textures/Misc/WFX_T_GlowPalet A8.png using Guid(e9047c31f56e6314284348d24247f9fa) Importer(2089858483,192608db42251d675da83286b1cce702) (ScriptedImporter) -> (artifact id: '74ddf5477facc77bdb2478701be05b2a') in 0.0076753 seconds
Number of updated asset objects reloaded before import = 0Number of asset objects unloaded after import = 1

========================================================================
Received Import Request.
  Time since last request: 0.000210 seconds.
  path: Assets/FIRE_MUZ/WarFX/Desktop/Materials/MuzzleFlashes/WFX_M_MF Side RIFLE3.mat
  artifactKey: Guid(08803d215d76c924c8318bec4eeffab5) Importer(2089858483,192608db42251d675da83286b1cce702)
Start importing Assets/FIRE_MUZ/WarFX/Desktop/Materials/MuzzleFlashes/WFX_M_MF Side RIFLE3.mat using Guid(08803d215d76c924c8318bec4eeffab5) Importer(2089858483,192608db42251d675da83286b1cce702) (ScriptedImporter) -> (artifact id: '5f65390f74f8cf164d142388d56f3b77') in 0.0055638 seconds
Number of updated asset objects reloaded before import = 0Number of asset objects unloaded after import = 2

========================================================================
Received Import Request.
  Time since last request: 0.000037 seconds.
  path: Assets/FIRE_MUZ/WarFX/Mobile/Materials/MuzzleFlashes/WFXM_M_MF Side RIFLE1.mat
  artifactKey: Guid(5670cff32df718c4e8424e5e4fb3cf46) Importer(2089858483,192608db42251d675da83286b1cce702)
Start importing Assets/FIRE_MUZ/WarFX/Mobile/Materials/MuzzleFlashes/WFXM_M_MF Side RIFLE1.mat using Guid(5670cff32df718c4e8424e5e4fb3cf46) Importer(2089858483,192608db42251d675da83286b1cce702) (ScriptedImporter) -> (artifact id: '5dee4b8d2679b6edca85c4d5c5869c3a') in 0.0074909 seconds
Number of updated asset objects reloaded before import = 0Number of asset objects unloaded after import = 2

========================================================================
Received Import Request.
  Time since last request: 0.000024 seconds.
  path: Assets/FIRE_MUZ/WarFX/Mobile/Materials/Flames/WFXM_M_FlameSmall ScrollAdd.mat
  artifactKey: Guid(70772a3d4102d07468e841ebff06d1f2) Importer(2089858483,192608db42251d675da83286b1cce702)
Start importing Assets/FIRE_MUZ/WarFX/Mobile/Materials/Flames/WFXM_M_FlameSmall ScrollAdd.mat using Guid(70772a3d4102d07468e841ebff06d1f2) Importer(2089858483,192608db42251d675da83286b1cce702) (ScriptedImporter) -> (artifact id: '66c263c4f0f82c99d259bb69eba7e213') in 0.0059794 seconds
Number of updated asset objects reloaded before import = 0Number of asset objects unloaded after import = 2

========================================================================
Received Import Request.
  Time since last request: 0.000036 seconds.
  path: Assets/FIRE_MUZ/WarFX/Mobile/Textures/Smoke/WFXM_T_SmokeLoopAlpha Average.tga
  artifactKey: Guid(d4a2006d08ce68a41a5ca355a39d697e) Importer(2089858483,192608db42251d675da83286b1cce702)
Start importing Assets/FIRE_MUZ/WarFX/Mobile/Textures/Smoke/WFXM_T_SmokeLoopAlpha Average.tga using Guid(d4a2006d08ce68a41a5ca355a39d697e) Importer(2089858483,192608db42251d675da83286b1cce702) (ScriptedImporter) -> (artifact id: '5f150877c849bbe174afa6f04d4e0cc5') in 0.007868 seconds
Number of updated asset objects reloaded before import = 0Number of asset objects unloaded after import = 1

========================================================================
Received Import Request.
  Time since last request: 0.040776 seconds.
  path: Assets/FIRE_MUZ/WarFX/_Effects (Mobile)/MuzzleFlashes/4Planes/WFXMR_MF 4P RIFLE3.prefab
  artifactKey: Guid(c5946a66b3eec2d479e20b7315b06bf8) Importer(2089858483,192608db42251d675da83286b1cce702)
Start importing Assets/FIRE_MUZ/WarFX/_Effects (Mobile)/MuzzleFlashes/4Planes/WFXMR_MF 4P RIFLE3.prefab using Guid(c5946a66b3eec2d479e20b7315b06bf8) Importer(2089858483,192608db42251d675da83286b1cce702) (ScriptedImporter) -> (artifact id: '2eb7934cda5bf38d44f10faac8324b1e') in 0.0277611 seconds
Number of updated asset objects reloaded before import = 0Number of asset objects unloaded after import = 29

========================================================================
Received Import Request.
  Time since last request: 0.000012 seconds.
  path: Assets/Samples/XR Interaction Toolkit/3.0.8/Hands Interaction Demo/Scripts/Vector3ScaleAffordanceReceiver.cs
  artifactKey: Guid(27bee223346c63f4bb2b0f85250f58b7) Importer(2089858483,192608db42251d675da83286b1cce702)
Start importing Assets/Samples/XR Interaction Toolkit/3.0.8/Hands Interaction Demo/Scripts/Vector3ScaleAffordanceReceiver.cs using Guid(27bee223346c63f4bb2b0f85250f58b7) Importer(2089858483,192608db42251d675da83286b1cce702) (ScriptedImporter) -> (artifact id: 'ba967f95f4894fe7cddda310cdc1cc34') in 0.003774 seconds
Number of updated asset objects reloaded before import = 0Number of asset objects unloaded after import = 0

========================================================================
Received Import Request.
  Time since last request: 0.000110 seconds.
  path: Assets/Samples/XR Interaction Toolkit/3.0.8/Starter Assets/AffordanceThemes/ControllerPokeSphereScale.asset
  artifactKey: Guid(fd784a23f6ef7774a8998adf6e979d04) Importer(2089858483,192608db42251d675da83286b1cce702)
Start importing Assets/Samples/XR Interaction Toolkit/3.0.8/Starter Assets/AffordanceThemes/ControllerPokeSphereScale.asset using Guid(fd784a23f6ef7774a8998adf6e979d04) Importer(2089858483,192608db42251d675da83286b1cce702) (ScriptedImporter) -> (artifact id: '9a6dfdc61739bf737b8d705fb37f56dc') in 0.0053811 seconds
Number of updated asset objects reloaded before import = 0Number of asset objects unloaded after import = 1

========================================================================
Received Import Request.
  Time since last request: 0.000127 seconds.
  path: Assets/Samples/XR Interaction Toolkit/3.0.8/Hands Interaction Demo/HandsDemoSceneAssets/Prefabs/DiscController.prefab
  artifactKey: Guid(6b7188f9e149bd64cb26cec516eb470c) Importer(2089858483,192608db42251d675da83286b1cce702)
Start importing Assets/Samples/XR Interaction Toolkit/3.0.8/Hands Interaction Demo/HandsDemoSceneAssets/Prefabs/DiscController.prefab using Guid(6b7188f9e149bd64cb26cec516eb470c) Importer(2089858483,192608db42251d675da83286b1cce702) (ScriptedImporter) -> (artifact id: 'd55443ade7cc4e29ffa9c5b552257214') in 0.0524533 seconds
Number of updated asset objects reloaded before import = 0Number of asset objects unloaded after import = 26

========================================================================
Received Import Request.
  Time since last request: 0.000015 seconds.
  path: Assets/Samples/XR Interaction Toolkit/3.0.8/Hands Interaction Demo/AffordanceThemes/InteractionColor.asset
  artifactKey: Guid(2447c2ae63ed301429bb0f32f88ef8ce) Importer(2089858483,192608db42251d675da83286b1cce702)
Start importing Assets/Samples/XR Interaction Toolkit/3.0.8/Hands Interaction Demo/AffordanceThemes/InteractionColor.asset using Guid(2447c2ae63ed301429bb0f32f88ef8ce) Importer(2089858483,192608db42251d675da83286b1cce702) (ScriptedImporter) -> (artifact id: 'f28f17154c1406befd976b8175c56d09') in 0.0044678 seconds
Number of updated asset objects reloaded before import = 0Number of asset objects unloaded after import = 1

========================================================================
Received Import Request.
  Time since last request: 0.000181 seconds.
  path: Assets/Samples/XR Hands/1.5.1/HandVisualizer/Materials/Green.mat
  artifactKey: Guid(727f87098255ad04987a60f5f08390bc) Importer(2089858483,192608db42251d675da83286b1cce702)
Start importing Assets/Samples/XR Hands/1.5.1/HandVisualizer/Materials/Green.mat using Guid(727f87098255ad04987a60f5f08390bc) Importer(2089858483,192608db42251d675da83286b1cce702) (ScriptedImporter) -> (artifact id: 'be8496f8c1f7ef7f476a45e1847c6bd5') in 0.0035284 seconds
Number of updated asset objects reloaded before import = 0Number of asset objects unloaded after import = 1

========================================================================
Received Import Request.
  Time since last request: 0.000067 seconds.
  path: Assets/Samples/XR Interaction Toolkit/3.0.8/Starter Assets/Presets/XRI Default Snap Turn.preset
  artifactKey: Guid(5d3a60dbf2f04694f9060712df89debb) Importer(2089858483,192608db42251d675da83286b1cce702)
Start importing Assets/Samples/XR Interaction Toolkit/3.0.8/Starter Assets/Presets/XRI Default Snap Turn.preset using Guid(5d3a60dbf2f04694f9060712df89debb) Importer(2089858483,192608db42251d675da83286b1cce702) (ScriptedImporter) -> (artifact id: '9a8020e6d237f56c37dbb48e2af7df62') in 0.0109011 seconds
Number of updated asset objects reloaded before import = 0Number of asset objects unloaded after import = 4

========================================================================
Received Import Request.
  Time since last request: 0.000056 seconds.
  path: Assets/FIRE_MUZ/WarFX/_Effects (Mobile)/Smoke/Color Variants/WFXMR_SmokeGrenade Blue.prefab
  artifactKey: Guid(c597b2efa172dc449a3e03319f110f35) Importer(2089858483,192608db42251d675da83286b1cce702)
Start importing Assets/FIRE_MUZ/WarFX/_Effects (Mobile)/Smoke/Color Variants/WFXMR_SmokeGrenade Blue.prefab using Guid(c597b2efa172dc449a3e03319f110f35) Importer(2089858483,192608db42251d675da83286b1cce702) (ScriptedImporter) -> (artifact id: 'dc826a400d531c66a7f606a1ce12290d') in 0.0276585 seconds
Number of updated asset objects reloaded before import = 0Number of asset objects unloaded after import = 11

========================================================================
Received Import Request.
  Time since last request: 0.000028 seconds.
  path: Assets/Samples/XR Interaction Toolkit/3.0.8/Starter Assets/Editor/StarterAssets.Editor.asmdef
  artifactKey: Guid(9233538b711383d449a485633568d17c) Importer(2089858483,192608db42251d675da83286b1cce702)
Start importing Assets/Samples/XR Interaction Toolkit/3.0.8/Starter Assets/Editor/StarterAssets.Editor.asmdef using Guid(9233538b711383d449a485633568d17c) Importer(2089858483,192608db42251d675da83286b1cce702) (ScriptedImporter) -> (artifact id: '5353cf18787c2f5d830a594e3f471752') in 0.0030133 seconds
Number of updated asset objects reloaded before import = 0Number of asset objects unloaded after import = 1

========================================================================
Received Import Request.
  Time since last request: 0.000179 seconds.
  path: Assets/Samples/XR Interaction Toolkit/3.0.8/Starter Assets/DemoSceneAssets/Materials/Concrete Dark Blue.mat
  artifactKey: Guid(bbb56ac3cf3c61a46ab3887c0fdbda8f) Importer(2089858483,192608db42251d675da83286b1cce702)
Start importing Assets/Samples/XR Interaction Toolkit/3.0.8/Starter Assets/DemoSceneAssets/Materials/Concrete Dark Blue.mat using Guid(bbb56ac3cf3c61a46ab3887c0fdbda8f) Importer(2089858483,192608db42251d675da83286b1cce702) (ScriptedImporter) -> (artifact id: '8b44203ce8e8c40419a1d2737e49a551') in 0.0413971 seconds
Number of updated asset objects reloaded before import = 0Number of asset objects unloaded after import = 3

========================================================================
Received Import Request.
  Time since last request: 0.000066 seconds.
  path: Assets/Samples/XR Interaction Toolkit/3.0.8/Hands Interaction Demo/HandsDemoSceneAssets/Prefabs/AudioAffordance.prefab
  artifactKey: Guid(1c54cdd9a14d96049a8d37d422bd0e17) Importer(2089858483,192608db42251d675da83286b1cce702)
Start importing Assets/Samples/XR Interaction Toolkit/3.0.8/Hands Interaction Demo/HandsDemoSceneAssets/Prefabs/AudioAffordance.prefab using Guid(1c54cdd9a14d96049a8d37d422bd0e17) Importer(2089858483,192608db42251d675da83286b1cce702) (ScriptedImporter) -> (artifact id: '9dcdc090ce7dc1bd0de3278ecd02ceef') in 0.0164985 seconds
Number of updated asset objects reloaded before import = 0Number of asset objects unloaded after import = 9

========================================================================
Received Import Request.
  Time since last request: 0.000021 seconds.
  path: Assets/Samples/XR Interaction Toolkit/3.0.8/Hands Interaction Demo/Scripts/LocalPositionOffsetAffordanceReceiver.cs
  artifactKey: Guid(865d01d2834c9cb4caa8f2c901104c2d) Importer(2089858483,192608db42251d675da83286b1cce702)
Start importing Assets/Samples/XR Interaction Toolkit/3.0.8/Hands Interaction Demo/Scripts/LocalPositionOffsetAffordanceReceiver.cs using Guid(865d01d2834c9cb4caa8f2c901104c2d) Importer(2089858483,192608db42251d675da83286b1cce702) (ScriptedImporter) -> (artifact id: 'b14c4ff15fe9bbbdd38d4035f4a49c1f') in 0.0042021 seconds
Number of updated asset objects reloaded before import = 0Number of asset objects unloaded after import = 0

========================================================================
Received Import Request.
  Time since last request: 0.000335 seconds.
  path: Assets/Samples/XR Interaction Toolkit/3.0.8/Starter Assets/DemoSceneAssets/Prefabs/Poke Interactions Sample.prefab
  artifactKey: Guid(88246f8e9c3765d49be8da34eca3c630) Importer(2089858483,192608db42251d675da83286b1cce702)
Start importing Assets/Samples/XR Interaction Toolkit/3.0.8/Starter Assets/DemoSceneAssets/Prefabs/Poke Interactions Sample.prefab using Guid(88246f8e9c3765d49be8da34eca3c630) Importer(2089858483,192608db42251d675da83286b1cce702) (ScriptedImporter) -> (artifact id: '9cb1e25960c7f3706fda77f80ccc0499') in 0.0242055 seconds
Number of updated asset objects reloaded before import = 0Number of asset objects unloaded after import = 103

========================================================================
Received Import Request.
  Time since last request: 0.000016 seconds.
  path: Assets/Samples/XR Interaction Toolkit/3.0.8/Hands Interaction Demo/HandsDemoSceneAssets/Materials/Interactable White.mat
  artifactKey: Guid(b3c19a119577be64885886bfcc8792fe) Importer(2089858483,192608db42251d675da83286b1cce702)
Start importing Assets/Samples/XR Interaction Toolkit/3.0.8/Hands Interaction Demo/HandsDemoSceneAssets/Materials/Interactable White.mat using Guid(b3c19a119577be64885886bfcc8792fe) Importer(2089858483,192608db42251d675da83286b1cce702) (ScriptedImporter) -> (artifact id: '8ebd18f7b2d60468e116c96e99032e44') in 0.0047401 seconds
Number of updated asset objects reloaded before import = 0Number of asset objects unloaded after import = 1

========================================================================
Received Import Request.
  Time since last request: 0.000295 seconds.
  path: Assets/Samples/XR Interaction Toolkit/3.0.8/Hands Interaction Demo/Materials/Unity_Hand_Dark.mat
  artifactKey: Guid(c1c1d86181c00bf4dabbad3ca0b191e7) Importer(2089858483,192608db42251d675da83286b1cce702)
Start importing Assets/Samples/XR Interaction Toolkit/3.0.8/Hands Interaction Demo/Materials/Unity_Hand_Dark.mat using Guid(c1c1d86181c00bf4dabbad3ca0b191e7) Importer(2089858483,192608db42251d675da83286b1cce702) (ScriptedImporter) -> (artifact id: '495af1002a1920efc3ecdf7735636d52') in 0.1902422 seconds
Number of updated asset objects reloaded before import = 0Number of asset objects unloaded after import = 3

========================================================================
Received Import Request.
  Time since last request: 0.000015 seconds.
  path: Assets/Samples/XR Interaction Toolkit/3.0.8/Starter Assets/Materials/UI-NoZTest.mat
  artifactKey: Guid(6f3d696f7c3365846b6dc2402afb3d3e) Importer(2089858483,192608db42251d675da83286b1cce702)
Start importing Assets/Samples/XR Interaction Toolkit/3.0.8/Starter Assets/Materials/UI-NoZTest.mat using Guid(6f3d696f7c3365846b6dc2402afb3d3e) Importer(2089858483,192608db42251d675da83286b1cce702) (ScriptedImporter) -> (artifact id: 'ee9e2629385e51d91c83e74250b47f10') in 0.0304763 seconds
Number of updated asset objects reloaded before import = 0Number of asset objects unloaded after import = 1

========================================================================
Received Import Request.
  Time since last request: 0.000030 seconds.
  path: Assets/Samples/XR Interaction Toolkit/3.0.8/Starter Assets/Filters/AnyGazedAtTeleportAnchorFilter.asset
  artifactKey: Guid(0f906c94e2aa0c3488832acc1db04295) Importer(2089858483,192608db42251d675da83286b1cce702)
Start importing Assets/Samples/XR Interaction Toolkit/3.0.8/Starter Assets/Filters/AnyGazedAtTeleportAnchorFilter.asset using Guid(0f906c94e2aa0c3488832acc1db04295) Importer(2089858483,192608db42251d675da83286b1cce702) (ScriptedImporter) -> (artifact id: '4e6780ec2418baa94b6f81f8ae1c4c99') in 0.0039592 seconds
Number of updated asset objects reloaded before import = 0Number of asset objects unloaded after import = 1

========================================================================
Received Import Request.
  Time since last request: 0.000047 seconds.
  path: Assets/Samples/XR Interaction Toolkit/3.0.8/XR Device Simulator/Hand Expression Captures/Fist Expression Capture.asset
  artifactKey: Guid(2a7c8ca0feac7cc44a5c225164ef311d) Importer(2089858483,192608db42251d675da83286b1cce702)
Start importing Assets/Samples/XR Interaction Toolkit/3.0.8/XR Device Simulator/Hand Expression Captures/Fist Expression Capture.asset using Guid(2a7c8ca0feac7cc44a5c225164ef311d) Importer(2089858483,192608db42251d675da83286b1cce702) (ScriptedImporter) -> (artifact id: 'da8b87d669a6a4d1cff3d762afb3172b') in 0.0062256 seconds
Number of updated asset objects reloaded before import = 0Number of asset objects unloaded after import = 2

========================================================================
Received Import Request.
  Time since last request: 0.000111 seconds.
  path: Assets/Samples/XR Interaction Toolkit/3.0.8/XR Device Simulator/Hand Expression Captures/Grab Expression Capture.asset
  artifactKey: Guid(3861c298d39c60c44b16920421444875) Importer(2089858483,192608db42251d675da83286b1cce702)
Start importing Assets/Samples/XR Interaction Toolkit/3.0.8/XR Device Simulator/Hand Expression Captures/Grab Expression Capture.asset using Guid(3861c298d39c60c44b16920421444875) Importer(2089858483,192608db42251d675da83286b1cce702) (ScriptedImporter) -> (artifact id: '45ac78f83955517e8ba2da83de74afb2') in 0.0045805 seconds
Number of updated asset objects reloaded before import = 0Number of asset objects unloaded after import = 2

========================================================================
Received Import Request.
  Time since last request: 0.000025 seconds.
  path: Assets/Samples/XR Interaction Toolkit/3.0.8/XR Device Simulator/Hand Expression Captures/Open Expression Capture.asset
  artifactKey: Guid(05293ab353dc8a747a36ed129311686d) Importer(2089858483,192608db42251d675da83286b1cce702)
Start importing Assets/Samples/XR Interaction Toolkit/3.0.8/XR Device Simulator/Hand Expression Captures/Open Expression Capture.asset using Guid(05293ab353dc8a747a36ed129311686d) Importer(2089858483,192608db42251d675da83286b1cce702) (ScriptedImporter) -> (artifact id: '498e7f985e9ebc0a3f503fc58cd37e5e') in 0.0038768 seconds
Number of updated asset objects reloaded before import = 0Number of asset objects unloaded after import = 2

========================================================================
Received Import Request.
  Time since last request: 0.000430 seconds.
  path: Assets/Samples/XR Interaction Toolkit/3.0.8/Hands Interaction Demo/Scripts/MetaSystemGestureDetector.cs
  artifactKey: Guid(a83bc4aa48d0da648b49d0fd56690b25) Importer(2089858483,192608db42251d675da83286b1cce702)
Start importing Assets/Samples/XR Interaction Toolkit/3.0.8/Hands Interaction Demo/Scripts/MetaSystemGestureDetector.cs using Guid(a83bc4aa48d0da648b49d0fd56690b25) Importer(2089858483,192608db42251d675da83286b1cce702) (ScriptedImporter) -> (artifact id: '72bd2717f5bf12192a2c8423d8230b9b') in 0.0028154 seconds
Number of updated asset objects reloaded before import = 0Number of asset objects unloaded after import = 0

========================================================================
Received Import Request.
  Time since last request: 0.000349 seconds.
  path: Assets/Samples/XR Interaction Toolkit/3.0.8/Hands Interaction Demo/Materials/DepthOnly.mat
  artifactKey: Guid(455ef821a5429de4baeed61fa958acbc) Importer(2089858483,192608db42251d675da83286b1cce702)
Start importing Assets/Samples/XR Interaction Toolkit/3.0.8/Hands Interaction Demo/Materials/DepthOnly.mat using Guid(455ef821a5429de4baeed61fa958acbc) Importer(2089858483,192608db42251d675da83286b1cce702) (ScriptedImporter) -> (artifact id: '930e1239292c34e7ce90950cee16a421') in 0.0038597 seconds
Number of updated asset objects reloaded before import = 0Number of asset objects unloaded after import = 1

========================================================================
Received Import Request.
  Time since last request: 0.000262 seconds.
  path: Assets/Samples/XR Interaction Toolkit/3.0.8/Starter Assets/TunnelingVignette/TunnelingVignette.prefab
  artifactKey: Guid(6c8af5c8012f01440af6cb2bc3eb987c) Importer(2089858483,192608db42251d675da83286b1cce702)
Start importing Assets/Samples/XR Interaction Toolkit/3.0.8/Starter Assets/TunnelingVignette/TunnelingVignette.prefab using Guid(6c8af5c8012f01440af6cb2bc3eb987c) Importer(2089858483,192608db42251d675da83286b1cce702) (ScriptedImporter) -> (artifact id: 'af3b64473e9cace9128059c40a905416') in 0.0123005 seconds
Number of updated asset objects reloaded before import = 0Number of asset objects unloaded after import = 10

========================================================================
Received Import Request.
  Time since last request: 0.000021 seconds.
  path: Assets/Samples/XR Interaction Toolkit/3.0.8/Starter Assets/DemoSceneAssets/Prefabs/Interactables/Cylinder.prefab
  artifactKey: Guid(2ed984a58a974166bf92c82a74380454) Importer(2089858483,192608db42251d675da83286b1cce702)
Start importing Assets/Samples/XR Interaction Toolkit/3.0.8/Starter Assets/DemoSceneAssets/Prefabs/Interactables/Cylinder.prefab using Guid(2ed984a58a974166bf92c82a74380454) Importer(2089858483,192608db42251d675da83286b1cce702) (ScriptedImporter) -> (artifact id: 'c0d3e7f38281e115f6fcce967db2b458') in 0.0153047 seconds
Number of updated asset objects reloaded before import = 0Number of asset objects unloaded after import = 23

========================================================================
Received Import Request.
  Time since last request: 0.000032 seconds.
  path: Assets/Samples/XR Interaction Toolkit/3.0.8/XR Device Simulator/UI/Hands/Hand_Pinch.png
  artifactKey: Guid(a6721511441c05a43964dac58584c890) Importer(2089858483,192608db42251d675da83286b1cce702)
Start importing Assets/Samples/XR Interaction Toolkit/3.0.8/XR Device Simulator/UI/Hands/Hand_Pinch.png using Guid(a6721511441c05a43964dac58584c890) Importer(2089858483,192608db42251d675da83286b1cce702) (ScriptedImporter) -> (artifact id: '58a2f8ece89d98bef5793bbca8e35ece') in 0.0108365 seconds
Number of updated asset objects reloaded before import = 0Number of asset objects unloaded after import = 3

========================================================================
Received Import Request.
  Time since last request: 0.000019 seconds.
  path: Assets/Samples/XR Interaction Toolkit/3.0.8/XR Device Simulator/UI/General/btn_bgbottom.png
  artifactKey: Guid(89cb99e3e22696848a1cbce7b320f520) Importer(2089858483,192608db42251d675da83286b1cce702)
Start importing Assets/Samples/XR Interaction Toolkit/3.0.8/XR Device Simulator/UI/General/btn_bgbottom.png using Guid(89cb99e3e22696848a1cbce7b320f520) Importer(2089858483,192608db42251d675da83286b1cce702) (ScriptedImporter) -> (artifact id: 'd810bf480d939d62f4a96f490607805e') in 0.0141998 seconds
Number of updated asset objects reloaded before import = 0Number of asset objects unloaded after import = 3

========================================================================
Received Import Request.
  Time since last request: 0.000013 seconds.
  path: Assets/Samples/XR Interaction Toolkit/3.0.8/Starter Assets/Prefabs/Affordances/HighlightInteractionAffordance.prefab
  artifactKey: Guid(6b12f432fa58c224baf0d659706362be) Importer(2089858483,192608db42251d675da83286b1cce702)
Start importing Assets/Samples/XR Interaction Toolkit/3.0.8/Starter Assets/Prefabs/Affordances/HighlightInteractionAffordance.prefab using Guid(6b12f432fa58c224baf0d659706362be) Importer(2089858483,192608db42251d675da83286b1cce702) (ScriptedImporter) -> (artifact id: '0612328912b491152ff0e22a3d9e6d05') in 0.0172182 seconds
Number of updated asset objects reloaded before import = 0Number of asset objects unloaded after import = 12

========================================================================
Received Import Request.
  Time since last request: 0.000035 seconds.
  path: Assets/Samples/XR Interaction Toolkit/3.0.8/Starter Assets/DemoSceneAssets/Sprites/Checkmark.png
  artifactKey: Guid(db3e7b7c8db355e499429545071a0321) Importer(2089858483,192608db42251d675da83286b1cce702)
Start importing Assets/Samples/XR Interaction Toolkit/3.0.8/Starter Assets/DemoSceneAssets/Sprites/Checkmark.png using Guid(db3e7b7c8db355e499429545071a0321) Importer(2089858483,192608db42251d675da83286b1cce702) (ScriptedImporter) -> (artifact id: '1dd4eea7bb99fa59a6a30c668ccb131a') in 0.0079219 seconds
Number of updated asset objects reloaded before import = 0Number of asset objects unloaded after import = 3

========================================================================
Received Import Request.
  Time since last request: 0.000075 seconds.
  path: Assets/Samples/XR Interaction Toolkit/3.0.8/Hands Interaction Demo/HandsDemoSceneAssets/Prefabs/UI/TouchPadButton.prefab
  artifactKey: Guid(b0c78422845bac948a9080175e57ffff) Importer(2089858483,192608db42251d675da83286b1cce702)
Start importing Assets/Samples/XR Interaction Toolkit/3.0.8/Hands Interaction Demo/HandsDemoSceneAssets/Prefabs/UI/TouchPadButton.prefab using Guid(b0c78422845bac948a9080175e57ffff) Importer(2089858483,192608db42251d675da83286b1cce702) (ScriptedImporter) -> (artifact id: '090251ea2fe278f33418649a925dd62c') in 0.0365427 seconds
Number of updated asset objects reloaded before import = 0Number of asset objects unloaded after import = 24

========================================================================
Received Import Request.
  Time since last request: 0.000029 seconds.
  path: Assets/Samples/XR Interaction Toolkit/3.0.8/Hands Interaction Demo/AffordanceThemes/PinchPointUniformScaleScale.asset
  artifactKey: Guid(d22e48f34794ab9498d082f9713c2293) Importer(2089858483,192608db42251d675da83286b1cce702)
Start importing Assets/Samples/XR Interaction Toolkit/3.0.8/Hands Interaction Demo/AffordanceThemes/PinchPointUniformScaleScale.asset using Guid(d22e48f34794ab9498d082f9713c2293) Importer(2089858483,192608db42251d675da83286b1cce702) (ScriptedImporter) -> (artifact id: '88799f2b098aa908b4dd469647abd346') in 0.0035829 seconds
Number of updated asset objects reloaded before import = 0Number of asset objects unloaded after import = 1

========================================================================
Received Import Request.
  Time since last request: 0.000073 seconds.
  path: Assets/FIRE_MUZ/WarFX/_Effects (Mobile)/Bullet Impacts/+ Bullet Hole/Unlit/WFXMR_BImpact Concrete + Hole Unlit.prefab
  artifactKey: Guid(382c72524bd69044fae222eefa70563a) Importer(2089858483,192608db42251d675da83286b1cce702)
Start importing Assets/FIRE_MUZ/WarFX/_Effects (Mobile)/Bullet Impacts/+ Bullet Hole/Unlit/WFXMR_BImpact Concrete + Hole Unlit.prefab using Guid(382c72524bd69044fae222eefa70563a) Importer(2089858483,192608db42251d675da83286b1cce702) (ScriptedImporter) -> (artifact id: '33b9d651fcfdd7b12cafb03f5ecba10c') in 0.0315756 seconds
Number of updated asset objects reloaded before import = 0Number of asset objects unloaded after import = 21

========================================================================
Received Import Request.
  Time since last request: 0.000016 seconds.
  path: Assets/Samples/XR Interaction Toolkit/3.0.8/Starter Assets/DemoSceneAssets/Materials/Lit White.mat
  artifactKey: Guid(fc226930e8fad4c499969204cecfbc05) Importer(2089858483,192608db42251d675da83286b1cce702)
Start importing Assets/Samples/XR Interaction Toolkit/3.0.8/Starter Assets/DemoSceneAssets/Materials/Lit White.mat using Guid(fc226930e8fad4c499969204cecfbc05) Importer(2089858483,192608db42251d675da83286b1cce702) (ScriptedImporter) -> (artifact id: 'fa7c0e094de8bf016cf85488d34b1f38') in 0.0323572 seconds
Number of updated asset objects reloaded before import = 0Number of asset objects unloaded after import = 1

========================================================================
Received Import Request.
  Time since last request: 0.000205 seconds.
  path: Assets/Samples/XR Interaction Toolkit/3.0.8/Hands Interaction Demo/HandsDemoSceneAssets/Models/Frame.fbx
  artifactKey: Guid(171affcd2d7ddf545ae966acd2de57c2) Importer(2089858483,192608db42251d675da83286b1cce702)
Start importing Assets/Samples/XR Interaction Toolkit/3.0.8/Hands Interaction Demo/HandsDemoSceneAssets/Models/Frame.fbx using Guid(171affcd2d7ddf545ae966acd2de57c2) Importer(2089858483,192608db42251d675da83286b1cce702) (ScriptedImporter) -> (artifact id: 'b0550945782191318e5c15512cab7c1c') in 0.0139288 seconds
Number of updated asset objects reloaded before import = 0Number of asset objects unloaded after import = 30

========================================================================
Received Import Request.
  Time since last request: 0.000090 seconds.
  path: Assets/Samples/XR Interaction Toolkit/3.0.8/Starter Assets/DemoSceneAssets/Models/Primitive_Blaster.fbx
  artifactKey: Guid(e8cf87fef9298444ca38948b2c8a4073) Importer(2089858483,192608db42251d675da83286b1cce702)
Start importing Assets/Samples/XR Interaction Toolkit/3.0.8/Starter Assets/DemoSceneAssets/Models/Primitive_Blaster.fbx using Guid(e8cf87fef9298444ca38948b2c8a4073) Importer(2089858483,192608db42251d675da83286b1cce702) (ScriptedImporter) -> (artifact id: 'e1d701a1d59cf26d86775e5a5aa3127c') in 0.0117234 seconds
Number of updated asset objects reloaded before import = 0Number of asset objects unloaded after import = 8

========================================================================
Received Import Request.
  Time since last request: 0.000020 seconds.
  path: Assets/Samples/XR Hands/1.5.1/HandVisualizer/Scripts/HandProcessor.cs
  artifactKey: Guid(ac5903b776721d74786a2e43f00b949a) Importer(2089858483,192608db42251d675da83286b1cce702)
Start importing Assets/Samples/XR Hands/1.5.1/HandVisualizer/Scripts/HandProcessor.cs using Guid(ac5903b776721d74786a2e43f00b949a) Importer(2089858483,192608db42251d675da83286b1cce702) (ScriptedImporter) -> (artifact id: '31ff6d9fc8d0df0ef9190344a2321d8b') in 0.0032609 seconds
Number of updated asset objects reloaded before import = 0Number of asset objects unloaded after import = 0

========================================================================
Received Import Request.
  Time since last request: 0.000217 seconds.
  path: Assets/Samples/XR Interaction Toolkit/3.0.8/Starter Assets/Presets/XRI Default Right Controller InputActionManager.preset
  artifactKey: Guid(55f7614a1d331d14bb631965514937d8) Importer(2089858483,192608db42251d675da83286b1cce702)
Start importing Assets/Samples/XR Interaction Toolkit/3.0.8/Starter Assets/Presets/XRI Default Right Controller InputActionManager.preset using Guid(55f7614a1d331d14bb631965514937d8) Importer(2089858483,192608db42251d675da83286b1cce702) (ScriptedImporter) -> (artifact id: 'e7cbd8648bd980ebb7597a70873e74f2') in 0.0076908 seconds
Number of updated asset objects reloaded before import = 0Number of asset objects unloaded after import = 8

========================================================================
Received Import Request.
  Time since last request: 0.000020 seconds.
  path: Assets/Samples/XR Interaction Toolkit/3.0.8/Starter Assets/DemoSceneAssets/Sprites/Forward.png
  artifactKey: Guid(f8ecc54972abacc46a93f671b0602139) Importer(2089858483,192608db42251d675da83286b1cce702)
Start importing Assets/Samples/XR Interaction Toolkit/3.0.8/Starter Assets/DemoSceneAssets/Sprites/Forward.png using Guid(f8ecc54972abacc46a93f671b0602139) Importer(2089858483,192608db42251d675da83286b1cce702) (ScriptedImporter) -> (artifact id: 'bef44bbab052945736c807943e68ec53') in 0.0090997 seconds
Number of updated asset objects reloaded before import = 0Number of asset objects unloaded after import = 3

========================================================================
Received Import Request.
  Time since last request: 0.000311 seconds.
  path: Assets/Samples/XR Interaction Toolkit/3.0.8/Hands Interaction Demo/HandsDemoSceneAssets/Prefabs/Cube.prefab
  artifactKey: Guid(f5afcb7f49afad5419049090809f5cc7) Importer(2089858483,192608db42251d675da83286b1cce702)
Start importing Assets/Samples/XR Interaction Toolkit/3.0.8/Hands Interaction Demo/HandsDemoSceneAssets/Prefabs/Cube.prefab using Guid(f5afcb7f49afad5419049090809f5cc7) Importer(2089858483,192608db42251d675da83286b1cce702) (ScriptedImporter) -> (artifact id: '19e31771087068bbb9fbe3bc3252e7e5') in 0.0174326 seconds
Number of updated asset objects reloaded before import = 0Number of asset objects unloaded after import = 23

========================================================================
Received Import Request.
  Time since last request: 0.000018 seconds.
  path: Assets/Samples/XR Interaction Toolkit/3.0.8/Starter Assets/DemoSceneAssets/Prefabs/Climb/Single Floor Ladder.prefab
  artifactKey: Guid(1f62bdd0e59688d4bb754afe89fa2f5a) Importer(2089858483,192608db42251d675da83286b1cce702)
Start importing Assets/Samples/XR Interaction Toolkit/3.0.8/Starter Assets/DemoSceneAssets/Prefabs/Climb/Single Floor Ladder.prefab using Guid(1f62bdd0e59688d4bb754afe89fa2f5a) Importer(2089858483,192608db42251d675da83286b1cce702) (ScriptedImporter) -> (artifact id: '4a6924f35f7ac21d964db1a6dd54ef58') in 0.0166563 seconds
Number of updated asset objects reloaded before import = 0Number of asset objects unloaded after import = 198

========================================================================
Received Import Request.
  Time since last request: 0.000019 seconds.
  path: Assets/Samples/XR Interaction Toolkit/3.0.8/Hands Interaction Demo/HandsDemoSceneAssets/Models/VirtualTabletop.fbx
  artifactKey: Guid(365907f61b8b39a48aab9aacd4588f45) Importer(2089858483,192608db42251d675da83286b1cce702)
Start importing Assets/Samples/XR Interaction Toolkit/3.0.8/Hands Interaction Demo/HandsDemoSceneAssets/Models/VirtualTabletop.fbx using Guid(365907f61b8b39a48aab9aacd4588f45) Importer(2089858483,192608db42251d675da83286b1cce702) (ScriptedImporter) -> (artifact id: 'c19d5adf16deef966454ceee3c7e959e') in 0.0130194 seconds
Number of updated asset objects reloaded before import = 0Number of asset objects unloaded after import = 8

========================================================================
Received Import Request.
  Time since last request: 0.000160 seconds.
  path: Assets/Samples/XR Interaction Toolkit/3.0.8/XR Device Simulator/UI/Hands/Hand_Default.png
  artifactKey: Guid(7d3dbc333af046c4193982e1166659dd) Importer(2089858483,192608db42251d675da83286b1cce702)
Start importing Assets/Samples/XR Interaction Toolkit/3.0.8/XR Device Simulator/UI/Hands/Hand_Default.png using Guid(7d3dbc333af046c4193982e1166659dd) Importer(2089858483,192608db42251d675da83286b1cce702) (ScriptedImporter) -> (artifact id: 'd99c83539a9ca2ae2812c7144ab6cccc') in 0.0091511 seconds
Number of updated asset objects reloaded before import = 0Number of asset objects unloaded after import = 3

========================================================================
Received Import Request.
  Time since last request: 0.000241 seconds.
  path: Assets/Samples/XR Interaction Toolkit/3.0.8/Hands Interaction Demo/Scripts/PinchPointFollow.cs
  artifactKey: Guid(8693657abb5062a40a80ba3cb86ef181) Importer(2089858483,192608db42251d675da83286b1cce702)
Start importing Assets/Samples/XR Interaction Toolkit/3.0.8/Hands Interaction Demo/Scripts/PinchPointFollow.cs using Guid(8693657abb5062a40a80ba3cb86ef181) Importer(2089858483,192608db42251d675da83286b1cce702) (ScriptedImporter) -> (artifact id: '4318e038f26d2c4c1bfdb525ffaf3d00') in 0.002581 seconds
Number of updated asset objects reloaded before import = 0Number of asset objects unloaded after import = 0

========================================================================
Received Import Request.
  Time since last request: 0.000339 seconds.
  path: Assets/Samples/XR Interaction Toolkit/3.0.8/XR Device Simulator/Hand Expression Captures/Resting Expression Capture.asset
  artifactKey: Guid(5be099e6e6012c244bb41881b6c0ea07) Importer(2089858483,192608db42251d675da83286b1cce702)
Start importing Assets/Samples/XR Interaction Toolkit/3.0.8/XR Device Simulator/Hand Expression Captures/Resting Expression Capture.asset using Guid(5be099e6e6012c244bb41881b6c0ea07) Importer(2089858483,192608db42251d675da83286b1cce702) (ScriptedImporter) -> (artifact id: 'ec8f793a41127a4c434c5cf9b6f5166b') in 0.0041478 seconds
Number of updated asset objects reloaded before import = 0Number of asset objects unloaded after import = 2

========================================================================
Received Import Request.
  Time since last request: 0.000337 seconds.
  path: Assets/Samples/XR Interaction Toolkit/3.0.8/Hands Interaction Demo/HandsDemoSceneAssets/Prefabs/SimpleSocket.prefab
  artifactKey: Guid(aec71f91a8da27d418aa44bd0c543f9b) Importer(2089858483,192608db42251d675da83286b1cce702)
Start importing Assets/Samples/XR Interaction Toolkit/3.0.8/Hands Interaction Demo/HandsDemoSceneAssets/Prefabs/SimpleSocket.prefab using Guid(aec71f91a8da27d418aa44bd0c543f9b) Importer(2089858483,192608db42251d675da83286b1cce702) (ScriptedImporter) -> (artifact id: '5e485388d32365848c545c09cff81d82') in 0.0232081 seconds
Number of updated asset objects reloaded before import = 0Number of asset objects unloaded after import = 26

========================================================================
Received Import Request.
  Time since last request: 0.000128 seconds.
  path: Assets/Samples/XR Interaction Toolkit/3.0.8/Starter Assets/Scripts/ControllerInputActionManager.cs
  artifactKey: Guid(f9ac216f0eb04754b1d938aac6380b31) Importer(2089858483,192608db42251d675da83286b1cce702)
Start importing Assets/Samples/XR Interaction Toolkit/3.0.8/Starter Assets/Scripts/ControllerInputActionManager.cs using Guid(f9ac216f0eb04754b1d938aac6380b31) Importer(2089858483,192608db42251d675da83286b1cce702) (ScriptedImporter) -> (artifact id: 'cb510eaf11a1874c64bdf70073978b8d') in 0.0035636 seconds
Number of updated asset objects reloaded before import = 0Number of asset objects unloaded after import = 0

========================================================================
Received Import Request.
  Time since last request: 0.000383 seconds.
  path: Assets/Samples/XR Interaction Toolkit/3.0.8/XR Device Simulator/UI/General/Unlocked.png
  artifactKey: Guid(f01f3bb228b3b4251a04e2036212d115) Importer(2089858483,192608db42251d675da83286b1cce702)
Start importing Assets/Samples/XR Interaction Toolkit/3.0.8/XR Device Simulator/UI/General/Unlocked.png using Guid(f01f3bb228b3b4251a04e2036212d115) Importer(2089858483,192608db42251d675da83286b1cce702) (ScriptedImporter) -> (artifact id: '59fd22e15aee92d7c28908c26be6a454') in 0.0105344 seconds
Number of updated asset objects reloaded before import = 0Number of asset objects unloaded after import = 3

========================================================================
Received Import Request.
  Time since last request: 0.000048 seconds.
  path: Assets/FIRE_MUZ/WarFX/_Effects (Mobile)/Smoke/Color Variants/WFXMR_SmokeGrenade Yellow.prefab
  artifactKey: Guid(b5a53f08c73a5384c8790c0c16fa56ab) Importer(2089858483,192608db42251d675da83286b1cce702)
Start importing Assets/FIRE_MUZ/WarFX/_Effects (Mobile)/Smoke/Color Variants/WFXMR_SmokeGrenade Yellow.prefab using Guid(b5a53f08c73a5384c8790c0c16fa56ab) Importer(2089858483,192608db42251d675da83286b1cce702) (ScriptedImporter) -> (artifact id: '7460ce5a7b6bea1e6fffb5fe69b45f0b') in 0.0252465 seconds
Number of updated asset objects reloaded before import = 0Number of asset objects unloaded after import = 11

========================================================================
Received Import Request.
  Time since last request: 0.000090 seconds.
  path: Assets/Samples/XR Interaction Toolkit/3.0.8/Starter Assets/Prefabs/Controllers/XR Controller Right.prefab
  artifactKey: Guid(9f3369e30fbd31f4bb596b1a99babe83) Importer(2089858483,192608db42251d675da83286b1cce702)
Start importing Assets/Samples/XR Interaction Toolkit/3.0.8/Starter Assets/Prefabs/Controllers/XR Controller Right.prefab using Guid(9f3369e30fbd31f4bb596b1a99babe83) Importer(2089858483,192608db42251d675da83286b1cce702) (ScriptedImporter) -> (artifact id: '8f62159b34afe9c45f775804408a1b69') in 0.0156345 seconds
Number of updated asset objects reloaded before import = 0Number of asset objects unloaded after import = 59

========================================================================
Received Import Request.
  Time since last request: 0.000016 seconds.
  path: Assets/Samples/XR Interaction Toolkit/3.0.8/Starter Assets/TunnelingVignette/TunnelingVignetteSG.shadergraph
  artifactKey: Guid(c109fab5d2bf5f64598ed69d2c16ceb3) Importer(2089858483,192608db42251d675da83286b1cce702)
Start importing Assets/Samples/XR Interaction Toolkit/3.0.8/Starter Assets/TunnelingVignette/TunnelingVignetteSG.shadergraph using Guid(c109fab5d2bf5f64598ed69d2c16ceb3) Importer(2089858483,192608db42251d675da83286b1cce702) (ScriptedImporter) -> (artifact id: '3a9ab9da0c714db5d53323c9aac52183') in 0.0049418 seconds
Number of updated asset objects reloaded before import = 0Number of asset objects unloaded after import = 3

========================================================================
Received Import Request.
  Time since last request: 0.000074 seconds.
  path: Assets/Samples/XR Hands/1.5.1/HandVisualizer/Materials/TransparentRed.mat
  artifactKey: Guid(d149182fa7aa1dc47bd32b2a6da80ec9) Importer(2089858483,192608db42251d675da83286b1cce702)
Start importing Assets/Samples/XR Hands/1.5.1/HandVisualizer/Materials/TransparentRed.mat using Guid(d149182fa7aa1dc47bd32b2a6da80ec9) Importer(2089858483,192608db42251d675da83286b1cce702) (ScriptedImporter) -> (artifact id: '05a558f4bddf55ddcc062c4ab443352a') in 0.0237075 seconds
Number of updated asset objects reloaded before import = 0Number of asset objects unloaded after import = 1

========================================================================
Received Import Request.
  Time since last request: 0.000115 seconds.
  path: Assets/Samples/XR Interaction Toolkit/3.0.8/Starter Assets/Presets/XRI Default Right Grab Move.preset
  artifactKey: Guid(fdc4f514b7b1e9c4eb39713ad9dd4eba) Importer(2089858483,192608db42251d675da83286b1cce702)
Start importing Assets/Samples/XR Interaction Toolkit/3.0.8/Starter Assets/Presets/XRI Default Right Grab Move.preset using Guid(fdc4f514b7b1e9c4eb39713ad9dd4eba) Importer(2089858483,192608db42251d675da83286b1cce702) (ScriptedImporter) -> (artifact id: '54cdf621fdff44dee88ee604a71fcc4b') in 0.0071966 seconds
Number of updated asset objects reloaded before import = 0Number of asset objects unloaded after import = 3

========================================================================
Received Import Request.
  Time since last request: 0.000017 seconds.
  path: Assets/Samples/XR Interaction Toolkit/3.0.8/Starter Assets/Prefabs/Interactors/Poke Interactor.prefab
  artifactKey: Guid(27024f5809f4a4347b9cd7f26a1bdf93) Importer(2089858483,192608db42251d675da83286b1cce702)
Start importing Assets/Samples/XR Interaction Toolkit/3.0.8/Starter Assets/Prefabs/Interactors/Poke Interactor.prefab using Guid(27024f5809f4a4347b9cd7f26a1bdf93) Importer(2089858483,192608db42251d675da83286b1cce702) (ScriptedImporter) -> (artifact id: '42b3593ee6c84877ed1798dc857e41d1') in 0.0197528 seconds
Number of updated asset objects reloaded before import = 0Number of asset objects unloaded after import = 12

========================================================================
Received Import Request.
  Time since last request: 0.000115 seconds.
  path: Assets/Samples/XR Interaction Toolkit/3.0.8/Starter Assets/Prefabs/Interactors/Teleport Interactor.prefab
  artifactKey: Guid(c1800acf6366418a9b5f610249000331) Importer(2089858483,192608db42251d675da83286b1cce702)
Start importing Assets/Samples/XR Interaction Toolkit/3.0.8/Starter Assets/Prefabs/Interactors/Teleport Interactor.prefab using Guid(c1800acf6366418a9b5f610249000331) Importer(2089858483,192608db42251d675da83286b1cce702) (ScriptedImporter) -> (artifact id: 'c802792bd3b182dfad09d3b64593eff5') in 0.0771859 seconds
Number of updated asset objects reloaded before import = 0Number of asset objects unloaded after import = 38

========================================================================
Received Import Request.
  Time since last request: 0.000037 seconds.
  path: Assets/Samples/XR Interaction Toolkit/3.0.8/Starter Assets/Presets/XRI Default Continuous Turn.preset
  artifactKey: Guid(735a78fc7c2a98a4e85e0e42bf895f48) Importer(2089858483,192608db42251d675da83286b1cce702)
Start importing Assets/Samples/XR Interaction Toolkit/3.0.8/Starter Assets/Presets/XRI Default Continuous Turn.preset using Guid(735a78fc7c2a98a4e85e0e42bf895f48) Importer(2089858483,192608db42251d675da83286b1cce702) (ScriptedImporter) -> (artifact id: '565f407efec776965fb9707647ef4692') in 0.006403 seconds
Number of updated asset objects reloaded before import = 0Number of asset objects unloaded after import = 4

========================================================================
Received Import Request.
  Time since last request: 0.000324 seconds.
  path: Assets/Samples/XR Interaction Toolkit/3.0.8/XR Device Simulator/UI/Hands/Hand_Thumb.png
  artifactKey: Guid(3b2e62babc5249f42921c2cd027852cd) Importer(2089858483,192608db42251d675da83286b1cce702)
Start importing Assets/Samples/XR Interaction Toolkit/3.0.8/XR Device Simulator/UI/Hands/Hand_Thumb.png using Guid(3b2e62babc5249f42921c2cd027852cd) Importer(2089858483,192608db42251d675da83286b1cce702) (ScriptedImporter) -> (artifact id: '4c321ebca22940f42802c2608976db22') in 0.0095102 seconds
Number of updated asset objects reloaded before import = 0Number of asset objects unloaded after import = 3

========================================================================
Received Import Request.
  Time since last request: 0.000137 seconds.
  path: Assets/Samples/XR Interaction Toolkit/3.0.8/Hands Interaction Demo/HandsDemoSceneAssets/Prefabs/UI/ButtonHandMenu.prefab
  artifactKey: Guid(e2698219e3231e94c8765d49b9dd5cff) Importer(2089858483,192608db42251d675da83286b1cce702)
Start importing Assets/Samples/XR Interaction Toolkit/3.0.8/Hands Interaction Demo/HandsDemoSceneAssets/Prefabs/UI/ButtonHandMenu.prefab using Guid(e2698219e3231e94c8765d49b9dd5cff) Importer(2089858483,192608db42251d675da83286b1cce702) (ScriptedImporter) -> (artifact id: '9811ec672d9cc83c1c3cdbdf9ee12a73') in 0.0217324 seconds
Number of updated asset objects reloaded before import = 0Number of asset objects unloaded after import = 272

========================================================================
Received Import Request.
  Time since last request: 0.000018 seconds.
  path: Assets/Samples/XR Interaction Toolkit/3.0.8/XR Device Simulator/UI/Mouse/Mouse.png
  artifactKey: Guid(f997d60d79a4e45cab6b1814e377a1b3) Importer(2089858483,192608db42251d675da83286b1cce702)
Start importing Assets/Samples/XR Interaction Toolkit/3.0.8/XR Device Simulator/UI/Mouse/Mouse.png using Guid(f997d60d79a4e45cab6b1814e377a1b3) Importer(2089858483,192608db42251d675da83286b1cce702) (ScriptedImporter) -> (artifact id: '064079289fe3a2eec1ea31e3ebb4d3dd') in 0.0083128 seconds
Number of updated asset objects reloaded before import = 0Number of asset objects unloaded after import = 3

========================================================================
Received Import Request.
  Time since last request: 0.000013 seconds.
  path: Assets/Samples/XR Interaction Toolkit/3.0.8/Starter Assets/Materials/Controller_Grey.mat
  artifactKey: Guid(99685157b02e4d446bbecb015645e5e8) Importer(2089858483,192608db42251d675da83286b1cce702)
Start importing Assets/Samples/XR Interaction Toolkit/3.0.8/Starter Assets/Materials/Controller_Grey.mat using Guid(99685157b02e4d446bbecb015645e5e8) Importer(2089858483,192608db42251d675da83286b1cce702) (ScriptedImporter) -> (artifact id: 'b139b0f13b0f69b1c783a1e68de9b726') in 0.0077447 seconds
Number of updated asset objects reloaded before import = 0Number of asset objects unloaded after import = 2

========================================================================
Received Import Request.
  Time since last request: 0.000069 seconds.
  path: Assets/FIRE_MUZ/WarFX/_Effects/Bullet Impacts/+ Bullet Hole/Lit/WFX_BImpact Metal + Hole Lit.prefab
  artifactKey: Guid(caa8bd0d2623acf4d915f16e0ab71218) Importer(2089858483,192608db42251d675da83286b1cce702)
Start importing Assets/FIRE_MUZ/WarFX/_Effects/Bullet Impacts/+ Bullet Hole/Lit/WFX_BImpact Metal + Hole Lit.prefab using Guid(caa8bd0d2623acf4d915f16e0ab71218) Importer(2089858483,192608db42251d675da83286b1cce702) (ScriptedImporter) -> (artifact id: 'd6fdbf0fb698440299cd6aa7a35300d0') in 0.0296411 seconds
Number of updated asset objects reloaded before import = 0Number of asset objects unloaded after import = 17

========================================================================
Received Import Request.
  Time since last request: 0.000016 seconds.
  path: Assets/Samples/XR Interaction Toolkit/3.0.8/Starter Assets/DemoSceneAssets/Prefabs/Far Grab Samples.prefab
  artifactKey: Guid(f5ee409d69254d64da7a3b74d31a5a40) Importer(2089858483,192608db42251d675da83286b1cce702)
Start importing Assets/Samples/XR Interaction Toolkit/3.0.8/Starter Assets/DemoSceneAssets/Prefabs/Far Grab Samples.prefab using Guid(f5ee409d69254d64da7a3b74d31a5a40) Importer(2089858483,192608db42251d675da83286b1cce702) (ScriptedImporter) -> (artifact id: '897732d65260a985949c5b45727ab7da') in 0.0094764 seconds
Number of updated asset objects reloaded before import = 0Number of asset objects unloaded after import = 78

========================================================================
Received Import Request.
  Time since last request: 0.000030 seconds.
  path: Assets/Samples/XR Interaction Toolkit/3.0.8/Starter Assets/DemoSceneAssets/Models/Primitive_Pyramid.fbx
  artifactKey: Guid(63e02ddb08ce42da868504e1333d48ae) Importer(2089858483,192608db42251d675da83286b1cce702)
Start importing Assets/Samples/XR Interaction Toolkit/3.0.8/Starter Assets/DemoSceneAssets/Models/Primitive_Pyramid.fbx using Guid(63e02ddb08ce42da868504e1333d48ae) Importer(2089858483,192608db42251d675da83286b1cce702) (ScriptedImporter) -> (artifact id: '3651268c25ac7ca4d16cfd65de046f83') in 0.0089429 seconds
Number of updated asset objects reloaded before import = 0Number of asset objects unloaded after import = 8

========================================================================
Received Import Request.
  Time since last request: 0.000071 seconds.
  path: Assets/Samples/XR Interaction Toolkit/3.0.8/Starter Assets/Shaders/BiRP_Fresnel.shader
  artifactKey: Guid(b24c216c4acb0094c892a61dfbbb76b4) Importer(2089858483,192608db42251d675da83286b1cce702)
Start importing Assets/Samples/XR Interaction Toolkit/3.0.8/Starter Assets/Shaders/BiRP_Fresnel.shader using Guid(b24c216c4acb0094c892a61dfbbb76b4) Importer(2089858483,192608db42251d675da83286b1cce702) (ScriptedImporter) -> (artifact id: '289802c7d948021862e776a442bfcf6f') in 0.0065988 seconds
Number of updated asset objects reloaded before import = 0Number of asset objects unloaded after import = 1

========================================================================
Received Import Request.
  Time since last request: 0.000392 seconds.
  path: Assets/Samples/XR Interaction Toolkit/3.0.8/XR Device Simulator/UI/Hands/Hand_Open.png
  artifactKey: Guid(ceccab26080354140af21950c6d338d5) Importer(2089858483,192608db42251d675da83286b1cce702)
Start importing Assets/Samples/XR Interaction Toolkit/3.0.8/XR Device Simulator/UI/Hands/Hand_Open.png using Guid(ceccab26080354140af21950c6d338d5) Importer(2089858483,192608db42251d675da83286b1cce702) (ScriptedImporter) -> (artifact id: '42a5594cd560a3f23982238f91c1c485') in 0.0098854 seconds
Number of updated asset objects reloaded before import = 0Number of asset objects unloaded after import = 3

========================================================================
Received Import Request.
  Time since last request: 0.000340 seconds.
  path: Assets/Samples/XR Interaction Toolkit/3.0.8/Hands Interaction Demo/Prefabs/LeftHandInteractionVisual.prefab
  artifactKey: Guid(ffd656bf2a3ba3d41b1e4a94b81b7c85) Importer(2089858483,192608db42251d675da83286b1cce702)
Start importing Assets/Samples/XR Interaction Toolkit/3.0.8/Hands Interaction Demo/Prefabs/LeftHandInteractionVisual.prefab using Guid(ffd656bf2a3ba3d41b1e4a94b81b7c85) Importer(2089858483,192608db42251d675da83286b1cce702) (ScriptedImporter) -> (artifact id: '83a00755e8c139cabdd6021785673a74') in 0.022811 seconds
Number of updated asset objects reloaded before import = 0Number of asset objects unloaded after import = 79

========================================================================
Received Import Request.
  Time since last request: 0.000021 seconds.
  path: Assets/Samples/XR Interaction Toolkit/3.0.8/Starter Assets/DemoSceneAssets/Scripts/MultiAnchorTeleportReticle.cs
  artifactKey: Guid(e001d3dc91354f8f8c590b4e1d1d3da9) Importer(2089858483,192608db42251d675da83286b1cce702)
Start importing Assets/Samples/XR Interaction Toolkit/3.0.8/Starter Assets/DemoSceneAssets/Scripts/MultiAnchorTeleportReticle.cs using Guid(e001d3dc91354f8f8c590b4e1d1d3da9) Importer(2089858483,192608db42251d675da83286b1cce702) (ScriptedImporter) -> (artifact id: '4e14dd0303cfa16888b5c1dbdbff35d4') in 0.0036776 seconds
Number of updated asset objects reloaded before import = 0Number of asset objects unloaded after import = 0

Editor requested this worker to shutdown with reason: Scaling down because of idle timeout
AssetImportWorker is now disconnected from the server
Process exiting
Exiting without the bug reporter. Application will terminate with return code 0