Using pre-set license
Built from '6000.0/release' branch; Version is '6000.0.44f1 (101c91f3a8fb) revision 1055889'; Using compiler version '193933523'; Build Type 'Release'
OS: 'Windows 11  (10.0.26100) 64bit Professional' Language: 'zh' Physical Memory: 16087 MB
BatchMode: 1, IsHumanControllingUs: 0, StartBugReporterOnCrash: 0, Is64bit: 1, IsPro: 1

COMMAND LINE ARGUMENTS:
C:\Program Files\Unity\Hub\Editor\6000.0.44f1\Editor\Unity.exe
-adb2
-batchMode
-noUpm
-name
AssetImportWorker5
-projectPath
D:/VR_DOOM
-logFile
Logs/AssetImportWorker5.log
-srvPort
62575
-job-worker-count
11
-background-job-worker-count
8
-gc-helper-count
1
Successfully changed project path to: D:/VR_DOOM
D:/VR_DOOM
[UnityMemory] Configuration Parameters - Can be set up in boot.config
    "memorysetup-bucket-allocator-granularity=16"
    "memorysetup-bucket-allocator-bucket-count=8"
    "memorysetup-bucket-allocator-block-size=33554432"
    "memorysetup-bucket-allocator-block-count=8"
    "memorysetup-main-allocator-block-size=16777216"
    "memorysetup-thread-allocator-block-size=16777216"
    "memorysetup-gfx-main-allocator-block-size=16777216"
    "memorysetup-gfx-thread-allocator-block-size=16777216"
    "memorysetup-cache-allocator-block-size=4194304"
    "memorysetup-typetree-allocator-block-size=2097152"
    "memorysetup-profiler-bucket-allocator-granularity=16"
    "memorysetup-profiler-bucket-allocator-bucket-count=8"
    "memorysetup-profiler-bucket-allocator-block-size=33554432"
    "memorysetup-profiler-bucket-allocator-block-count=8"
    "memorysetup-profiler-allocator-block-size=16777216"
    "memorysetup-profiler-editor-allocator-block-size=1048576"
    "memorysetup-temp-allocator-size-main=16777216"
    "memorysetup-job-temp-allocator-block-size=2097152"
    "memorysetup-job-temp-allocator-block-size-background=1048576"
    "memorysetup-job-temp-allocator-reduction-small-platforms=262144"
    "memorysetup-allocator-temp-initial-block-size-main=262144"
    "memorysetup-allocator-temp-initial-block-size-worker=262144"
    "memorysetup-temp-allocator-size-background-worker=32768"
    "memorysetup-temp-allocator-size-job-worker=262144"
    "memorysetup-temp-allocator-size-preload-manager=33554432"
    "memorysetup-temp-allocator-size-nav-mesh-worker=65536"
    "memorysetup-temp-allocator-size-audio-worker=65536"
    "memorysetup-temp-allocator-size-cloud-worker=32768"
    "memorysetup-temp-allocator-size-gi-baking-worker=262144"
    "memorysetup-temp-allocator-size-gi-baking-worker=262144"
    "memorysetup-temp-allocator-size-gi-baking-worker=262144"
    "memorysetup-temp-allocator-size-gi-baking-worker=262144"
    "memorysetup-temp-allocator-size-gi-baking-worker=262144"
    "memorysetup-temp-allocator-size-gfx=262144"
Player connection [31880]  Target information:

Player connection [31880]  * "[IP] 172.18.144.1 [Port] 0 [Flags] 2 [Guid] 2302364325 [EditorId] 2302364325 [Version] 1048832 [Id] WindowsEditor(7,LAPTOP-ULV95APN) [Debug] 1 [PackageName] WindowsEditor [ProjectName] Editor" 

Player connection [31880]  * "[IP] 192.168.14.1 [Port] 0 [Flags] 2 [Guid] 2302364325 [EditorId] 2302364325 [Version] 1048832 [Id] WindowsEditor(7,LAPTOP-ULV95APN) [Debug] 1 [PackageName] WindowsEditor [ProjectName] Editor" 

Player connection [31880]  * "[IP] 192.168.77.1 [Port] 0 [Flags] 2 [Guid] 2302364325 [EditorId] 2302364325 [Version] 1048832 [Id] WindowsEditor(7,LAPTOP-ULV95APN) [Debug] 1 [PackageName] WindowsEditor [ProjectName] Editor" 

Player connection [31880]  * "[IP] 192.168.0.102 [Port] 0 [Flags] 2 [Guid] 2302364325 [EditorId] 2302364325 [Version] 1048832 [Id] WindowsEditor(7,LAPTOP-ULV95APN) [Debug] 1 [PackageName] WindowsEditor [ProjectName] Editor" 

Player connection [31880] Host joined multi-casting on [225.0.0.222:54997]...
Player connection [31880] Host joined alternative multi-casting on [225.0.0.222:34997]...
JobSystem: Creating JobQueue using job-worker-count value 11
Input System module state changed to: Initialized.
[Physics::Module] Initialized fallback backend.
[Physics::Module] Id: 0xdecafbad
Library Redirect Path: Library/
[Physics::Module] Selected backend.
[Physics::Module] Name: PhysX
[Physics::Module] Id: 0xf2b8ea05
[Physics::Module] SDK Version: 4.1.2
[Physics::Module] Integration Version: 1.0.0
[Physics::Module] Threading Mode: Multi-Threaded
Refreshing native plugins compatible for Editor in 11.73 ms, found 13 plugins.
Preloading 1 native plugins for Editor in 0.73 ms.
Initialize engine version: 6000.0.44f1 (101c91f3a8fb)
[Subsystems] Discovering subsystems at path C:/Program Files/Unity/Hub/Editor/6000.0.44f1/Editor/Data/Resources/UnitySubsystems
[Subsystems] Discovering subsystems at path D:/VR_DOOM/Assets
GfxDevice: creating device client; kGfxThreadingModeNonThreaded
Direct3D:
    Version:  Direct3D 11.0 [level 11.1]
    Renderer: NVIDIA GeForce RTX 4070 Laptop GPU (ID=0x2860)
    Vendor:   NVIDIA
    VRAM:     7948 MB
    Driver:   32.0.15.7649
Shader 'WFX/Transparent Diffuse': fallback shader 'Particles/Alpha Blended' not found
Shader 'WFX/Transparent Specular': fallback shader 'Particles/Alpha Blended' not found
Initialize mono
Mono path[0] = 'C:/Program Files/Unity/Hub/Editor/6000.0.44f1/Editor/Data/Managed'
Mono path[1] = 'C:/Program Files/Unity/Hub/Editor/6000.0.44f1/Editor/Data/MonoBleedingEdge/lib/mono/unityjit-win32'
Mono config path = 'C:/Program Files/Unity/Hub/Editor/6000.0.44f1/Editor/Data/MonoBleedingEdge/etc'
Using monoOptions --debugger-agent=transport=dt_socket,embedding=1,server=y,suspend=n,address=127.0.0.1:56336
Begin MonoManager ReloadAssembly
Registering precompiled unity dll's ...
Register platform support module: C:/Program Files/Unity/Hub/Editor/6000.0.44f1/Editor/Data/PlaybackEngines/WindowsStandaloneSupport/UnityEditor.WindowsStandalone.Extensions.dll
Register platform support module: C:/Program Files/Unity/Hub/Editor/6000.0.44f1/Editor/Data/PlaybackEngines/AndroidPlayer/UnityEditor.Android.Extensions.dll
Registered in 0.004005 seconds.
- Loaded All Assemblies, in  0.419 seconds
Native extension for Android target not found
Android Extension - Scanning For ADB Devices 365 ms
Native extension for WindowsStandalone target not found
Mono: successfully reloaded assembly
- Finished resetting the current domain, in  0.782 seconds
Domain Reload Profiling: 1198ms
	BeginReloadAssembly (140ms)
		ExecutionOrderSort (0ms)
		DisableScriptedObjects (0ms)
		BackupInstance (0ms)
		ReleaseScriptingObjects (0ms)
		CreateAndSetChildDomain (1ms)
	RebuildCommonClasses (39ms)
	RebuildNativeTypeToScriptingClass (13ms)
	initialDomainReloadingComplete (54ms)
	LoadAllAssembliesAndSetupDomain (170ms)
		LoadAssemblies (137ms)
		RebuildTransferFunctionScriptingTraits (0ms)
		AnalyzeDomain (166ms)
			TypeCache.Refresh (165ms)
				TypeCache.ScanAssembly (151ms)
			BuildScriptInfoCaches (0ms)
			ResolveRequiredComponents (1ms)
	FinalizeReload (782ms)
		ReleaseScriptCaches (0ms)
		RebuildScriptCaches (0ms)
		SetupLoadedEditorAssemblies (729ms)
			LogAssemblyErrors (0ms)
			InitializePlatformSupportModulesInManaged (466ms)
			SetLoadedEditorAssemblies (4ms)
			BeforeProcessingInitializeOnLoad (55ms)
			ProcessInitializeOnLoadAttributes (136ms)
			ProcessInitializeOnLoadMethodAttributes (68ms)
			AfterProcessingInitializeOnLoad (0ms)
			EditorAssembliesLoaded (0ms)
		ExecutionOrderSort2 (0ms)
		AwakeInstancesAfterBackupRestoration (0ms)
========================================================================
Worker process is ready to serve import requests
Import Worker Mode flag is 0x00
Begin MonoManager ReloadAssembly
Symbol file LoadedFromMemory is not a mono symbol file
- Loaded All Assemblies, in  0.943 seconds
Refreshing native plugins compatible for Editor in 10.29 ms, found 13 plugins.
Native extension for Android target not found
Native extension for WindowsStandalone target not found
Package Manager log level set to [2]
[Package Manager] Failed to launch server process. Reason: Unity was launched with the -noUpm command-line argument
[Package Manager] Unable to send message (not connected to server process).
[Package Manager] Cannot connect to Unity Package Manager local server
System.Reflection.TargetInvocationException: Exception has been thrown by the target of an invocation. ---> System.NullReferenceException: Object reference not set to an instance of an object
  at Unity.XR.Oculus.OculusLoader.AssetPathToAbsolutePath (System.String assetPath) [0x0003d] in .\Library\PackageCache\com.unity.xr.oculus@f23ad2c521e1\Runtime\OculusLoader.cs:312 
  at Unity.XR.Oculus.OculusLoader.EditorLoadOVRPlugin () [0x0008c] in .\Library\PackageCache\com.unity.xr.oculus@f23ad2c521e1\Runtime\OculusLoader.cs:297 
  at (wrapper managed-to-native) System.Reflection.RuntimeMethodInfo.InternalInvoke(System.Reflection.RuntimeMethodInfo,object,object[],System.Exception&)
  at System.Reflection.RuntimeMethodInfo.Invoke (System.Object obj, System.Reflection.BindingFlags invokeAttr, System.Reflection.Binder binder, System.Object[] parameters, System.Globalization.CultureInfo culture) [0x0006a] in <314938d17f3848e8ac683e11b27f62ee>:0 
   --- End of inner exception stack trace ---
  at System.Reflection.RuntimeMethodInfo.Invoke (System.Object obj, System.Reflection.BindingFlags invokeAttr, System.Reflection.Binder binder, System.Object[] parameters, System.Globalization.CultureInfo culture) [0x00083] in <314938d17f3848e8ac683e11b27f62ee>:0 
  at System.Reflection.MethodBase.Invoke (System.Object obj, System.Object[] parameters) [0x00000] in <314938d17f3848e8ac683e11b27f62ee>:0 
  at UnityEditor.EditorAssemblies.ProcessInitializeOnLoadMethodAttributes () [0x00056] in <0a4d86c6e1e443e4b37da89bc22f5b9c>:0 
UnityEngine.Debug:ExtractStackTraceNoAlloc (byte*,int,string)
UnityEngine.StackTraceUtility:ExtractStackTrace ()
UnityEngine.DebugLogHandler:Internal_Log (UnityEngine.LogType,UnityEngine.LogOption,string,UnityEngine.Object)
UnityEngine.DebugLogHandler:LogFormat (UnityEngine.LogType,UnityEngine.Object,string,object[])
UnityEngine.Logger:Log (UnityEngine.LogType,object)
UnityEngine.Debug:LogError (object)
UnityEditor.EditorAssemblies:ProcessInitializeOnLoadMethodAttributes ()

[Package Manager] Failed to launch server process. Reason: Unity was launched with the -noUpm command-line argument
[Package Manager] Unable to send message (not connected to server process).
[Package Manager] Cannot connect to Unity Package Manager local server
Failed to get package versions: Cannot connect to Unity Package Manager local server
UnityEngine.Debug:ExtractStackTraceNoAlloc (byte*,int,string)
UnityEngine.StackTraceUtility:ExtractStackTrace ()
UnityEngine.DebugLogHandler:Internal_Log (UnityEngine.LogType,UnityEngine.LogOption,string,UnityEngine.Object)
UnityEngine.DebugLogHandler:LogFormat (UnityEngine.LogType,UnityEngine.Object,string,object[])
UnityEngine.Logger:Log (UnityEngine.LogType,object)
UnityEngine.Debug:LogWarning (object)
Unity.XR.CoreUtils.Editor.PackageVersionUtility:UpdatePackageVersions () (at ./Library/PackageCache/com.unity.xr.core-utils@5b282bc7378d/Editor/ProjectValidation/PackageVersionUtility.cs:59)
Unity.XR.CoreUtils.Editor.PackageVersionUtility:GetPackageVersion (string) (at ./Library/PackageCache/com.unity.xr.core-utils@5b282bc7378d/Editor/ProjectValidation/PackageVersionUtility.cs:77)
UnityEditor.XR.Interaction.Toolkit.Samples.Hands.Editor.HandsSampleProjectValidation:.cctor () (at Assets/Samples/XR Interaction Toolkit/3.0.8/Hands Interaction Demo/Editor/Scripts/HandsSampleProjectValidation.cs:34)
System.Reflection.RuntimeMethodInfo:Invoke (object,System.Reflection.BindingFlags,System.Reflection.Binder,object[],System.Globalization.CultureInfo)
System.Reflection.MethodBase:Invoke (object,object[])
UnityEditor.EditorAssemblies:ProcessInitializeOnLoadMethodAttributes ()

(Filename: ./Library/PackageCache/com.unity.xr.core-utils@5b282bc7378d/Editor/ProjectValidation/PackageVersionUtility.cs Line: 59)

[MODES] ModeService[none].Initialize
[MODES] ModeService[none].LoadModes
[MODES] Loading mode Default (0) for mode-current-id-VR_DOOM
Mono: successfully reloaded assembly
[Package Manager] Failed to launch server process. Reason: Unity was launched with the -noUpm command-line argument
[Package Manager] Unable to send message (not connected to server process).
[Package Manager] Cannot connect to Unity Package Manager local server
[Package Manager] Failed to launch server process. Reason: Unity was launched with the -noUpm command-line argument
[Package Manager] Unable to send message (not connected to server process).
[Package Manager] Cannot connect to Unity Package Manager local server
- Finished resetting the current domain, in  1.001 seconds
Domain Reload Profiling: 1940ms
	BeginReloadAssembly (176ms)
		ExecutionOrderSort (0ms)
		DisableScriptedObjects (6ms)
		BackupInstance (0ms)
		ReleaseScriptingObjects (0ms)
		CreateAndSetChildDomain (28ms)
	RebuildCommonClasses (39ms)
	RebuildNativeTypeToScriptingClass (13ms)
	initialDomainReloadingComplete (45ms)
	LoadAllAssembliesAndSetupDomain (666ms)
		LoadAssemblies (414ms)
		RebuildTransferFunctionScriptingTraits (0ms)
		AnalyzeDomain (357ms)
			TypeCache.Refresh (272ms)
				TypeCache.ScanAssembly (248ms)
			BuildScriptInfoCaches (69ms)
			ResolveRequiredComponents (12ms)
	FinalizeReload (1001ms)
		ReleaseScriptCaches (0ms)
		RebuildScriptCaches (0ms)
		SetupLoadedEditorAssemblies (854ms)
			LogAssemblyErrors (0ms)
			InitializePlatformSupportModulesInManaged (15ms)
			SetLoadedEditorAssemblies (7ms)
			BeforeProcessingInitializeOnLoad (133ms)
			ProcessInitializeOnLoadAttributes (513ms)
			ProcessInitializeOnLoadMethodAttributes (178ms)
			AfterProcessingInitializeOnLoad (6ms)
			EditorAssembliesLoaded (0ms)
		ExecutionOrderSort2 (0ms)
		AwakeInstancesAfterBackupRestoration (7ms)
Shader 'WFX/Transparent Diffuse': fallback shader 'Particles/Alpha Blended' not found
Shader 'WFX/Transparent Specular': fallback shader 'Particles/Alpha Blended' not found
Launched and connected shader compiler UnityShaderCompiler.exe after 0.02 seconds
Refreshing native plugins compatible for Editor in 20.68 ms, found 13 plugins.
Preloading 1 native plugins for Editor in 0.12 ms.
Unloading 131 Unused Serialized files (Serialized files now loaded: 0)
Unloading 7067 unused Assets / (5.6 MB). Loaded Objects now: 7593.
Memory consumption went from 154.0 MB to 148.4 MB.
Total: 16.218300 ms (FindLiveObjects: 0.947400 ms CreateObjectMapping: 0.882500 ms MarkObjects: 10.157900 ms  DeleteObjects: 4.228400 ms)

========================================================================
Received Import Request.
  Time since last request: 52338.554076 seconds.
  path: Assets/E1M1.unity
  artifactKey: Guid(77ff9981fd5015c46b2635941a5aebb6) Importer(2089858483,192608db42251d675da83286b1cce702)
Start importing Assets/E1M1.unity using Guid(77ff9981fd5015c46b2635941a5aebb6) Importer(2089858483,192608db42251d675da83286b1cce702) (ScriptedImporter) -> (artifact id: '3461cf2d0d9592b5aa524422885aa3f2') in 0.1520949 seconds
Number of updated asset objects reloaded before import = 0Number of asset objects unloaded after import = 1

========================================================================
Received Import Request.
  Time since last request: 0.000020 seconds.
  path: Assets/Material/E1M2_11.jpg
  artifactKey: Guid(e50bdebea5619c24fb1fd8fae04e4a3e) Importer(2089858483,192608db42251d675da83286b1cce702)
Start importing Assets/Material/E1M2_11.jpg using Guid(e50bdebea5619c24fb1fd8fae04e4a3e) Importer(2089858483,192608db42251d675da83286b1cce702) (ScriptedImporter) -> (artifact id: '02ef1bef939ff1982be4cf6d78d3bd8d') in 0.0624712 seconds
Number of updated asset objects reloaded before import = 0Number of asset objects unloaded after import = 1

========================================================================
Received Import Request.
  Time since last request: 0.000123 seconds.
  path: Assets/Material/CEIL3_5.png
  artifactKey: Guid(2624393d074e18f4382b089dda697650) Importer(2089858483,192608db42251d675da83286b1cce702)
Start importing Assets/Material/CEIL3_5.png using Guid(2624393d074e18f4382b089dda697650) Importer(2089858483,192608db42251d675da83286b1cce702) (ScriptedImporter) -> (artifact id: '1217940c57b5dda13c60704bd5fe40e5') in 0.008123 seconds
Number of updated asset objects reloaded before import = 0Number of asset objects unloaded after import = 1

========================================================================
Received Import Request.
  Time since last request: 0.000107 seconds.
  path: Assets/Code/MonsterIdleRandomizer.cs
  artifactKey: Guid(f082c0ff8287548dba8d7b672b1dbbf8) Importer(2089858483,192608db42251d675da83286b1cce702)
Start importing Assets/Code/MonsterIdleRandomizer.cs using Guid(f082c0ff8287548dba8d7b672b1dbbf8) Importer(2089858483,192608db42251d675da83286b1cce702) (ScriptedImporter) -> (artifact id: '86c396fd25013062d963e3df9e1e5a6c') in 0.0104346 seconds
Number of updated asset objects reloaded before import = 0Number of asset objects unloaded after import = 0

========================================================================
Received Import Request.
  Time since last request: 0.000627 seconds.
  path: Assets/Code/PlayerHealthWatcher.cs
  artifactKey: Guid(d400678fab4ae4dffa8105168bea0f16) Importer(2089858483,192608db42251d675da83286b1cce702)
Start importing Assets/Code/PlayerHealthWatcher.cs using Guid(d400678fab4ae4dffa8105168bea0f16) Importer(2089858483,192608db42251d675da83286b1cce702) (ScriptedImporter) -> (artifact id: '8ad1a9b40c3bd1bf95f3c5441e340fa4') in 0.0035934 seconds
Number of updated asset objects reloaded before import = 0Number of asset objects unloaded after import = 0

========================================================================
Received Import Request.
  Time since last request: 0.000205 seconds.
  path: Assets/Material/DOORRED.png
  artifactKey: Guid(32efa98e6fd76a54bbec82624119fe2f) Importer(2089858483,192608db42251d675da83286b1cce702)
Start importing Assets/Material/DOORRED.png using Guid(32efa98e6fd76a54bbec82624119fe2f) Importer(2089858483,192608db42251d675da83286b1cce702) (ScriptedImporter) -> (artifact id: 'ccca6c63b59265f91f4a61f052b5360d') in 0.0075771 seconds
Number of updated asset objects reloaded before import = 0Number of asset objects unloaded after import = 1

========================================================================
Received Import Request.
  Time since last request: 0.000354 seconds.
  path: Assets/Material/COMPTALL2.png
  artifactKey: Guid(00bd0a93d324b14498a853dfccd00ddc) Importer(2089858483,192608db42251d675da83286b1cce702)
Start importing Assets/Material/COMPTALL2.png using Guid(00bd0a93d324b14498a853dfccd00ddc) Importer(2089858483,192608db42251d675da83286b1cce702) (ScriptedImporter) -> (artifact id: '26b258ca24581f138d47532854a9cda3') in 0.0073968 seconds
Number of updated asset objects reloaded before import = 0Number of asset objects unloaded after import = 1

========================================================================
Received Import Request.
  Time since last request: 0.000215 seconds.
  path: Assets/Material/BROWN144.png
  artifactKey: Guid(2fecd13040678ae4c9f9f3313099e8bb) Importer(2089858483,192608db42251d675da83286b1cce702)
Start importing Assets/Material/BROWN144.png using Guid(2fecd13040678ae4c9f9f3313099e8bb) Importer(2089858483,192608db42251d675da83286b1cce702) (ScriptedImporter) -> (artifact id: '85c3744aacf4bb44a9a65338dbd64d66') in 0.0075617 seconds
Number of updated asset objects reloaded before import = 0Number of asset objects unloaded after import = 1

========================================================================
Received Import Request.
  Time since last request: 0.000375 seconds.
  path: Assets/Code/开枪音效.mp3
  artifactKey: Guid(9cdbf94008ffd400ba53a83a57fb0f0e) Importer(2089858483,192608db42251d675da83286b1cce702)
Start importing Assets/Code/开枪音效.mp3 using Guid(9cdbf94008ffd400ba53a83a57fb0f0e) Importer(2089858483,192608db42251d675da83286b1cce702) (ScriptedImporter) -> (artifact id: '65584badd59f5057a98c3f71e21c1a85') in 0.0301013 seconds
Number of updated asset objects reloaded before import = 0Number of asset objects unloaded after import = 1

========================================================================
Received Import Request.
  Time since last request: 0.000199 seconds.
  path: Assets/Code/PlayerBullet.cs
  artifactKey: Guid(8f963cec699c24b968dd91c10f0a6753) Importer(2089858483,192608db42251d675da83286b1cce702)
Start importing Assets/Code/PlayerBullet.cs using Guid(8f963cec699c24b968dd91c10f0a6753) Importer(2089858483,192608db42251d675da83286b1cce702) (ScriptedImporter) -> (artifact id: '30b084301b77847dc0842a3efcc43384') in 0.0021201 seconds
Number of updated asset objects reloaded before import = 0Number of asset objects unloaded after import = 0

========================================================================
Received Import Request.
  Time since last request: 0.000272 seconds.
  path: Assets/E1M2 MAP.fbx
  artifactKey: Guid(d030ec13d7ea22647ad4b7f20d838970) Importer(2089858483,192608db42251d675da83286b1cce702)
Start importing Assets/E1M2 MAP.fbx using Guid(d030ec13d7ea22647ad4b7f20d838970) Importer(2089858483,192608db42251d675da83286b1cce702) (ScriptedImporter) -> (artifact id: '8d1ebec1d45937d24f593bf6c63f503f') in 1.508135 seconds
Number of updated asset objects reloaded before import = 0Number of asset objects unloaded after import = 10916

========================================================================
Received Import Request.
  Time since last request: 0.000044 seconds.
  path: Assets/Material/FLAT23.png
  artifactKey: Guid(626b9580c159afd429832d5973522c9d) Importer(2089858483,192608db42251d675da83286b1cce702)
Start importing Assets/Material/FLAT23.png using Guid(626b9580c159afd429832d5973522c9d) Importer(2089858483,192608db42251d675da83286b1cce702) (ScriptedImporter) -> (artifact id: '5091bd5194db5ac9354b5ad567758e5e') in 0.0096631 seconds
Number of updated asset objects reloaded before import = 0Number of asset objects unloaded after import = 1

========================================================================
Received Import Request.
  Time since last request: 0.000249 seconds.
  path: Assets/Material/E1M2_6.jpg
  artifactKey: Guid(ea10e8da3ad4d324da6cea55ef0a4a86) Importer(2089858483,192608db42251d675da83286b1cce702)
Start importing Assets/Material/E1M2_6.jpg using Guid(ea10e8da3ad4d324da6cea55ef0a4a86) Importer(2089858483,192608db42251d675da83286b1cce702) (ScriptedImporter) -> (artifact id: '0a5da1c695e0fd9534a4debf9e96811e') in 0.00668 seconds
Number of updated asset objects reloaded before import = 0Number of asset objects unloaded after import = 1

========================================================================
Received Import Request.
  Time since last request: 0.000249 seconds.
  path: Assets/Material/LITE8.png
  artifactKey: Guid(8a85ce4b30a684a48acf7830761a1bf5) Importer(2089858483,192608db42251d675da83286b1cce702)
Start importing Assets/Material/LITE8.png using Guid(8a85ce4b30a684a48acf7830761a1bf5) Importer(2089858483,192608db42251d675da83286b1cce702) (ScriptedImporter) -> (artifact id: 'cd2ae18950de73faf0b7bbaad36df0e4') in 0.0077912 seconds
Number of updated asset objects reloaded before import = 0Number of asset objects unloaded after import = 1

========================================================================
Received Import Request.
  Time since last request: 0.000058 seconds.
  path: Assets/Material/E1M2.png
  artifactKey: Guid(3cf0d98563263fd469cc502b360d00c2) Importer(2089858483,192608db42251d675da83286b1cce702)
Start importing Assets/Material/E1M2.png using Guid(3cf0d98563263fd469cc502b360d00c2) Importer(2089858483,192608db42251d675da83286b1cce702) (ScriptedImporter) -> (artifact id: '1f0e42c0bd471f392d8ea3a3bc6bd0a8') in 0.0081469 seconds
Number of updated asset objects reloaded before import = 0Number of asset objects unloaded after import = 1

========================================================================
Received Import Request.
  Time since last request: 0.000203 seconds.
  path: Assets/Material/CEIL3_2.png
  artifactKey: Guid(188a71fbbe145fd49b21c26aac079777) Importer(2089858483,192608db42251d675da83286b1cce702)
Start importing Assets/Material/CEIL3_2.png using Guid(188a71fbbe145fd49b21c26aac079777) Importer(2089858483,192608db42251d675da83286b1cce702) (ScriptedImporter) -> (artifact id: 'dec4d4bce7bd122a0b8063bb1492e9af') in 0.0089833 seconds
Number of updated asset objects reloaded before import = 0Number of asset objects unloaded after import = 1

========================================================================
Received Import Request.
  Time since last request: 0.000023 seconds.
  path: Assets/Material/GRAYTALL.png
  artifactKey: Guid(2573dd8d765e0e945bd525475b64db16) Importer(2089858483,192608db42251d675da83286b1cce702)
Start importing Assets/Material/GRAYTALL.png using Guid(2573dd8d765e0e945bd525475b64db16) Importer(2089858483,192608db42251d675da83286b1cce702) (ScriptedImporter) -> (artifact id: '98bc49a78ff60f757512a0707ec08cae') in 0.0085664 seconds
Number of updated asset objects reloaded before import = 0Number of asset objects unloaded after import = 1

========================================================================
Received Import Request.
  Time since last request: 0.000255 seconds.
  path: Assets/Material/DOOR5.png
  artifactKey: Guid(2ccaa7c9f67e5cb41b5cd843e1d2bea0) Importer(2089858483,192608db42251d675da83286b1cce702)
Start importing Assets/Material/DOOR5.png using Guid(2ccaa7c9f67e5cb41b5cd843e1d2bea0) Importer(2089858483,192608db42251d675da83286b1cce702) (ScriptedImporter) -> (artifact id: '24cd5e1aec62fb4454139f23857ec976') in 0.008366 seconds
Number of updated asset objects reloaded before import = 0Number of asset objects unloaded after import = 1

========================================================================
Received Import Request.
  Time since last request: 0.000197 seconds.
  path: Assets/Code/NPCAutoNav.cs
  artifactKey: Guid(4fb2653405df0fa4e9a15e7653f20229) Importer(2089858483,192608db42251d675da83286b1cce702)
Start importing Assets/Code/NPCAutoNav.cs using Guid(4fb2653405df0fa4e9a15e7653f20229) Importer(2089858483,192608db42251d675da83286b1cce702) (ScriptedImporter) -> (artifact id: 'f8c8045d10683a3634764ee8ca592ae6') in 0.0032119 seconds
Number of updated asset objects reloaded before import = 0Number of asset objects unloaded after import = 0

========================================================================
Received Import Request.
  Time since last request: 0.000102 seconds.
  path: Assets/Material/E1M2_18.jpg
  artifactKey: Guid(13b0feee5ffb0f14e8e3dccba94a2a8a) Importer(2089858483,192608db42251d675da83286b1cce702)
Start importing Assets/Material/E1M2_18.jpg using Guid(13b0feee5ffb0f14e8e3dccba94a2a8a) Importer(2089858483,192608db42251d675da83286b1cce702) (ScriptedImporter) -> (artifact id: '01bcd7e716aa9d59080a98fea868f785') in 0.0077851 seconds
Number of updated asset objects reloaded before import = 0Number of asset objects unloaded after import = 1

========================================================================
Received Import Request.
  Time since last request: 0.000143 seconds.
  path: Assets/Material/DOOR4.png
  artifactKey: Guid(b91937b62fd23c648918920fbcfd77df) Importer(2089858483,192608db42251d675da83286b1cce702)
Start importing Assets/Material/DOOR4.png using Guid(b91937b62fd23c648918920fbcfd77df) Importer(2089858483,192608db42251d675da83286b1cce702) (ScriptedImporter) -> (artifact id: '6f5fca710b55f59db974e2fd37841d13') in 0.0085413 seconds
Number of updated asset objects reloaded before import = 0Number of asset objects unloaded after import = 1

========================================================================
Received Import Request.
  Time since last request: 0.000074 seconds.
  path: Assets/Material/COMPSTA3.png
  artifactKey: Guid(1006022e0c157404a8ee555cf213b4fa) Importer(2089858483,192608db42251d675da83286b1cce702)
Start importing Assets/Material/COMPSTA3.png using Guid(1006022e0c157404a8ee555cf213b4fa) Importer(2089858483,192608db42251d675da83286b1cce702) (ScriptedImporter) -> (artifact id: '902bab68176cbdc5c9678a1d283044bf') in 0.0077476 seconds
Number of updated asset objects reloaded before import = 0Number of asset objects unloaded after import = 1

========================================================================
Received Import Request.
  Time since last request: 0.000318 seconds.
  path: Assets/Material/FLAT20.png
  artifactKey: Guid(08691c355347c5548bf4c2ed99d950d3) Importer(2089858483,192608db42251d675da83286b1cce702)
Start importing Assets/Material/FLAT20.png using Guid(08691c355347c5548bf4c2ed99d950d3) Importer(2089858483,192608db42251d675da83286b1cce702) (ScriptedImporter) -> (artifact id: '77ed8a36f1e594aedafd2a8814eb9a1f') in 0.0091037 seconds
Number of updated asset objects reloaded before import = 0Number of asset objects unloaded after import = 1

========================================================================
Received Import Request.
  Time since last request: 0.000103 seconds.
  path: Assets/Material/ARM2A0.png
  artifactKey: Guid(0c2653cc1fec1ba48b512f0b590808fb) Importer(2089858483,192608db42251d675da83286b1cce702)
Start importing Assets/Material/ARM2A0.png using Guid(0c2653cc1fec1ba48b512f0b590808fb) Importer(2089858483,192608db42251d675da83286b1cce702) (ScriptedImporter) -> (artifact id: '56a3b3efd9e53f68f1954c129c87905a') in 0.0072953 seconds
Number of updated asset objects reloaded before import = 0Number of asset objects unloaded after import = 1

========================================================================
Received Import Request.
  Time since last request: 0.000135 seconds.
  path: Assets/Code/DoorInteraction.cs
  artifactKey: Guid(ae7bdf5f125bb483b8c999af022c188a) Importer(2089858483,192608db42251d675da83286b1cce702)
Start importing Assets/Code/DoorInteraction.cs using Guid(ae7bdf5f125bb483b8c999af022c188a) Importer(2089858483,192608db42251d675da83286b1cce702) (ScriptedImporter) -> (artifact id: '3e3b90e9d0030808e8afb1edec59a134') in 0.0035247 seconds
Number of updated asset objects reloaded before import = 0Number of asset objects unloaded after import = 0

========================================================================
Received Import Request.
  Time since last request: 0.000106 seconds.
  path: Assets/Material/BON2A0.png
  artifactKey: Guid(541fcdca9283fbe45b7facbced632873) Importer(2089858483,192608db42251d675da83286b1cce702)
Start importing Assets/Material/BON2A0.png using Guid(541fcdca9283fbe45b7facbced632873) Importer(2089858483,192608db42251d675da83286b1cce702) (ScriptedImporter) -> (artifact id: 'f983865c4e5174e0a33d33c0f490676a') in 0.0110712 seconds
Number of updated asset objects reloaded before import = 0Number of asset objects unloaded after import = 1

========================================================================
Received Import Request.
  Time since last request: 0.000204 seconds.
  path: Assets/Material/COMPSTA2.png
  artifactKey: Guid(c4ea46b71b39a8341af1ef11f3fc80d1) Importer(2089858483,192608db42251d675da83286b1cce702)
Start importing Assets/Material/COMPSTA2.png using Guid(c4ea46b71b39a8341af1ef11f3fc80d1) Importer(2089858483,192608db42251d675da83286b1cce702) (ScriptedImporter) -> (artifact id: '33e68346d935c0991ee00359a500d0a1') in 0.0066712 seconds
Number of updated asset objects reloaded before import = 0Number of asset objects unloaded after import = 1

========================================================================
Received Import Request.
  Time since last request: 0.000071 seconds.
  path: Assets/InputSystem_Actions.inputactions
  artifactKey: Guid(289c1b55c9541489481df5cc06664110) Importer(2089858483,192608db42251d675da83286b1cce702)
Start importing Assets/InputSystem_Actions.inputactions using Guid(289c1b55c9541489481df5cc06664110) Importer(2089858483,192608db42251d675da83286b1cce702) (ScriptedImporter) -> (artifact id: '02e1d80656684d9a9df882272592540f') in 0.1528197 seconds
Number of updated asset objects reloaded before import = 0Number of asset objects unloaded after import = 22

========================================================================
Received Import Request.
  Time since last request: 0.000054 seconds.
  path: Assets/E1M1/NavMesh-Ground.asset
  artifactKey: Guid(3b518a288c09af94a9d39d83884041ae) Importer(2089858483,192608db42251d675da83286b1cce702)
Start importing Assets/E1M1/NavMesh-Ground.asset using Guid(3b518a288c09af94a9d39d83884041ae) Importer(2089858483,192608db42251d675da83286b1cce702) (ScriptedImporter) -> (artifact id: 'e032baa3360b01f010570934e7579d21') in 0.006815 seconds
Number of updated asset objects reloaded before import = 0Number of asset objects unloaded after import = 1

========================================================================
Received Import Request.
  Time since last request: 0.000270 seconds.
  path: Assets/Material/CLIPA0.png
  artifactKey: Guid(d4b9ca48dde08a144942405853287a50) Importer(2089858483,192608db42251d675da83286b1cce702)
Start importing Assets/Material/CLIPA0.png using Guid(d4b9ca48dde08a144942405853287a50) Importer(2089858483,192608db42251d675da83286b1cce702) (ScriptedImporter) -> (artifact id: '93d80123f4bd7b2b3820a3eba704be1e') in 0.009228 seconds
Number of updated asset objects reloaded before import = 0Number of asset objects unloaded after import = 1

========================================================================
Received Import Request.
  Time since last request: 0.000144 seconds.
  path: Assets/Material/COMPUTE3.png
  artifactKey: Guid(e7adea8f7c747624bb370d62fe61f8cc) Importer(2089858483,192608db42251d675da83286b1cce702)
Start importing Assets/Material/COMPUTE3.png using Guid(e7adea8f7c747624bb370d62fe61f8cc) Importer(2089858483,192608db42251d675da83286b1cce702) (ScriptedImporter) -> (artifact id: 'ccd4c072c81c9a96c0fab3eb9a26fbf7') in 0.0074728 seconds
Number of updated asset objects reloaded before import = 0Number of asset objects unloaded after import = 1

========================================================================
Received Import Request.
  Time since last request: 0.000147 seconds.
  path: Assets/Material/E1M2_2.jpg
  artifactKey: Guid(7b29f5aa0c2d33f44811d8ce2847c891) Importer(2089858483,192608db42251d675da83286b1cce702)
Start importing Assets/Material/E1M2_2.jpg using Guid(7b29f5aa0c2d33f44811d8ce2847c891) Importer(2089858483,192608db42251d675da83286b1cce702) (ScriptedImporter) -> (artifact id: '06320b8fff1b38b98075c4b5c74b3978') in 0.0074978 seconds
Number of updated asset objects reloaded before import = 0Number of asset objects unloaded after import = 1

========================================================================
Received Import Request.
  Time since last request: 0.000167 seconds.
  path: Assets/Code/ExploreData.cs
  artifactKey: Guid(86fd28c3bf80f4eaab9fe8b86cd0eb7b) Importer(2089858483,192608db42251d675da83286b1cce702)
Start importing Assets/Code/ExploreData.cs using Guid(86fd28c3bf80f4eaab9fe8b86cd0eb7b) Importer(2089858483,192608db42251d675da83286b1cce702) (ScriptedImporter) -> (artifact id: '05bb41cd8878ddc4391beb4aa14089df') in 0.0028291 seconds
Number of updated asset objects reloaded before import = 0Number of asset objects unloaded after import = 0

========================================================================
Received Import Request.
  Time since last request: 0.000117 seconds.
  path: Assets/Material/LITE2.png
  artifactKey: Guid(4592d557946f43c4fad80809e219bac4) Importer(2089858483,192608db42251d675da83286b1cce702)
Start importing Assets/Material/LITE2.png using Guid(4592d557946f43c4fad80809e219bac4) Importer(2089858483,192608db42251d675da83286b1cce702) (ScriptedImporter) -> (artifact id: '246e232e7994b9fca35d81ef53957719') in 0.0082893 seconds
Number of updated asset objects reloaded before import = 0Number of asset objects unloaded after import = 1

========================================================================
Received Import Request.
  Time since last request: 0.000069 seconds.
  path: Assets/Material/BIGDOOR1.png
  artifactKey: Guid(ded4a69e5c339064ea69ab5a623d5e42) Importer(2089858483,192608db42251d675da83286b1cce702)
Start importing Assets/Material/BIGDOOR1.png using Guid(ded4a69e5c339064ea69ab5a623d5e42) Importer(2089858483,192608db42251d675da83286b1cce702) (ScriptedImporter) -> (artifact id: '0c8652e42ca2c48b910656008a26702a') in 0.0064645 seconds
Number of updated asset objects reloaded before import = 0Number of asset objects unloaded after import = 1

========================================================================
Received Import Request.
  Time since last request: 0.000119 seconds.
  path: Assets/Material/COMPUTE2.png
  artifactKey: Guid(74801b67f41e8684299d29654046e35d) Importer(2089858483,192608db42251d675da83286b1cce702)
Start importing Assets/Material/COMPUTE2.png using Guid(74801b67f41e8684299d29654046e35d) Importer(2089858483,192608db42251d675da83286b1cce702) (ScriptedImporter) -> (artifact id: '02ac3d1ce5fe61a987759219b04628a3') in 0.0078882 seconds
Number of updated asset objects reloaded before import = 0Number of asset objects unloaded after import = 1

========================================================================
Received Import Request.
  Time since last request: 0.000098 seconds.
  path: Assets/Material/BROWNHUG.png
  artifactKey: Guid(01a5469a86efb7b428e0f477fad30cf2) Importer(2089858483,192608db42251d675da83286b1cce702)
Start importing Assets/Material/BROWNHUG.png using Guid(01a5469a86efb7b428e0f477fad30cf2) Importer(2089858483,192608db42251d675da83286b1cce702) (ScriptedImporter) -> (artifact id: '10247336aa76158fafdcf9155149f90d') in 0.0075544 seconds
Number of updated asset objects reloaded before import = 0Number of asset objects unloaded after import = 1

========================================================================
Received Import Request.
  Time since last request: 0.000171 seconds.
  path: Assets/Material/BPAKA0.png
  artifactKey: Guid(2afad221f894b15488ff8fe20b23704e) Importer(2089858483,192608db42251d675da83286b1cce702)
Start importing Assets/Material/BPAKA0.png using Guid(2afad221f894b15488ff8fe20b23704e) Importer(2089858483,192608db42251d675da83286b1cce702) (ScriptedImporter) -> (artifact id: '70a5e45f2fccd384d51f208fb7d71324') in 0.0111056 seconds
Number of updated asset objects reloaded before import = 0Number of asset objects unloaded after import = 1

========================================================================
Received Import Request.
  Time since last request: 0.000109 seconds.
  path: Assets/Material/E1M2_10.jpg
  artifactKey: Guid(897e0e24a28a5f74aa2ca714ee27fbc6) Importer(2089858483,192608db42251d675da83286b1cce702)
Start importing Assets/Material/E1M2_10.jpg using Guid(897e0e24a28a5f74aa2ca714ee27fbc6) Importer(2089858483,192608db42251d675da83286b1cce702) (ScriptedImporter) -> (artifact id: 'dd64b6fd1b05ee796e4b6b44dd92d5e9') in 0.006829 seconds
Number of updated asset objects reloaded before import = 0Number of asset objects unloaded after import = 1

========================================================================
Received Import Request.
  Time since last request: 0.000124 seconds.
  path: Assets/Material/CSAWA0.png
  artifactKey: Guid(a7fd85b90da9ee94d8fcec7feb9cfb6b) Importer(2089858483,192608db42251d675da83286b1cce702)
Start importing Assets/Material/CSAWA0.png using Guid(a7fd85b90da9ee94d8fcec7feb9cfb6b) Importer(2089858483,192608db42251d675da83286b1cce702) (ScriptedImporter) -> (artifact id: '3109a7cbcca46bd8e4d371f72b2bba62') in 0.0086535 seconds
Number of updated asset objects reloaded before import = 0Number of asset objects unloaded after import = 1

========================================================================
Received Import Request.
  Time since last request: 0.000049 seconds.
  path: Assets/Material/LITE6.png
  artifactKey: Guid(e5aa9a33c61ecec4f9fa63bde1ab34f4) Importer(2089858483,192608db42251d675da83286b1cce702)
Start importing Assets/Material/LITE6.png using Guid(e5aa9a33c61ecec4f9fa63bde1ab34f4) Importer(2089858483,192608db42251d675da83286b1cce702) (ScriptedImporter) -> (artifact id: 'd2bdd51d910fa7d1eb3e72fc94bd4f7a') in 0.006498 seconds
Number of updated asset objects reloaded before import = 0Number of asset objects unloaded after import = 1

========================================================================
Received Import Request.
  Time since last request: 0.000158 seconds.
  path: Assets/Material/DOORTRAK.png
  artifactKey: Guid(295f13824df9a294db769de6ff893715) Importer(2089858483,192608db42251d675da83286b1cce702)
Start importing Assets/Material/DOORTRAK.png using Guid(295f13824df9a294db769de6ff893715) Importer(2089858483,192608db42251d675da83286b1cce702) (ScriptedImporter) -> (artifact id: 'b4f848e355ed8a4d65b1d28a85e28561') in 0.0098935 seconds
Number of updated asset objects reloaded before import = 0Number of asset objects unloaded after import = 1

========================================================================
Received Import Request.
  Time since last request: 0.000079 seconds.
  path: Assets/Material/LITE3.png
  artifactKey: Guid(2754e09247d3fd04ea3854c86a25da55) Importer(2089858483,192608db42251d675da83286b1cce702)
Start importing Assets/Material/LITE3.png using Guid(2754e09247d3fd04ea3854c86a25da55) Importer(2089858483,192608db42251d675da83286b1cce702) (ScriptedImporter) -> (artifact id: '231d1a5a5df96ec8fd612b3ae1df2854') in 0.0091163 seconds
Number of updated asset objects reloaded before import = 0Number of asset objects unloaded after import = 1

========================================================================
Received Import Request.
  Time since last request: 0.000111 seconds.
  path: Assets/Code/MonsterAttackZone.cs
  artifactKey: Guid(b4a1af15653214e589a4af7b78c6dccd) Importer(2089858483,192608db42251d675da83286b1cce702)
Start importing Assets/Code/MonsterAttackZone.cs using Guid(b4a1af15653214e589a4af7b78c6dccd) Importer(2089858483,192608db42251d675da83286b1cce702) (ScriptedImporter) -> (artifact id: 'db144e4af0026e2d631605b55701849c') in 0.0024832 seconds
Number of updated asset objects reloaded before import = 0Number of asset objects unloaded after import = 0

========================================================================
Received Import Request.
  Time since last request: 0.000143 seconds.
  path: Assets/Material/BROWN96.png
  artifactKey: Guid(b639048311957454eb9edbb0e993fcc5) Importer(2089858483,192608db42251d675da83286b1cce702)
Start importing Assets/Material/BROWN96.png using Guid(b639048311957454eb9edbb0e993fcc5) Importer(2089858483,192608db42251d675da83286b1cce702) (ScriptedImporter) -> (artifact id: '9ed837ef7aedb879b4e2174fd4bf9ecf') in 0.0091408 seconds
Number of updated asset objects reloaded before import = 0Number of asset objects unloaded after import = 1

========================================================================
Received Import Request.
  Time since last request: 0.000210 seconds.
  path: Assets/Material/COMPTALL.png
  artifactKey: Guid(71e0d5001732b5648a6e00d4a3dd7994) Importer(2089858483,192608db42251d675da83286b1cce702)
Start importing Assets/Material/COMPTALL.png using Guid(71e0d5001732b5648a6e00d4a3dd7994) Importer(2089858483,192608db42251d675da83286b1cce702) (ScriptedImporter) -> (artifact id: '2c0af32ea839a2abb41cb36b966bfaa6') in 0.0101687 seconds
Number of updated asset objects reloaded before import = 0Number of asset objects unloaded after import = 1

========================================================================
Received Import Request.
  Time since last request: 0.000149 seconds.
  path: Assets/Code/BulletFly.cs
  artifactKey: Guid(bb3ea94ceca1c486b968e9af4b6f17d5) Importer(2089858483,192608db42251d675da83286b1cce702)
Start importing Assets/Code/BulletFly.cs using Guid(bb3ea94ceca1c486b968e9af4b6f17d5) Importer(2089858483,192608db42251d675da83286b1cce702) (ScriptedImporter) -> (artifact id: '60446f0bd626eaba4ea72827888c431a') in 0.0024697 seconds
Number of updated asset objects reloaded before import = 0Number of asset objects unloaded after import = 0

========================================================================
Received Import Request.
  Time since last request: 0.081278 seconds.
  path: Assets/Material/MEDIA0.png
  artifactKey: Guid(58ba5739738305f46ab20b415639def9) Importer(2089858483,192608db42251d675da83286b1cce702)
Start importing Assets/Material/MEDIA0.png using Guid(58ba5739738305f46ab20b415639def9) Importer(2089858483,192608db42251d675da83286b1cce702) (ScriptedImporter) -> (artifact id: '1559c12a2ae645b119f7bbbb2e2ee680') in 0.006237 seconds
Number of updated asset objects reloaded before import = 0Number of asset objects unloaded after import = 1

========================================================================
Received Import Request.
  Time since last request: 0.000080 seconds.
  path: Assets/MonsterMutant 7/MonsterMutant7.unity
  artifactKey: Guid(3309cf4a93935bf40b6f240979cbe657) Importer(2089858483,192608db42251d675da83286b1cce702)
Start importing Assets/MonsterMutant 7/MonsterMutant7.unity using Guid(3309cf4a93935bf40b6f240979cbe657) Importer(2089858483,192608db42251d675da83286b1cce702) (ScriptedImporter) -> (artifact id: '3a345796499ef93bf9f9c7d66939a4ea') in 0.0033103 seconds
Number of updated asset objects reloaded before import = 0Number of asset objects unloaded after import = 1

========================================================================
Received Import Request.
  Time since last request: 0.000197 seconds.
  path: Assets/Material/SUPPORT11.png
  artifactKey: Guid(5c3628fb39e44804496fd64df9c907d1) Importer(2089858483,192608db42251d675da83286b1cce702)
Start importing Assets/Material/SUPPORT11.png using Guid(5c3628fb39e44804496fd64df9c907d1) Importer(2089858483,192608db42251d675da83286b1cce702) (ScriptedImporter) -> (artifact id: '5f6926b5d68143131e2091efa780e8c7') in 0.0069864 seconds
Number of updated asset objects reloaded before import = 0Number of asset objects unloaded after import = 1

========================================================================
Received Import Request.
  Time since last request: 0.000134 seconds.
  path: Assets/Material/SLADWALL.png
  artifactKey: Guid(91118d3ca8f229745a16c5718f7c372d) Importer(2089858483,192608db42251d675da83286b1cce702)
Start importing Assets/Material/SLADWALL.png using Guid(91118d3ca8f229745a16c5718f7c372d) Importer(2089858483,192608db42251d675da83286b1cce702) (ScriptedImporter) -> (artifact id: 'da26617f798cd9deba06709b20e8b343') in 0.0066479 seconds
Number of updated asset objects reloaded before import = 0Number of asset objects unloaded after import = 1

========================================================================
Received Import Request.
  Time since last request: 0.000166 seconds.
  path: Assets/Material/SUPPORT10.png
  artifactKey: Guid(ee65e9234d4c40c48aa9bc986f653a9f) Importer(2089858483,192608db42251d675da83286b1cce702)
Start importing Assets/Material/SUPPORT10.png using Guid(ee65e9234d4c40c48aa9bc986f653a9f) Importer(2089858483,192608db42251d675da83286b1cce702) (ScriptedImporter) -> (artifact id: '4651a223cc7e20e4eac30c78557b9fab') in 0.0088167 seconds
Number of updated asset objects reloaded before import = 0Number of asset objects unloaded after import = 1

========================================================================
Received Import Request.
  Time since last request: 0.000059 seconds.
  path: Assets/Material/STARTAN9.png
  artifactKey: Guid(0f7ab10c939d8cd468ac311120ecaca6) Importer(2089858483,192608db42251d675da83286b1cce702)
Start importing Assets/Material/STARTAN9.png using Guid(0f7ab10c939d8cd468ac311120ecaca6) Importer(2089858483,192608db42251d675da83286b1cce702) (ScriptedImporter) -> (artifact id: 'f07b73b59886720dbe78140ec1dc3690') in 0.0076218 seconds
Number of updated asset objects reloaded before import = 0Number of asset objects unloaded after import = 1

========================================================================
Received Import Request.
  Time since last request: 0.000070 seconds.
  path: Assets/Material/POSSA5.png
  artifactKey: Guid(5d976c6424c164c40b15f337f329d52d) Importer(2089858483,192608db42251d675da83286b1cce702)
Start importing Assets/Material/POSSA5.png using Guid(5d976c6424c164c40b15f337f329d52d) Importer(2089858483,192608db42251d675da83286b1cce702) (ScriptedImporter) -> (artifact id: 'ec9946f9514234040ef7a78af49ee162') in 0.008478 seconds
Number of updated asset objects reloaded before import = 0Number of asset objects unloaded after import = 1

========================================================================
Received Import Request.
  Time since last request: 0.000107 seconds.
  path: Assets/Material/STARTAN3.png
  artifactKey: Guid(dce0d915bbffbcb4cbc09d330dc027d7) Importer(2089858483,192608db42251d675da83286b1cce702)
Start importing Assets/Material/STARTAN3.png using Guid(dce0d915bbffbcb4cbc09d330dc027d7) Importer(2089858483,192608db42251d675da83286b1cce702) (ScriptedImporter) -> (artifact id: 'd48a0bf36b701482f7d14d975f6c7b75') in 0.0092695 seconds
Number of updated asset objects reloaded before import = 0Number of asset objects unloaded after import = 1

========================================================================
Received Import Request.
  Time since last request: 0.000211 seconds.
  path: Assets/Material/SHELA0.png
  artifactKey: Guid(aa425d2a01296474d94f789b46f6d02c) Importer(2089858483,192608db42251d675da83286b1cce702)
Start importing Assets/Material/SHELA0.png using Guid(aa425d2a01296474d94f789b46f6d02c) Importer(2089858483,192608db42251d675da83286b1cce702) (ScriptedImporter) -> (artifact id: '019fa033fa61dbb4750a0deeccb68a2f') in 0.0090791 seconds
Number of updated asset objects reloaded before import = 0Number of asset objects unloaded after import = 1

========================================================================
Received Import Request.
  Time since last request: 0.000130 seconds.
  path: Assets/Material/SHOTA0.png
  artifactKey: Guid(85d6ff40ddb05dc409c8dd35ef1eff6a) Importer(2089858483,192608db42251d675da83286b1cce702)
Start importing Assets/Material/SHOTA0.png using Guid(85d6ff40ddb05dc409c8dd35ef1eff6a) Importer(2089858483,192608db42251d675da83286b1cce702) (ScriptedImporter) -> (artifact id: '5c4d586d9091cdb68dd3dd3b911af306') in 0.0065117 seconds
Number of updated asset objects reloaded before import = 0Number of asset objects unloaded after import = 1

========================================================================
Received Import Request.
  Time since last request: 0.000389 seconds.
  path: Assets/Material/STEP7.png
  artifactKey: Guid(e39f45a47371e1342bbb0f19bfffe765) Importer(2089858483,192608db42251d675da83286b1cce702)
Start importing Assets/Material/STEP7.png using Guid(e39f45a47371e1342bbb0f19bfffe765) Importer(2089858483,192608db42251d675da83286b1cce702) (ScriptedImporter) -> (artifact id: '5498964e22dddbcf253e5db2db91504c') in 0.0086961 seconds
Number of updated asset objects reloaded before import = 0Number of asset objects unloaded after import = 1

========================================================================
Received Import Request.
  Time since last request: 0.000093 seconds.
  path: Assets/Material/STONE1.png
  artifactKey: Guid(33a9b8f6eae043b4eb7d03f764332295) Importer(2089858483,192608db42251d675da83286b1cce702)
Start importing Assets/Material/STONE1.png using Guid(33a9b8f6eae043b4eb7d03f764332295) Importer(2089858483,192608db42251d675da83286b1cce702) (ScriptedImporter) -> (artifact id: '89ec352ab54006c9f9cc23c7e2a095fc') in 0.0064833 seconds
Number of updated asset objects reloaded before import = 0Number of asset objects unloaded after import = 1

========================================================================
Received Import Request.
  Time since last request: 0.000086 seconds.
  path: Assets/Material/SUPPORT1.png
  artifactKey: Guid(1cd7db1e113ad0d44ac9bfdfdf457047) Importer(2089858483,192608db42251d675da83286b1cce702)
Start importing Assets/Material/SUPPORT1.png using Guid(1cd7db1e113ad0d44ac9bfdfdf457047) Importer(2089858483,192608db42251d675da83286b1cce702) (ScriptedImporter) -> (artifact id: '4b9905791489c7914bc3102c49b887e3') in 0.0064715 seconds
Number of updated asset objects reloaded before import = 0Number of asset objects unloaded after import = 1

========================================================================
Received Import Request.
  Time since last request: 0.000077 seconds.
  path: Assets/Material/SUPPORT7.png
  artifactKey: Guid(684d85ad48ff4814ab57b3dda75371fc) Importer(2089858483,192608db42251d675da83286b1cce702)
Start importing Assets/Material/SUPPORT7.png using Guid(684d85ad48ff4814ab57b3dda75371fc) Importer(2089858483,192608db42251d675da83286b1cce702) (ScriptedImporter) -> (artifact id: '74b2e19e4f513e64f981aeb8b4195056') in 0.007736 seconds
Number of updated asset objects reloaded before import = 0Number of asset objects unloaded after import = 1

========================================================================
Received Import Request.
  Time since last request: 0.000153 seconds.
  path: Assets/Material/SUPPORT5.png
  artifactKey: Guid(26c3be19f4ef20d4fa2e9405f8ee3b02) Importer(2089858483,192608db42251d675da83286b1cce702)
Start importing Assets/Material/SUPPORT5.png using Guid(26c3be19f4ef20d4fa2e9405f8ee3b02) Importer(2089858483,192608db42251d675da83286b1cce702) (ScriptedImporter) -> (artifact id: 'fe389a6a4adc448213a4e4bdcf04bc4a') in 0.0058409 seconds
Number of updated asset objects reloaded before import = 0Number of asset objects unloaded after import = 1

========================================================================
Received Import Request.
  Time since last request: 0.000217 seconds.
  path: Assets/Material/SW1STON1.png
  artifactKey: Guid(a0c820d000cb4ec4f9889253030cdf49) Importer(2089858483,192608db42251d675da83286b1cce702)
Start importing Assets/Material/SW1STON1.png using Guid(a0c820d000cb4ec4f9889253030cdf49) Importer(2089858483,192608db42251d675da83286b1cce702) (ScriptedImporter) -> (artifact id: '3b49f3a869ccb4f7369f24315ca2a2b2') in 0.0112903 seconds
Number of updated asset objects reloaded before import = 0Number of asset objects unloaded after import = 1

========================================================================
Received Import Request.
  Time since last request: 0.000210 seconds.
  path: Assets/Material/STARTAN6.png
  artifactKey: Guid(b43d259a465f3bf47a5c9cbb12712a1d) Importer(2089858483,192608db42251d675da83286b1cce702)
Start importing Assets/Material/STARTAN6.png using Guid(b43d259a465f3bf47a5c9cbb12712a1d) Importer(2089858483,192608db42251d675da83286b1cce702) (ScriptedImporter) -> (artifact id: '55614ca6574ad784aefec3c8365c37dd') in 0.0060991 seconds
Number of updated asset objects reloaded before import = 0Number of asset objects unloaded after import = 1

========================================================================
Received Import Request.
  Time since last request: 0.000162 seconds.
  path: Assets/Material/STEP1.png
  artifactKey: Guid(6acb47cc3cff4ab4bb6b2612a5b90689) Importer(2089858483,192608db42251d675da83286b1cce702)
Start importing Assets/Material/STEP1.png using Guid(6acb47cc3cff4ab4bb6b2612a5b90689) Importer(2089858483,192608db42251d675da83286b1cce702) (ScriptedImporter) -> (artifact id: 'f51d49b33ea8be687ecd02fe0f737b48') in 0.0080558 seconds
Number of updated asset objects reloaded before import = 0Number of asset objects unloaded after import = 1

========================================================================
Received Import Request.
  Time since last request: 0.000073 seconds.
  path: Assets/Material/STEP8.png
  artifactKey: Guid(d9950d3c0ac85aa4ba7b7ea99a6bb615) Importer(2089858483,192608db42251d675da83286b1cce702)
Start importing Assets/Material/STEP8.png using Guid(d9950d3c0ac85aa4ba7b7ea99a6bb615) Importer(2089858483,192608db42251d675da83286b1cce702) (ScriptedImporter) -> (artifact id: '6049c9f2848ca0dd990277ab06c6bcad') in 0.0058274 seconds
Number of updated asset objects reloaded before import = 0Number of asset objects unloaded after import = 1

========================================================================
Received Import Request.
  Time since last request: 0.000106 seconds.
  path: Assets/Material/STARTAN2.png
  artifactKey: Guid(d7507defbf887394985c2697b191394b) Importer(2089858483,192608db42251d675da83286b1cce702)
Start importing Assets/Material/STARTAN2.png using Guid(d7507defbf887394985c2697b191394b) Importer(2089858483,192608db42251d675da83286b1cce702) (ScriptedImporter) -> (artifact id: '18f695a5c4e11dc44cf4512617d69af3') in 0.0066427 seconds
Number of updated asset objects reloaded before import = 0Number of asset objects unloaded after import = 1

========================================================================
Received Import Request.
  Time since last request: 0.000094 seconds.
  path: Assets/Material/STARTAN7.png
  artifactKey: Guid(20d32155280da424f9a1fdd3b44efb41) Importer(2089858483,192608db42251d675da83286b1cce702)
Start importing Assets/Material/STARTAN7.png using Guid(20d32155280da424f9a1fdd3b44efb41) Importer(2089858483,192608db42251d675da83286b1cce702) (ScriptedImporter) -> (artifact id: '32a0071432da7a9473092a8595e34d98') in 0.0076158 seconds
Number of updated asset objects reloaded before import = 0Number of asset objects unloaded after import = 1

========================================================================
Received Import Request.
  Time since last request: 0.000094 seconds.
  path: Assets/Material/STEP2.png
  artifactKey: Guid(eadd22103859b514aa9e97fd22fca9ee) Importer(2089858483,192608db42251d675da83286b1cce702)
Start importing Assets/Material/STEP2.png using Guid(eadd22103859b514aa9e97fd22fca9ee) Importer(2089858483,192608db42251d675da83286b1cce702) (ScriptedImporter) -> (artifact id: '7e33c2bacf9c4f8e55659c8ec10c8138') in 0.0069398 seconds
Number of updated asset objects reloaded before import = 0Number of asset objects unloaded after import = 1

========================================================================
Received Import Request.
  Time since last request: 0.000304 seconds.
  path: Assets/Material/TEKWALL1.png
  artifactKey: Guid(63d1fdbe14810b3438870487e9ea3997) Importer(2089858483,192608db42251d675da83286b1cce702)
Start importing Assets/Material/TEKWALL1.png using Guid(63d1fdbe14810b3438870487e9ea3997) Importer(2089858483,192608db42251d675da83286b1cce702) (ScriptedImporter) -> (artifact id: 'f16a3336250c99ee104c2ffde853926b') in 0.0093193 seconds
Number of updated asset objects reloaded before import = 0Number of asset objects unloaded after import = 1

========================================================================
Received Import Request.
  Time since last request: 0.000174 seconds.
  path: Assets/Material/SUPPORT8.png
  artifactKey: Guid(606b13d844eaed04f9ed8ea1287e1650) Importer(2089858483,192608db42251d675da83286b1cce702)
Start importing Assets/Material/SUPPORT8.png using Guid(606b13d844eaed04f9ed8ea1287e1650) Importer(2089858483,192608db42251d675da83286b1cce702) (ScriptedImporter) -> (artifact id: '2c8706b0424d780632b9e3d3ef9625a6') in 0.0106557 seconds
Number of updated asset objects reloaded before import = 0Number of asset objects unloaded after import = 1

========================================================================
Received Import Request.
  Time since last request: 0.000113 seconds.
  path: Assets/Material/STARTAN1_3.png
  artifactKey: Guid(494c213e6929c7941bf110c20bf4707a) Importer(2089858483,192608db42251d675da83286b1cce702)
Start importing Assets/Material/STARTAN1_3.png using Guid(494c213e6929c7941bf110c20bf4707a) Importer(2089858483,192608db42251d675da83286b1cce702) (ScriptedImporter) -> (artifact id: '61d1f4c43ebd2a230fcd8ec64255f8a5') in 0.0073962 seconds
Number of updated asset objects reloaded before import = 0Number of asset objects unloaded after import = 1

========================================================================
Received Import Request.
  Time since last request: 0.000121 seconds.
  path: Assets/Material/TEKWALL5.png
  artifactKey: Guid(3110108852b01cc4c99cbe1ca0ff6b12) Importer(2089858483,192608db42251d675da83286b1cce702)
Start importing Assets/Material/TEKWALL5.png using Guid(3110108852b01cc4c99cbe1ca0ff6b12) Importer(2089858483,192608db42251d675da83286b1cce702) (ScriptedImporter) -> (artifact id: '39962601373b11378bb6c281b24af0ec') in 0.0065134 seconds
Number of updated asset objects reloaded before import = 0Number of asset objects unloaded after import = 1

========================================================================
Received Import Request.
  Time since last request: 0.000109 seconds.
  path: Assets/Material/TLITE6_8.png
  artifactKey: Guid(baef7c62743d51a4c8217dcacd066ff7) Importer(2089858483,192608db42251d675da83286b1cce702)
Start importing Assets/Material/TLITE6_8.png using Guid(baef7c62743d51a4c8217dcacd066ff7) Importer(2089858483,192608db42251d675da83286b1cce702) (ScriptedImporter) -> (artifact id: 'afc823cd830545fa86297faa9228200a') in 0.0068538 seconds
Number of updated asset objects reloaded before import = 0Number of asset objects unloaded after import = 1

========================================================================
Received Import Request.
  Time since last request: 0.000071 seconds.
  path: Assets/Material/SW1SLAD.png
  artifactKey: Guid(49521e88b9c7b5346ab8bceabb5fa4ef) Importer(2089858483,192608db42251d675da83286b1cce702)
Start importing Assets/Material/SW1SLAD.png using Guid(49521e88b9c7b5346ab8bceabb5fa4ef) Importer(2089858483,192608db42251d675da83286b1cce702) (ScriptedImporter) -> (artifact id: 'be016da09aa1e6d7cb1fa04a2efe8138') in 0.007192 seconds
Number of updated asset objects reloaded before import = 0Number of asset objects unloaded after import = 1

========================================================================
Received Import Request.
  Time since last request: 0.000043 seconds.
  path: Assets/Material/SLADWALL3.png
  artifactKey: Guid(59ad5040c327f7347b33a90c726869ff) Importer(2089858483,192608db42251d675da83286b1cce702)
Start importing Assets/Material/SLADWALL3.png using Guid(59ad5040c327f7347b33a90c726869ff) Importer(2089858483,192608db42251d675da83286b1cce702) (ScriptedImporter) -> (artifact id: '22d728eed81e9cc63aeccdd45df4ad16') in 0.0065994 seconds
Number of updated asset objects reloaded before import = 0Number of asset objects unloaded after import = 1

========================================================================
Received Import Request.
  Time since last request: 0.000070 seconds.
  path: Assets/Material/TLITE6_10.png
  artifactKey: Guid(c3000c6189c560e4f80a4b416ad1e30b) Importer(2089858483,192608db42251d675da83286b1cce702)
Start importing Assets/Material/TLITE6_10.png using Guid(c3000c6189c560e4f80a4b416ad1e30b) Importer(2089858483,192608db42251d675da83286b1cce702) (ScriptedImporter) -> (artifact id: '7a3140cafcedc8abb0dd019a2b15e4bf') in 0.0075805 seconds
Number of updated asset objects reloaded before import = 0Number of asset objects unloaded after import = 1

========================================================================
Received Import Request.
  Time since last request: 0.000090 seconds.
  path: Assets/Material/TLITE6_11.png
  artifactKey: Guid(95e1a0a7f15b2674aad988caee472f21) Importer(2089858483,192608db42251d675da83286b1cce702)
Start importing Assets/Material/TLITE6_11.png using Guid(95e1a0a7f15b2674aad988caee472f21) Importer(2089858483,192608db42251d675da83286b1cce702) (ScriptedImporter) -> (artifact id: '28eee737d52e2f038ca45fd39166f436') in 0.0083965 seconds
Number of updated asset objects reloaded before import = 0Number of asset objects unloaded after import = 1

========================================================================
Received Import Request.
  Time since last request: 0.000082 seconds.
  path: Assets/Material/TEKWALL7.png
  artifactKey: Guid(c70545bed6a6fdf4c9884bd2f727d467) Importer(2089858483,192608db42251d675da83286b1cce702)
Start importing Assets/Material/TEKWALL7.png using Guid(c70545bed6a6fdf4c9884bd2f727d467) Importer(2089858483,192608db42251d675da83286b1cce702) (ScriptedImporter) -> (artifact id: '9fd0517bf6e05dc9dbd1825b42f0917d') in 0.0063949 seconds
Number of updated asset objects reloaded before import = 0Number of asset objects unloaded after import = 1

========================================================================
Received Import Request.
  Time since last request: 0.000059 seconds.
  path: Assets/Material/STONE3.png
  artifactKey: Guid(6d6c691c3096cc943b742882266d3e64) Importer(2089858483,192608db42251d675da83286b1cce702)
Start importing Assets/Material/STONE3.png using Guid(6d6c691c3096cc943b742882266d3e64) Importer(2089858483,192608db42251d675da83286b1cce702) (ScriptedImporter) -> (artifact id: '07d8878743a936d478fa13afc3f06f03') in 0.0065627 seconds
Number of updated asset objects reloaded before import = 0Number of asset objects unloaded after import = 1

========================================================================
Received Import Request.
  Time since last request: 0.000062 seconds.
  path: Assets/Material/PLAYA3.png
  artifactKey: Guid(5c679ce5b6589c84a9aee959433a91d6) Importer(2089858483,192608db42251d675da83286b1cce702)
Start importing Assets/Material/PLAYA3.png using Guid(5c679ce5b6589c84a9aee959433a91d6) Importer(2089858483,192608db42251d675da83286b1cce702) (ScriptedImporter) -> (artifact id: '91f80ac9e56454fc4df60ae792c3c71b') in 0.0078408 seconds
Number of updated asset objects reloaded before import = 0Number of asset objects unloaded after import = 1

========================================================================
Received Import Request.
  Time since last request: 0.000156 seconds.
  path: Assets/Material/STEP10.png
  artifactKey: Guid(fb282af9e64640b4fb17d96c6799451e) Importer(2089858483,192608db42251d675da83286b1cce702)
Start importing Assets/Material/STEP10.png using Guid(fb282af9e64640b4fb17d96c6799451e) Importer(2089858483,192608db42251d675da83286b1cce702) (ScriptedImporter) -> (artifact id: 'ca9efa0b3606477206de0fae1512653c') in 0.0084802 seconds
Number of updated asset objects reloaded before import = 0Number of asset objects unloaded after import = 1

========================================================================
Received Import Request.
  Time since last request: 0.000298 seconds.
  path: Assets/Material/POL5A1.png
  artifactKey: Guid(39eede7622495104ea61b5d59bee1483) Importer(2089858483,192608db42251d675da83286b1cce702)
Start importing Assets/Material/POL5A1.png using Guid(39eede7622495104ea61b5d59bee1483) Importer(2089858483,192608db42251d675da83286b1cce702) (ScriptedImporter) -> (artifact id: 'c4a848e67870126165fdba701c870896') in 0.0079078 seconds
Number of updated asset objects reloaded before import = 0Number of asset objects unloaded after import = 1

========================================================================
Received Import Request.
  Time since last request: 0.000103 seconds.
  path: Assets/Resources/PerformanceTestRunSettings.json
  artifactKey: Guid(0b8723cfa4cd8401f959e3052f3da559) Importer(2089858483,192608db42251d675da83286b1cce702)
Start importing Assets/Resources/PerformanceTestRunSettings.json using Guid(0b8723cfa4cd8401f959e3052f3da559) Importer(2089858483,192608db42251d675da83286b1cce702) (ScriptedImporter) -> (artifact id: '1e60354086b10f03306b3b55f483d9d5') in 0.0038637 seconds
Number of updated asset objects reloaded before import = 0Number of asset objects unloaded after import = 1

========================================================================
Received Import Request.
  Time since last request: 0.000237 seconds.
  path: Assets/Material/TROOA5.png
  artifactKey: Guid(8117544857782a34db1b8d431e4d6ba0) Importer(2089858483,192608db42251d675da83286b1cce702)
Start importing Assets/Material/TROOA5.png using Guid(8117544857782a34db1b8d431e4d6ba0) Importer(2089858483,192608db42251d675da83286b1cce702) (ScriptedImporter) -> (artifact id: '695cd73a3e3faba70894d97c2e52028d') in 0.0073023 seconds
Number of updated asset objects reloaded before import = 0Number of asset objects unloaded after import = 1

========================================================================
Received Import Request.
  Time since last request: 0.000195 seconds.
  path: Assets/Material/STARTAN1_4.png
  artifactKey: Guid(1e890fef9b5e234459207ecdc3283f7a) Importer(2089858483,192608db42251d675da83286b1cce702)
Start importing Assets/Material/STARTAN1_4.png using Guid(1e890fef9b5e234459207ecdc3283f7a) Importer(2089858483,192608db42251d675da83286b1cce702) (ScriptedImporter) -> (artifact id: '2522381d5e85a96010eae2462c3592b9') in 0.0110986 seconds
Number of updated asset objects reloaded before import = 0Number of asset objects unloaded after import = 1

========================================================================
Received Import Request.
  Time since last request: 0.000299 seconds.
  path: Assets/Material/SUPPORT4_1.jpg
  artifactKey: Guid(0ccca56c75e858b499fee04e2edd6172) Importer(2089858483,192608db42251d675da83286b1cce702)
Start importing Assets/Material/SUPPORT4_1.jpg using Guid(0ccca56c75e858b499fee04e2edd6172) Importer(2089858483,192608db42251d675da83286b1cce702) (ScriptedImporter) -> (artifact id: '40e83265ef9d3f8eb818129e6e375347') in 0.0068935 seconds
Number of updated asset objects reloaded before import = 0Number of asset objects unloaded after import = 1

========================================================================
Received Import Request.
  Time since last request: 0.000086 seconds.
  path: Assets/Material/MGUNA0.png
  artifactKey: Guid(1d7821981fa1d6a46a05e343f564a35a) Importer(2089858483,192608db42251d675da83286b1cce702)
Start importing Assets/Material/MGUNA0.png using Guid(1d7821981fa1d6a46a05e343f564a35a) Importer(2089858483,192608db42251d675da83286b1cce702) (ScriptedImporter) -> (artifact id: 'be7222c58b0f196f8d3e4a6b6ff10c58') in 0.0080877 seconds
Number of updated asset objects reloaded before import = 0Number of asset objects unloaded after import = 1

========================================================================
Received Import Request.
  Time since last request: 0.000434 seconds.
  path: Assets/Material/STARTAN4.png
  artifactKey: Guid(afab2347c2cc48a458b0aac305937e96) Importer(2089858483,192608db42251d675da83286b1cce702)
Start importing Assets/Material/STARTAN4.png using Guid(afab2347c2cc48a458b0aac305937e96) Importer(2089858483,192608db42251d675da83286b1cce702) (ScriptedImporter) -> (artifact id: '5d860ce90249f82eea16b74e401da2c1') in 0.006559 seconds
Number of updated asset objects reloaded before import = 0Number of asset objects unloaded after import = 1

========================================================================
Received Import Request.
  Time since last request: 0.000262 seconds.
  path: Assets/Material/STARG3.png
  artifactKey: Guid(d68fb19f7e10f014cada9f6587deba3a) Importer(2089858483,192608db42251d675da83286b1cce702)
Start importing Assets/Material/STARG3.png using Guid(d68fb19f7e10f014cada9f6587deba3a) Importer(2089858483,192608db42251d675da83286b1cce702) (ScriptedImporter) -> (artifact id: 'ed110863a81a2b580bd3f15399b62d51') in 0.0112855 seconds
Number of updated asset objects reloaded before import = 0Number of asset objects unloaded after import = 1

========================================================================
Received Import Request.
  Time since last request: 0.000192 seconds.
  path: Assets/Material/SBOXA0.png
  artifactKey: Guid(02cee1e4e8862da4fb2c3e9326be10c3) Importer(2089858483,192608db42251d675da83286b1cce702)
Start importing Assets/Material/SBOXA0.png using Guid(02cee1e4e8862da4fb2c3e9326be10c3) Importer(2089858483,192608db42251d675da83286b1cce702) (ScriptedImporter) -> (artifact id: '2f3f6f700234c5cc0178e2495a492c9d') in 0.0065387 seconds
Number of updated asset objects reloaded before import = 0Number of asset objects unloaded after import = 1

========================================================================
Received Import Request.
  Time since last request: 0.000065 seconds.
  path: Assets/Material/NUKESLAD.png
  artifactKey: Guid(5c765edbc682e074bb420bc8a7e11ab5) Importer(2089858483,192608db42251d675da83286b1cce702)
Start importing Assets/Material/NUKESLAD.png using Guid(5c765edbc682e074bb420bc8a7e11ab5) Importer(2089858483,192608db42251d675da83286b1cce702) (ScriptedImporter) -> (artifact id: 'b250ee087a163e89a3038c1e4c3b1d0b') in 0.0074353 seconds
Number of updated asset objects reloaded before import = 0Number of asset objects unloaded after import = 1

========================================================================
Received Import Request.
  Time since last request: 0.000216 seconds.
  path: Assets/Material/TLITE6_2.png
  artifactKey: Guid(89140a5dbafb60d4483ec50936743625) Importer(2089858483,192608db42251d675da83286b1cce702)
Start importing Assets/Material/TLITE6_2.png using Guid(89140a5dbafb60d4483ec50936743625) Importer(2089858483,192608db42251d675da83286b1cce702) (ScriptedImporter) -> (artifact id: 'effd5c25ac7541427a784da7016c0087') in 0.0058024 seconds
Number of updated asset objects reloaded before import = 0Number of asset objects unloaded after import = 1

========================================================================
Received Import Request.
  Time since last request: 0.000272 seconds.
  path: Assets/Material/TLITE6_6.png
  artifactKey: Guid(269b9cadf939401488630672b1ab232f) Importer(2089858483,192608db42251d675da83286b1cce702)
Start importing Assets/Material/TLITE6_6.png using Guid(269b9cadf939401488630672b1ab232f) Importer(2089858483,192608db42251d675da83286b1cce702) (ScriptedImporter) -> (artifact id: 'ea9bf647410fca834a9da4540664be81') in 0.0083535 seconds
Number of updated asset objects reloaded before import = 0Number of asset objects unloaded after import = 1

========================================================================
Received Import Request.
  Time since last request: 0.000157 seconds.
  path: Assets/Material/TLITE6_4.png
  artifactKey: Guid(916f86313a3966d4e92ce43443e5db66) Importer(2089858483,192608db42251d675da83286b1cce702)
Start importing Assets/Material/TLITE6_4.png using Guid(916f86313a3966d4e92ce43443e5db66) Importer(2089858483,192608db42251d675da83286b1cce702) (ScriptedImporter) -> (artifact id: '207592d23c5ee6a01cefbb782dc88be3') in 0.008749 seconds
Number of updated asset objects reloaded before import = 0Number of asset objects unloaded after import = 1

========================================================================
Received Import Request.
  Time since last request: 0.000049 seconds.
  path: Assets/Material/SW1COMP.png
  artifactKey: Guid(7236990c6d51c45469b59d36cf435dec) Importer(2089858483,192608db42251d675da83286b1cce702)
Start importing Assets/Material/SW1COMP.png using Guid(7236990c6d51c45469b59d36cf435dec) Importer(2089858483,192608db42251d675da83286b1cce702) (ScriptedImporter) -> (artifact id: '79f96713ed78c2c07b89345357532a56') in 0.0060426 seconds
Number of updated asset objects reloaded before import = 0Number of asset objects unloaded after import = 1

========================================================================
Received Import Request.
  Time since last request: 0.000203 seconds.
  path: Assets/Material/TLITE6_9.png
  artifactKey: Guid(2b33809d0368c8d43a7579175626cd5f) Importer(2089858483,192608db42251d675da83286b1cce702)
Start importing Assets/Material/TLITE6_9.png using Guid(2b33809d0368c8d43a7579175626cd5f) Importer(2089858483,192608db42251d675da83286b1cce702) (ScriptedImporter) -> (artifact id: 'a12738acdf01974440f361fe70a74612') in 0.0093975 seconds
Number of updated asset objects reloaded before import = 0Number of asset objects unloaded after import = 1

========================================================================
Received Import Request.
  Time since last request: 0.000050 seconds.
  path: Assets/Material/STONE2.png
  artifactKey: Guid(e0145458cfd88b44893a31e5223ae895) Importer(2089858483,192608db42251d675da83286b1cce702)
Start importing Assets/Material/STONE2.png using Guid(e0145458cfd88b44893a31e5223ae895) Importer(2089858483,192608db42251d675da83286b1cce702) (ScriptedImporter) -> (artifact id: '2d143e717143a3ffdba30c4b7f39c403') in 0.0072612 seconds
Number of updated asset objects reloaded before import = 0Number of asset objects unloaded after import = 1

========================================================================
Received Import Request.
  Time since last request: 0.000021 seconds.
  path: Assets/Material/SUPPORT2_0.png
  artifactKey: Guid(ddfb829de4e66834eb5cd08621656b01) Importer(2089858483,192608db42251d675da83286b1cce702)
Start importing Assets/Material/SUPPORT2_0.png using Guid(ddfb829de4e66834eb5cd08621656b01) Importer(2089858483,192608db42251d675da83286b1cce702) (ScriptedImporter) -> (artifact id: 'a369efe095337a132eaccc9ffe7440c1') in 0.0066209 seconds
Number of updated asset objects reloaded before import = 0Number of asset objects unloaded after import = 1

========================================================================
Received Import Request.
  Time since last request: 0.000186 seconds.
  path: Assets/Material/NUKE24.png
  artifactKey: Guid(c6d5d3208d3f1504d802e3aa57bd1627) Importer(2089858483,192608db42251d675da83286b1cce702)
Start importing Assets/Material/NUKE24.png using Guid(c6d5d3208d3f1504d802e3aa57bd1627) Importer(2089858483,192608db42251d675da83286b1cce702) (ScriptedImporter) -> (artifact id: '77230eb3923b0f86d76e2fade14946c5') in 0.0085544 seconds
Number of updated asset objects reloaded before import = 0Number of asset objects unloaded after import = 1

========================================================================
Received Import Request.
  Time since last request: 0.000061 seconds.
  path: Assets/Prefabs_Enemy/doom_eternal_revenant.glb
  artifactKey: Guid(6485c2d053211bf47b9c53706ad8ede8) Importer(2089858483,192608db42251d675da83286b1cce702)
Start importing Assets/Prefabs_Enemy/doom_eternal_revenant.glb using Guid(6485c2d053211bf47b9c53706ad8ede8) Importer(2089858483,192608db42251d675da83286b1cce702) (ScriptedImporter) -> (artifact id: '10e8d688d64378d63f2e8a565407d24e') in 0.0059829 seconds
Number of updated asset objects reloaded before import = 0Number of asset objects unloaded after import = 1

========================================================================
Received Import Request.
  Time since last request: 0.000126 seconds.
  path: Assets/Material/TEKWALL6.png
  artifactKey: Guid(51c0b8513c759a248a846127414e7011) Importer(2089858483,192608db42251d675da83286b1cce702)
Start importing Assets/Material/TEKWALL6.png using Guid(51c0b8513c759a248a846127414e7011) Importer(2089858483,192608db42251d675da83286b1cce702) (ScriptedImporter) -> (artifact id: '3770581d47c5ceb38a9c26e1fb09aeba') in 0.0104643 seconds
Number of updated asset objects reloaded before import = 0Number of asset objects unloaded after import = 1

========================================================================
Received Import Request.
  Time since last request: 0.569666 seconds.
  path: Assets/Scenes/E1M2.unity
  artifactKey: Guid(16715f89e88bd2e4dbb7e0fbb0315a9d) Importer(2089858483,192608db42251d675da83286b1cce702)
Start importing Assets/Scenes/E1M2.unity using Guid(16715f89e88bd2e4dbb7e0fbb0315a9d) Importer(2089858483,192608db42251d675da83286b1cce702) (ScriptedImporter) -> (artifact id: 'f91730e92bdea9d6a1bb2e7231bf7940') in 0.03995 seconds
Number of updated asset objects reloaded before import = 0Number of asset objects unloaded after import = 1

========================================================================
Received Import Request.
  Time since last request: 0.000175 seconds.
  path: Assets/TextMesh Pro/Shaders/TMPro_Surface.cginc
  artifactKey: Guid(d930090c0cd643c7b55f19a38538c162) Importer(2089858483,192608db42251d675da83286b1cce702)
Start importing Assets/TextMesh Pro/Shaders/TMPro_Surface.cginc using Guid(d930090c0cd643c7b55f19a38538c162) Importer(2089858483,192608db42251d675da83286b1cce702) (ScriptedImporter) -> (artifact id: '1523cc870d50dfe4e58a85c30c4a8d44') in 0.002587 seconds
Number of updated asset objects reloaded before import = 0Number of asset objects unloaded after import = 1

========================================================================
Received Import Request.
  Time since last request: 0.000138 seconds.
  path: Assets/FIRE_MUZ/WarFX/Demo/WarFX Demo NewSettings.lighting
  artifactKey: Guid(7e54349a411786c41b091b05268c1943) Importer(2089858483,192608db42251d675da83286b1cce702)
Start importing Assets/FIRE_MUZ/WarFX/Demo/WarFX Demo NewSettings.lighting using Guid(7e54349a411786c41b091b05268c1943) Importer(2089858483,192608db42251d675da83286b1cce702) (ScriptedImporter) -> (artifact id: 'd760214ecdf3f0c247c45aada3d94481') in 0.0119953 seconds
Number of updated asset objects reloaded before import = 0Number of asset objects unloaded after import = 1

========================================================================
Received Import Request.
  Time since last request: 0.000100 seconds.
  path: Assets/MonsterMutant 7/Animations/MutantMonster2@attack2RLSpike.fbx
  artifactKey: Guid(0180051fbd664264faf9b1442b8dba25) Importer(2089858483,192608db42251d675da83286b1cce702)
Start importing Assets/MonsterMutant 7/Animations/MutantMonster2@attack2RLSpike.fbx using Guid(0180051fbd664264faf9b1442b8dba25) Importer(2089858483,192608db42251d675da83286b1cce702) (ScriptedImporter) -> (artifact id: '5d1753d555e89885df15dc95cd091bd6') in 0.026497 seconds
Number of updated asset objects reloaded before import = 0Number of asset objects unloaded after import = 369

========================================================================
Received Import Request.
  Time since last request: 0.000022 seconds.
  path: Assets/MonsterMutant 7/Animations/MutantMonster2@idle2.fbx
  artifactKey: Guid(da55196356751584bb2e69d01c918827) Importer(2089858483,192608db42251d675da83286b1cce702)
Start importing Assets/MonsterMutant 7/Animations/MutantMonster2@idle2.fbx using Guid(da55196356751584bb2e69d01c918827) Importer(2089858483,192608db42251d675da83286b1cce702) (ScriptedImporter) -> (artifact id: 'cf26825a9cad457d2f6dacf3e8bdd8a0') in 0.0163334 seconds
Number of updated asset objects reloaded before import = 0Number of asset objects unloaded after import = 369

========================================================================
Received Import Request.
  Time since last request: 0.000021 seconds.
  path: Assets/XR/Loaders/OculusLoader.asset
  artifactKey: Guid(52d68d698c96546ff8d10434711738fd) Importer(2089858483,192608db42251d675da83286b1cce702)
Start importing Assets/XR/Loaders/OculusLoader.asset using Guid(52d68d698c96546ff8d10434711738fd) Importer(2089858483,192608db42251d675da83286b1cce702) (ScriptedImporter) -> (artifact id: '86596825b0d2e763543f8e57bd1a8759') in 0.0043436 seconds
Number of updated asset objects reloaded before import = 0Number of asset objects unloaded after import = 1

========================================================================
Received Import Request.
  Time since last request: 0.000087 seconds.
  path: Assets/Prop/Pickups_Custom/HealthPack_Custom.prefab
  artifactKey: Guid(0fc5fdf2afdc14dc7a1cd206a1810709) Importer(2089858483,192608db42251d675da83286b1cce702)
Start importing Assets/Prop/Pickups_Custom/HealthPack_Custom.prefab using Guid(0fc5fdf2afdc14dc7a1cd206a1810709) Importer(2089858483,192608db42251d675da83286b1cce702) (ScriptedImporter) -> (artifact id: '317764937c74270f93ccd253f6cf83bb') in 0.0321667 seconds
Number of updated asset objects reloaded before import = 0Number of asset objects unloaded after import = 10

========================================================================
Received Import Request.
  Time since last request: 0.000014 seconds.
  path: Assets/EnemyRobots/Materials/Eye/Robot_Eye.mat
  artifactKey: Guid(5e6afd79a5db3c742b1e54011db898ce) Importer(2089858483,192608db42251d675da83286b1cce702)
Start importing Assets/EnemyRobots/Materials/Eye/Robot_Eye.mat using Guid(5e6afd79a5db3c742b1e54011db898ce) Importer(2089858483,192608db42251d675da83286b1cce702) (ScriptedImporter) -> (artifact id: 'de3d504295fa6fb6cc6f8d2410782d42') in 0.0520799 seconds
Number of updated asset objects reloaded before import = 0Number of asset objects unloaded after import = 4

========================================================================
Received Import Request.
  Time since last request: 0.000018 seconds.
  path: Assets/TextMesh Pro/Shaders/TMP_SDF-Mobile.shader
  artifactKey: Guid(fe393ace9b354375a9cb14cdbbc28be4) Importer(2089858483,192608db42251d675da83286b1cce702)
Start importing Assets/TextMesh Pro/Shaders/TMP_SDF-Mobile.shader using Guid(fe393ace9b354375a9cb14cdbbc28be4) Importer(2089858483,192608db42251d675da83286b1cce702) (ScriptedImporter) -> (artifact id: '974d490fbf3994c98c3308dcfbe0d11f') in 0.0108562 seconds
Number of updated asset objects reloaded before import = 0Number of asset objects unloaded after import = 1

========================================================================
Received Import Request.
  Time since last request: 0.000088 seconds.
  path: Assets/TextMesh Pro/Resources/TMP Settings.asset
  artifactKey: Guid(3f5b5dff67a942289a9defa416b206f3) Importer(2089858483,192608db42251d675da83286b1cce702)
Start importing Assets/TextMesh Pro/Resources/TMP Settings.asset using Guid(3f5b5dff67a942289a9defa416b206f3) Importer(2089858483,192608db42251d675da83286b1cce702) (ScriptedImporter) -> (artifact id: '1b3349723d2985f7d154b344b05445f0') in 0.0325909 seconds
Number of updated asset objects reloaded before import = 0Number of asset objects unloaded after import = 15

========================================================================
Received Import Request.
  Time since last request: 0.000015 seconds.
  path: Assets/TextMesh Pro/Shaders/TMP_SDF-Mobile SSD.shader
  artifactKey: Guid(c8d12adcee749c344b8117cf7c7eb912) Importer(2089858483,192608db42251d675da83286b1cce702)
Start importing Assets/TextMesh Pro/Shaders/TMP_SDF-Mobile SSD.shader using Guid(c8d12adcee749c344b8117cf7c7eb912) Importer(2089858483,192608db42251d675da83286b1cce702) (ScriptedImporter) -> (artifact id: '4b120a9950d9013a372878efc0d6f708') in 0.0038694 seconds
Number of updated asset objects reloaded before import = 0Number of asset objects unloaded after import = 1

========================================================================
Received Import Request.
  Time since last request: 0.000100 seconds.
  path: Assets/MonsterMutant 7/Animations/MutantMonster2@attack1RSpike.fbx
  artifactKey: Guid(c00512a763b262e49b64aff21e8dc1ea) Importer(2089858483,192608db42251d675da83286b1cce702)
Start importing Assets/MonsterMutant 7/Animations/MutantMonster2@attack1RSpike.fbx using Guid(c00512a763b262e49b64aff21e8dc1ea) Importer(2089858483,192608db42251d675da83286b1cce702) (ScriptedImporter) -> (artifact id: '26ad3374a1a942af73e97d18b1e46800') in 0.0156184 seconds
Number of updated asset objects reloaded before import = 0Number of asset objects unloaded after import = 369

========================================================================
Received Import Request.
  Time since last request: 0.000016 seconds.
  path: Assets/MonsterMutant 7/Materials/Mat_MonsterMutant7_Skin3.mat
  artifactKey: Guid(968504376ab1d73449e8301ef7f986cd) Importer(2089858483,192608db42251d675da83286b1cce702)
Start importing Assets/MonsterMutant 7/Materials/Mat_MonsterMutant7_Skin3.mat using Guid(968504376ab1d73449e8301ef7f986cd) Importer(2089858483,192608db42251d675da83286b1cce702) (ScriptedImporter) -> (artifact id: 'd349586bf7c291758e6f648665c42571') in 0.1064037 seconds
Number of updated asset objects reloaded before import = 0Number of asset objects unloaded after import = 6

========================================================================
Received Import Request.
  Time since last request: 0.000025 seconds.
  path: Assets/XRI/Settings/XRInteractionEditorSettings.asset
  artifactKey: Guid(eb82cb0e0fc934d89af9f618e6a0e99c) Importer(2089858483,192608db42251d675da83286b1cce702)
Start importing Assets/XRI/Settings/XRInteractionEditorSettings.asset using Guid(eb82cb0e0fc934d89af9f618e6a0e99c) Importer(2089858483,192608db42251d675da83286b1cce702) (ScriptedImporter) -> (artifact id: '523e9da27670d5a5992704dde5ae08bc') in 0.0072556 seconds
Number of updated asset objects reloaded before import = 0Number of asset objects unloaded after import = 1

========================================================================
Received Import Request.
  Time since last request: 0.000146 seconds.
  path: Assets/EnemyRobots/Particles/FireBurstLight.prefab
  artifactKey: Guid(04d18243f6061de46a69337ee44c301f) Importer(2089858483,192608db42251d675da83286b1cce702)
Start importing Assets/EnemyRobots/Particles/FireBurstLight.prefab using Guid(04d18243f6061de46a69337ee44c301f) Importer(2089858483,192608db42251d675da83286b1cce702) (ScriptedImporter) -> (artifact id: '419312aeedd84ac81926d9eaddf1a4d7') in 0.0150266 seconds
Number of updated asset objects reloaded before import = 0Number of asset objects unloaded after import = 5

========================================================================
Received Import Request.
  Time since last request: 0.000067 seconds.
  path: Assets/MonsterMutant 7/Prefab/Base mesh MonsterMutant7 skin1.prefab
  artifactKey: Guid(e0a2ae8d8ae1c1f4b83e337da0b6f6b4) Importer(2089858483,192608db42251d675da83286b1cce702)
Start importing Assets/MonsterMutant 7/Prefab/Base mesh MonsterMutant7 skin1.prefab using Guid(e0a2ae8d8ae1c1f4b83e337da0b6f6b4) Importer(2089858483,192608db42251d675da83286b1cce702) (ScriptedImporter) -> (artifact id: '59e2d4d2453c19c912acd547ad49475b') in 0.1077724 seconds
Number of updated asset objects reloaded before import = 0Number of asset objects unloaded after import = 500

========================================================================
Received Import Request.
  Time since last request: 0.000039 seconds.
  path: Assets/EnemyRobots/Particles/CannonMuzzleFlashEffect.prefab
  artifactKey: Guid(28fb179d70ef32c42aa946f1132e6f89) Importer(2089858483,192608db42251d675da83286b1cce702)
Start importing Assets/EnemyRobots/Particles/CannonMuzzleFlashEffect.prefab using Guid(28fb179d70ef32c42aa946f1132e6f89) Importer(2089858483,192608db42251d675da83286b1cce702) (ScriptedImporter) -> (artifact id: '8b48f81a56fe276f6f38bd2ccb4ef232') in 0.1029508 seconds
Number of updated asset objects reloaded before import = 0Number of asset objects unloaded after import = 10

========================================================================
Received Import Request.
  Time since last request: 0.000016 seconds.
  path: Assets/TextMesh Pro/Shaders/TMPro.cginc
  artifactKey: Guid(407bc68d299748449bbf7f48ee690f8d) Importer(2089858483,192608db42251d675da83286b1cce702)
Start importing Assets/TextMesh Pro/Shaders/TMPro.cginc using Guid(407bc68d299748449bbf7f48ee690f8d) Importer(2089858483,192608db42251d675da83286b1cce702) (ScriptedImporter) -> (artifact id: 'a14548980ef624214d2791536b343378') in 0.0036214 seconds
Number of updated asset objects reloaded before import = 0Number of asset objects unloaded after import = 1

========================================================================
Received Import Request.
  Time since last request: 0.000166 seconds.
  path: Assets/FIRE_MUZ/WarFX/Shaders/WFX_S Alpha-Specular TintColor.shader
  artifactKey: Guid(b3ceb26205c43c94e95f75d80c0868e1) Importer(2089858483,192608db42251d675da83286b1cce702)
Start importing Assets/FIRE_MUZ/WarFX/Shaders/WFX_S Alpha-Specular TintColor.shader using Guid(b3ceb26205c43c94e95f75d80c0868e1) Importer(2089858483,192608db42251d675da83286b1cce702) (ScriptedImporter) -> (artifact id: '5fcf43abf6aa2f65d7f0bed947636b35') in 0.0066637 seconds
Number of updated asset objects reloaded before import = 0Number of asset objects unloaded after import = 1

========================================================================
Received Import Request.
  Time since last request: 0.000157 seconds.
  path: Assets/Prop/AmmoBox/AmmoBox.unity
  artifactKey: Guid(2a295ce5688a47742b2a76addef843bf) Importer(2089858483,192608db42251d675da83286b1cce702)
Start importing Assets/Prop/AmmoBox/AmmoBox.unity using Guid(2a295ce5688a47742b2a76addef843bf) Importer(2089858483,192608db42251d675da83286b1cce702) (ScriptedImporter) -> (artifact id: '542fab065bbaf7ea53ab659beadb0f9d') in 0.0032009 seconds
Number of updated asset objects reloaded before import = 0Number of asset objects unloaded after import = 1

========================================================================
Received Import Request.
  Time since last request: 0.000084 seconds.
  path: Assets/MonsterMutant 7/Animations/MutantMonster2@idle1.fbx
  artifactKey: Guid(5e9c7b53cee4eec47a9e0381343a0e25) Importer(2089858483,192608db42251d675da83286b1cce702)
Start importing Assets/MonsterMutant 7/Animations/MutantMonster2@idle1.fbx using Guid(5e9c7b53cee4eec47a9e0381343a0e25) Importer(2089858483,192608db42251d675da83286b1cce702) (ScriptedImporter) -> (artifact id: '1fb0070b1456190c0cb0733340b65c38') in 0.0148455 seconds
Number of updated asset objects reloaded before import = 0Number of asset objects unloaded after import = 369

========================================================================
Received Import Request.
  Time since last request: 0.000018 seconds.
  path: Assets/TextMesh Pro/Shaders/SDFFunctions.hlsl
  artifactKey: Guid(96de908384869cd409c75efa351d5edf) Importer(2089858483,192608db42251d675da83286b1cce702)
Start importing Assets/TextMesh Pro/Shaders/SDFFunctions.hlsl using Guid(96de908384869cd409c75efa351d5edf) Importer(2089858483,192608db42251d675da83286b1cce702) (ScriptedImporter) -> (artifact id: '070b6b17c9f7e330382311e5e19ed65e') in 0.0071924 seconds
Number of updated asset objects reloaded before import = 0Number of asset objects unloaded after import = 1

========================================================================
Received Import Request.
  Time since last request: 0.000195 seconds.
  path: Assets/EnemyRobots/Textures/Eye/Robot_Eye_MetallicSmoothness.png
  artifactKey: Guid(d55792461ed0625419577249866d7ae0) Importer(2089858483,192608db42251d675da83286b1cce702)
Start importing Assets/EnemyRobots/Textures/Eye/Robot_Eye_MetallicSmoothness.png using Guid(d55792461ed0625419577249866d7ae0) Importer(2089858483,192608db42251d675da83286b1cce702) (ScriptedImporter) -> (artifact id: '6ee60090b30c17735bf958cc5977460d') in 0.0149568 seconds
Number of updated asset objects reloaded before import = 0Number of asset objects unloaded after import = 1

========================================================================
Received Import Request.
  Time since last request: 0.000179 seconds.
  path: Assets/FIRE_MUZ/WarFX/Shaders/WFX_S Alpha-Diffuse TintColor.shader
  artifactKey: Guid(edb905ac1dd1f8d4688248976976eae3) Importer(2089858483,192608db42251d675da83286b1cce702)
Start importing Assets/FIRE_MUZ/WarFX/Shaders/WFX_S Alpha-Diffuse TintColor.shader using Guid(edb905ac1dd1f8d4688248976976eae3) Importer(2089858483,192608db42251d675da83286b1cce702) (ScriptedImporter) -> (artifact id: '3b05e31b392fcad060d85fb8d7fce400') in 0.005514 seconds
Number of updated asset objects reloaded before import = 0Number of asset objects unloaded after import = 1

========================================================================
Received Import Request.
  Time since last request: 0.000089 seconds.
  path: Assets/TextMesh Pro/Shaders/TMP_SDF-URP Unlit.shadergraph
  artifactKey: Guid(124c112a6e8f1a54e8b0870e881b56d8) Importer(2089858483,192608db42251d675da83286b1cce702)
Start importing Assets/TextMesh Pro/Shaders/TMP_SDF-URP Unlit.shadergraph using Guid(124c112a6e8f1a54e8b0870e881b56d8) Importer(2089858483,192608db42251d675da83286b1cce702) (ScriptedImporter) -> (artifact id: 'aef4792b7f332bb95b9c7ec3bb9a66e9') in 0.0085414 seconds
Number of updated asset objects reloaded before import = 0Number of asset objects unloaded after import = 3

========================================================================
Received Import Request.
  Time since last request: 0.000057 seconds.
  path: Assets/MonsterMutant 7/Animations/MutantMonster2@attack4RSpike.fbx
  artifactKey: Guid(b84ff3322307c5a47b904b50eddfae57) Importer(2089858483,192608db42251d675da83286b1cce702)
Start importing Assets/MonsterMutant 7/Animations/MutantMonster2@attack4RSpike.fbx using Guid(b84ff3322307c5a47b904b50eddfae57) Importer(2089858483,192608db42251d675da83286b1cce702) (ScriptedImporter) -> (artifact id: '48d86866906f0b3d7a952ee90dd1c42d') in 0.016469 seconds
Number of updated asset objects reloaded before import = 0Number of asset objects unloaded after import = 369

========================================================================
Received Import Request.
  Time since last request: 0.000018 seconds.
  path: Assets/Prop/Pickups_Custom/AmmoBox_Custom.prefab
  artifactKey: Guid(c327052ad4d574f7fa958873b0591e8a) Importer(2089858483,192608db42251d675da83286b1cce702)
Start importing Assets/Prop/Pickups_Custom/AmmoBox_Custom.prefab using Guid(c327052ad4d574f7fa958873b0591e8a) Importer(2089858483,192608db42251d675da83286b1cce702) (ScriptedImporter) -> (artifact id: '9b9613a4b0cd3e285e6a2e29f2653dae') in 0.0057911 seconds
Number of updated asset objects reloaded before import = 0Number of asset objects unloaded after import = 17

========================================================================
Received Import Request.
  Time since last request: 0.000172 seconds.
  path: Assets/MonsterMutant 7/Stand/Standard_Two_Sided .shader
  artifactKey: Guid(43d11ccca3659d14fa7e2ff58209b4b0) Importer(2089858483,192608db42251d675da83286b1cce702)
Start importing Assets/MonsterMutant 7/Stand/Standard_Two_Sided .shader using Guid(43d11ccca3659d14fa7e2ff58209b4b0) Importer(2089858483,192608db42251d675da83286b1cce702) (ScriptedImporter) -> (artifact id: '7d9b333530c4280af4a663bada896fb0') in 0.0060792 seconds
Number of updated asset objects reloaded before import = 0Number of asset objects unloaded after import = 1

========================================================================
Received Import Request.
  Time since last request: 0.000337 seconds.
  path: Assets/FIRE_MUZ/WarFX/Shaders/WFX_S Multiply Soft.shader
  artifactKey: Guid(60ec2dfa19167834fbf25b2bced33360) Importer(2089858483,192608db42251d675da83286b1cce702)
Start importing Assets/FIRE_MUZ/WarFX/Shaders/WFX_S Multiply Soft.shader using Guid(60ec2dfa19167834fbf25b2bced33360) Importer(2089858483,192608db42251d675da83286b1cce702) (ScriptedImporter) -> (artifact id: '9259c348c8185b4d804f7814191aa869') in 0.0053704 seconds
Number of updated asset objects reloaded before import = 0Number of asset objects unloaded after import = 1

========================================================================
Received Import Request.
  Time since last request: 0.000112 seconds.
  path: Assets/TextMesh Pro/Shaders/TMP_SDF-HDRP LIT.shadergraph
  artifactKey: Guid(ca2ed216f98028c4dae6c5224a952b3c) Importer(2089858483,192608db42251d675da83286b1cce702)
Start importing Assets/TextMesh Pro/Shaders/TMP_SDF-HDRP LIT.shadergraph using Guid(ca2ed216f98028c4dae6c5224a952b3c) Importer(2089858483,192608db42251d675da83286b1cce702) (ScriptedImporter) -> (artifact id: '2d4c791dc4077dd78d4e937d7ade6fdf') in 0.0071688 seconds
Number of updated asset objects reloaded before import = 0Number of asset objects unloaded after import = 3

========================================================================
Received Import Request.
  Time since last request: 0.000030 seconds.
  path: Assets/UI/子弹.png
  artifactKey: Guid(f4e7bad462a054ae09671b7999f74cbe) Importer(2089858483,192608db42251d675da83286b1cce702)
Start importing Assets/UI/子弹.png using Guid(f4e7bad462a054ae09671b7999f74cbe) Importer(2089858483,192608db42251d675da83286b1cce702) (ScriptedImporter) -> (artifact id: '5de86f44f79065e8de71dbf721d37f61') in 0.0176745 seconds
Number of updated asset objects reloaded before import = 0Number of asset objects unloaded after import = 3

========================================================================
Received Import Request.
  Time since last request: 0.000013 seconds.
  path: Assets/Prop/Pickups_Custom/ArmorPack_Custom.prefab
  artifactKey: Guid(1e72d02ebf6244276940780304249ebb) Importer(2089858483,192608db42251d675da83286b1cce702)
Start importing Assets/Prop/Pickups_Custom/ArmorPack_Custom.prefab using Guid(1e72d02ebf6244276940780304249ebb) Importer(2089858483,192608db42251d675da83286b1cce702) (ScriptedImporter) -> (artifact id: '227aaf634cb9790071e88ab56e1b05c3') in 0.0082617 seconds
Number of updated asset objects reloaded before import = 0Number of asset objects unloaded after import = 9

========================================================================
Received Import Request.
  Time since last request: 0.000289 seconds.
  path: Assets/TextMesh Pro/Shaders/TMP_SDF-HDRP UNLIT.shadergraph
  artifactKey: Guid(f63d574838ccfb44f84acc05fed0af48) Importer(2089858483,192608db42251d675da83286b1cce702)
Start importing Assets/TextMesh Pro/Shaders/TMP_SDF-HDRP UNLIT.shadergraph using Guid(f63d574838ccfb44f84acc05fed0af48) Importer(2089858483,192608db42251d675da83286b1cce702) (ScriptedImporter) -> (artifact id: '766cbe2ff0333bb140fc55fcadefe821') in 0.0080597 seconds
Number of updated asset objects reloaded before import = 0Number of asset objects unloaded after import = 3

========================================================================
Received Import Request.
  Time since last request: 0.000204 seconds.
  path: Assets/EnemyRobots/Materials/DemoScene/Sky.mat
  artifactKey: Guid(efa510e677d25f04dbb34af32f9236d2) Importer(2089858483,192608db42251d675da83286b1cce702)
Start importing Assets/EnemyRobots/Materials/DemoScene/Sky.mat using Guid(efa510e677d25f04dbb34af32f9236d2) Importer(2089858483,192608db42251d675da83286b1cce702) (ScriptedImporter) -> (artifact id: 'd0779ff0cd8c1816dadfb84520de9688') in 0.0073334 seconds
Number of updated asset objects reloaded before import = 0Number of asset objects unloaded after import = 1

========================================================================
Received Import Request.
  Time since last request: 0.000076 seconds.
  path: Assets/MonsterMutant 7/Animations/MutantMonster2@death2.fbx
  artifactKey: Guid(2dfbd38212f98ea47915ec0cdcf68120) Importer(2089858483,192608db42251d675da83286b1cce702)
Start importing Assets/MonsterMutant 7/Animations/MutantMonster2@death2.fbx using Guid(2dfbd38212f98ea47915ec0cdcf68120) Importer(2089858483,192608db42251d675da83286b1cce702) (ScriptedImporter) -> (artifact id: 'bd2325decc01029618b8f3343ca0c4a0') in 0.0145444 seconds
Number of updated asset objects reloaded before import = 0Number of asset objects unloaded after import = 369

========================================================================
Received Import Request.
  Time since last request: 0.000016 seconds.
  path: Assets/FIRE_MUZ/WarFX/Shaders/WFX_S Add Scroll.shader
  artifactKey: Guid(7439add42f7e65b4dbc36568299dde17) Importer(2089858483,192608db42251d675da83286b1cce702)
Start importing Assets/FIRE_MUZ/WarFX/Shaders/WFX_S Add Scroll.shader using Guid(7439add42f7e65b4dbc36568299dde17) Importer(2089858483,192608db42251d675da83286b1cce702) (ScriptedImporter) -> (artifact id: '710c8f40856bf7e4b7f5936c5b88f043') in 0.0038024 seconds
Number of updated asset objects reloaded before import = 0Number of asset objects unloaded after import = 1

========================================================================
Received Import Request.
  Time since last request: 0.000260 seconds.
  path: Assets/TextMesh Pro/Shaders/TMP_SDF SSD.shader
  artifactKey: Guid(14eb328de4b8eb245bb7cea29e4ac00b) Importer(2089858483,192608db42251d675da83286b1cce702)
Start importing Assets/TextMesh Pro/Shaders/TMP_SDF SSD.shader using Guid(14eb328de4b8eb245bb7cea29e4ac00b) Importer(2089858483,192608db42251d675da83286b1cce702) (ScriptedImporter) -> (artifact id: 'b32aae3f829f13cd29f059bd7dc4f9ff') in 0.004843 seconds
Number of updated asset objects reloaded before import = 0Number of asset objects unloaded after import = 1

========================================================================
Received Import Request.
  Time since last request: 0.000386 seconds.
  path: Assets/EnemyRobots/Meshes/MachineGunRobot/MachineGunRobot.FBX
  artifactKey: Guid(ad8d6a043ea202340b30ec4d6a6a507f) Importer(2089858483,192608db42251d675da83286b1cce702)
Start importing Assets/EnemyRobots/Meshes/MachineGunRobot/MachineGunRobot.FBX using Guid(ad8d6a043ea202340b30ec4d6a6a507f) Importer(2089858483,192608db42251d675da83286b1cce702) (ScriptedImporter) -> (artifact id: '7b1d39ea531572bdb043d67425d13317') in 0.01608 seconds
Number of updated asset objects reloaded before import = 0Number of asset objects unloaded after import = 34

========================================================================
Received Import Request.
  Time since last request: 0.000017 seconds.
  path: Assets/XR/Settings/OpenXR Editor Settings.asset
  artifactKey: Guid(b2362e2a164b54a9f87d12a0d91ce359) Importer(2089858483,192608db42251d675da83286b1cce702)
Start importing Assets/XR/Settings/OpenXR Editor Settings.asset using Guid(b2362e2a164b54a9f87d12a0d91ce359) Importer(2089858483,192608db42251d675da83286b1cce702) (ScriptedImporter) -> (artifact id: 'b23de1d8cd43ca1158a0ebab4cef8779') in 0.0070908 seconds
Number of updated asset objects reloaded before import = 0Number of asset objects unloaded after import = 1

========================================================================
Received Import Request.
  Time since last request: 0.000125 seconds.
  path: Assets/EnemyRobots/Particles/FireBurstEffect.prefab
  artifactKey: Guid(b2c4ed01763e6084b84f253dd2e03b75) Importer(2089858483,192608db42251d675da83286b1cce702)
Start importing Assets/EnemyRobots/Particles/FireBurstEffect.prefab using Guid(b2c4ed01763e6084b84f253dd2e03b75) Importer(2089858483,192608db42251d675da83286b1cce702) (ScriptedImporter) -> (artifact id: 'e4385b9ada6de5f50c6b6a45ef5886c9') in 0.0280705 seconds
Number of updated asset objects reloaded before import = 0Number of asset objects unloaded after import = 10

========================================================================
Received Import Request.
  Time since last request: 0.000017 seconds.
  path: Assets/MonsterMutant 7/Animations/MutantMonster2@jump.fbx
  artifactKey: Guid(76c645383058c404ab9cea8478fecd5b) Importer(2089858483,192608db42251d675da83286b1cce702)
Start importing Assets/MonsterMutant 7/Animations/MutantMonster2@jump.fbx using Guid(76c645383058c404ab9cea8478fecd5b) Importer(2089858483,192608db42251d675da83286b1cce702) (ScriptedImporter) -> (artifact id: '249eb331e04312013f4a07ae95736bd7') in 0.0150999 seconds
Number of updated asset objects reloaded before import = 0Number of asset objects unloaded after import = 369

========================================================================
Received Import Request.
  Time since last request: 0.000020 seconds.
  path: Assets/Prop/AmmoBox/AmmoBox.tga
  artifactKey: Guid(8330362510e161043a31652a6683bc3c) Importer(2089858483,192608db42251d675da83286b1cce702)
Start importing Assets/Prop/AmmoBox/AmmoBox.tga using Guid(8330362510e161043a31652a6683bc3c) Importer(2089858483,192608db42251d675da83286b1cce702) (ScriptedImporter) -> (artifact id: '4b886e8f57953dbaf2bc9ab0aa805152') in 0.0110955 seconds
Number of updated asset objects reloaded before import = 0Number of asset objects unloaded after import = 1

========================================================================
Received Import Request.
  Time since last request: 0.000095 seconds.
  path: Assets/EnemyRobots/Meshes/CannonMachine/CannonMachine.FBX
  artifactKey: Guid(3a09c2833b7155743ad97b5fbef16126) Importer(2089858483,192608db42251d675da83286b1cce702)
Start importing Assets/EnemyRobots/Meshes/CannonMachine/CannonMachine.FBX using Guid(3a09c2833b7155743ad97b5fbef16126) Importer(2089858483,192608db42251d675da83286b1cce702) (ScriptedImporter) -> (artifact id: '33191c5386726a017bb2bbd0892a6c48') in 0.0129174 seconds
Number of updated asset objects reloaded before import = 0Number of asset objects unloaded after import = 29

========================================================================
Received Import Request.
  Time since last request: 0.000016 seconds.
  path: Assets/FIRE_MUZ/WarFX/Mesh/Plane1x1.FBX
  artifactKey: Guid(9d0862121c112ec4abc229920df08581) Importer(2089858483,192608db42251d675da83286b1cce702)
Start importing Assets/FIRE_MUZ/WarFX/Mesh/Plane1x1.FBX using Guid(9d0862121c112ec4abc229920df08581) Importer(2089858483,192608db42251d675da83286b1cce702) (ScriptedImporter) -> (artifact id: '24c69b14c2dfb219eddbb05f0bf5d33f') in 0.0098962 seconds
Number of updated asset objects reloaded before import = 0Number of asset objects unloaded after import = 8

========================================================================
Received Import Request.
  Time since last request: 0.000157 seconds.
  path: Assets/FIRE_MUZ/WarFX/Scripts/WFX_LightFlicker.cs
  artifactKey: Guid(96d332ab3dbfaaf40bdd9745ff0b19f0) Importer(2089858483,192608db42251d675da83286b1cce702)
Start importing Assets/FIRE_MUZ/WarFX/Scripts/WFX_LightFlicker.cs using Guid(96d332ab3dbfaaf40bdd9745ff0b19f0) Importer(2089858483,192608db42251d675da83286b1cce702) (ScriptedImporter) -> (artifact id: '377ee33eb0d9bb6c5cafc59efb271ce7') in 0.0034641 seconds
Number of updated asset objects reloaded before import = 0Number of asset objects unloaded after import = 0

========================================================================
Received Import Request.
  Time since last request: 0.000124 seconds.
  path: Assets/MonsterMutant 7/Prefab/Base mesh MonsterMutant7 skin3.prefab
  artifactKey: Guid(1f767fa48db25104c96a9670cc753b1b) Importer(2089858483,192608db42251d675da83286b1cce702)
Start importing Assets/MonsterMutant 7/Prefab/Base mesh MonsterMutant7 skin3.prefab using Guid(1f767fa48db25104c96a9670cc753b1b) Importer(2089858483,192608db42251d675da83286b1cce702) (ScriptedImporter) -> (artifact id: '8eb7917b89a31051aa86c4d41a121cd0') in 0.0749172 seconds
Number of updated asset objects reloaded before import = 0Number of asset objects unloaded after import = 500

========================================================================
Received Import Request.
  Time since last request: 0.000031 seconds.
  path: Assets/MonsterMutant 7/Texture/textures skin1 body v2/1_Emission.tga
  artifactKey: Guid(7e437af100277aa4f8442ff6f09e979d) Importer(2089858483,192608db42251d675da83286b1cce702)
Start importing Assets/MonsterMutant 7/Texture/textures skin1 body v2/1_Emission.tga using Guid(7e437af100277aa4f8442ff6f09e979d) Importer(2089858483,192608db42251d675da83286b1cce702) (ScriptedImporter) -> (artifact id: '73d57e88200582b55dc9fbef87c35ddf') in 0.0191384 seconds
Number of updated asset objects reloaded before import = 0Number of asset objects unloaded after import = 1

========================================================================
Received Import Request.
  Time since last request: 0.000072 seconds.
  path: Assets/Map/doom-classic-first-level-e1m1/textures/FLOOR4_8.png
  artifactKey: Guid(63739f2298e064511a1bc923761f6486) Importer(2089858483,192608db42251d675da83286b1cce702)
Start importing Assets/Map/doom-classic-first-level-e1m1/textures/FLOOR4_8.png using Guid(63739f2298e064511a1bc923761f6486) Importer(2089858483,192608db42251d675da83286b1cce702) (ScriptedImporter) -> (artifact id: 'eed20198af1fec7566c514d44c1a39f5') in 0.0135273 seconds
Number of updated asset objects reloaded before import = 0Number of asset objects unloaded after import = 1

========================================================================
Received Import Request.
  Time since last request: 0.000200 seconds.
  path: Assets/TextMesh Pro/Resources/Style Sheets/Default Style Sheet.asset
  artifactKey: Guid(f952c082cb03451daed3ee968ac6c63e) Importer(2089858483,192608db42251d675da83286b1cce702)
Start importing Assets/TextMesh Pro/Resources/Style Sheets/Default Style Sheet.asset using Guid(f952c082cb03451daed3ee968ac6c63e) Importer(2089858483,192608db42251d675da83286b1cce702) (ScriptedImporter) -> (artifact id: '696b298079d7e98496e005c98e4e9fcf') in 0.0047909 seconds
Number of updated asset objects reloaded before import = 0Number of asset objects unloaded after import = 1

========================================================================
Received Import Request.
  Time since last request: 0.000120 seconds.
  path: Assets/Map/doom-classic-first-level-e1m1/Materials/COMPUTE2.mat
  artifactKey: Guid(e37d2691a04af74418d931c51e5f29de) Importer(2089858483,192608db42251d675da83286b1cce702)
Start importing Assets/Map/doom-classic-first-level-e1m1/Materials/COMPUTE2.mat using Guid(e37d2691a04af74418d931c51e5f29de) Importer(2089858483,192608db42251d675da83286b1cce702) (ScriptedImporter) -> (artifact id: '28f911c8dd25b80d1d1561d2809cac3e') in 0.0101538 seconds
Number of updated asset objects reloaded before import = 0Number of asset objects unloaded after import = 2

========================================================================
Received Import Request.
  Time since last request: 0.000038 seconds.
  path: Assets/Map/doom-classic-first-level-e1m1/Materials/FLOOR5_2.mat
  artifactKey: Guid(e7a2c14d6dcc7f54a8ddc3ee9cc1f374) Importer(2089858483,192608db42251d675da83286b1cce702)
Start importing Assets/Map/doom-classic-first-level-e1m1/Materials/FLOOR5_2.mat using Guid(e7a2c14d6dcc7f54a8ddc3ee9cc1f374) Importer(2089858483,192608db42251d675da83286b1cce702) (ScriptedImporter) -> (artifact id: 'f26451ec4fe079cfe00b67e4f4a703ed') in 0.0111548 seconds
Number of updated asset objects reloaded before import = 0Number of asset objects unloaded after import = 2

========================================================================
Received Import Request.
  Time since last request: 0.000073 seconds.
  path: Assets/Map/doom-classic-first-level-e1m1/textures/BRNBIGC.png
  artifactKey: Guid(3a0f8d4e1d8b9429bac80954f98e86c6) Importer(2089858483,192608db42251d675da83286b1cce702)
Start importing Assets/Map/doom-classic-first-level-e1m1/textures/BRNBIGC.png using Guid(3a0f8d4e1d8b9429bac80954f98e86c6) Importer(2089858483,192608db42251d675da83286b1cce702) (ScriptedImporter) -> (artifact id: '845c186bc5bdf70dc8e3fe73ca0d0ac0') in 0.0106668 seconds
Number of updated asset objects reloaded before import = 0Number of asset objects unloaded after import = 1

========================================================================
Received Import Request.
  Time since last request: 0.000088 seconds.
  path: Assets/TextMesh Pro/Resources/Sprite Assets/EmojiOne.asset
  artifactKey: Guid(c41005c129ba4d66911b75229fd70b45) Importer(2089858483,192608db42251d675da83286b1cce702)
Start importing Assets/TextMesh Pro/Resources/Sprite Assets/EmojiOne.asset using Guid(c41005c129ba4d66911b75229fd70b45) Importer(2089858483,192608db42251d675da83286b1cce702) (ScriptedImporter) -> (artifact id: '8780488750091a940c6a30f985f37615') in 0.0073061 seconds
Number of updated asset objects reloaded before import = 0Number of asset objects unloaded after import = 3

========================================================================
Received Import Request.
  Time since last request: 0.000015 seconds.
  path: Assets/Map/doom-classic-first-level-e1m1/textures/STARG3.png
  artifactKey: Guid(3f7c194da4b1046e6accd97b9473267e) Importer(2089858483,192608db42251d675da83286b1cce702)
Start importing Assets/Map/doom-classic-first-level-e1m1/textures/STARG3.png using Guid(3f7c194da4b1046e6accd97b9473267e) Importer(2089858483,192608db42251d675da83286b1cce702) (ScriptedImporter) -> (artifact id: '8ac6ddde526ab1dfca607a25ca0e71b7') in 0.0115124 seconds
Number of updated asset objects reloaded before import = 0Number of asset objects unloaded after import = 1

========================================================================
Received Import Request.
  Time since last request: 0.000108 seconds.
  path: Assets/Map/doom-classic-first-level-e1m1/textures/STARTAN3.png
  artifactKey: Guid(826fd4bd880134c3888523423a103ec4) Importer(2089858483,192608db42251d675da83286b1cce702)
Start importing Assets/Map/doom-classic-first-level-e1m1/textures/STARTAN3.png using Guid(826fd4bd880134c3888523423a103ec4) Importer(2089858483,192608db42251d675da83286b1cce702) (ScriptedImporter) -> (artifact id: 'c61abcdc076931ef2761a003a0940a1b') in 0.0069141 seconds
Number of updated asset objects reloaded before import = 0Number of asset objects unloaded after import = 1

========================================================================
Received Import Request.
  Time since last request: 0.000249 seconds.
  path: Assets/Map/doom-classic-first-level-e1m1/textures/BIGDOOR2.png
  artifactKey: Guid(e32f0faf9569542a7b01506852231b03) Importer(2089858483,192608db42251d675da83286b1cce702)
Start importing Assets/Map/doom-classic-first-level-e1m1/textures/BIGDOOR2.png using Guid(e32f0faf9569542a7b01506852231b03) Importer(2089858483,192608db42251d675da83286b1cce702) (ScriptedImporter) -> (artifact id: 'c54f5e81df8bae3a98ed83c28d5d7e4f') in 0.0085037 seconds
Number of updated asset objects reloaded before import = 0Number of asset objects unloaded after import = 1

========================================================================
Received Import Request.
  Time since last request: 0.000189 seconds.
  path: Assets/EnemyRobots/Materials/CannonMachine/CannonMachine/CannonMachine.mat
  artifactKey: Guid(96b7e938c0c800245b67621dd2d48da8) Importer(2089858483,192608db42251d675da83286b1cce702)
Start importing Assets/EnemyRobots/Materials/CannonMachine/CannonMachine/CannonMachine.mat using Guid(96b7e938c0c800245b67621dd2d48da8) Importer(2089858483,192608db42251d675da83286b1cce702) (ScriptedImporter) -> (artifact id: '3f64c79ff8e6cfaddca4c4f5db98b20a') in 0.1106039 seconds
Number of updated asset objects reloaded before import = 0Number of asset objects unloaded after import = 6

========================================================================
Received Import Request.
  Time since last request: 0.000112 seconds.
  path: Assets/MonsterMutant 7/Texture/textures skin4 body v2/4_metalic+gloss.tga
  artifactKey: Guid(3a0d91b0063f47846bf6b99bfaa00bce) Importer(2089858483,192608db42251d675da83286b1cce702)
Start importing Assets/MonsterMutant 7/Texture/textures skin4 body v2/4_metalic+gloss.tga using Guid(3a0d91b0063f47846bf6b99bfaa00bce) Importer(2089858483,192608db42251d675da83286b1cce702) (ScriptedImporter) -> (artifact id: 'ef8ea184d8b8505f9cab28ac5b5e4e1d') in 0.0309897 seconds
Number of updated asset objects reloaded before import = 0Number of asset objects unloaded after import = 1

========================================================================
Received Import Request.
  Time since last request: 0.000143 seconds.
  path: Assets/MonsterMutant 7/Texture/textures skin4 body v2/4_Normal.tga
  artifactKey: Guid(cd579d336cc96e547a073d6c74719f09) Importer(2089858483,192608db42251d675da83286b1cce702)
Start importing Assets/MonsterMutant 7/Texture/textures skin4 body v2/4_Normal.tga using Guid(cd579d336cc96e547a073d6c74719f09) Importer(2089858483,192608db42251d675da83286b1cce702) (ScriptedImporter) -> (artifact id: '75f8dd3731f543588371ea046beb79ed') in 0.0395255 seconds
Number of updated asset objects reloaded before import = 0Number of asset objects unloaded after import = 1

========================================================================
Received Import Request.
  Time since last request: 0.000141 seconds.
  path: Assets/Map/doom-classic-first-level-e1m1/Materials/STARG3.mat
  artifactKey: Guid(62c5e1825098fcc43b02f8fd172cc511) Importer(2089858483,192608db42251d675da83286b1cce702)
Start importing Assets/Map/doom-classic-first-level-e1m1/Materials/STARG3.mat using Guid(62c5e1825098fcc43b02f8fd172cc511) Importer(2089858483,192608db42251d675da83286b1cce702) (ScriptedImporter) -> (artifact id: '5f033af47f282f538f739e40a8f5e210') in 0.0061101 seconds
Number of updated asset objects reloaded before import = 0Number of asset objects unloaded after import = 2

========================================================================
Received Import Request.
  Time since last request: 0.000063 seconds.
  path: Assets/Map/doom-classic-first-level-e1m1/textures/EXITSIGN.png
  artifactKey: Guid(a56d39fd64daf492c8e730fe3d677510) Importer(2089858483,192608db42251d675da83286b1cce702)
Start importing Assets/Map/doom-classic-first-level-e1m1/textures/EXITSIGN.png using Guid(a56d39fd64daf492c8e730fe3d677510) Importer(2089858483,192608db42251d675da83286b1cce702) (ScriptedImporter) -> (artifact id: '1ba09159a9e60068a788097f2780eef4') in 0.0113815 seconds
Number of updated asset objects reloaded before import = 0Number of asset objects unloaded after import = 1

========================================================================
Received Import Request.
  Time since last request: 0.000111 seconds.
  path: Assets/Prop/Medkit/Textures/firstaid_Normal.tga
  artifactKey: Guid(3e56e544d0894e14fafc54eccddc4394) Importer(2089858483,192608db42251d675da83286b1cce702)
Start importing Assets/Prop/Medkit/Textures/firstaid_Normal.tga using Guid(3e56e544d0894e14fafc54eccddc4394) Importer(2089858483,192608db42251d675da83286b1cce702) (ScriptedImporter) -> (artifact id: 'f3cae9ffca1bd6b52c4a46ee35fd3256') in 0.0118523 seconds
Number of updated asset objects reloaded before import = 0Number of asset objects unloaded after import = 1

========================================================================
Received Import Request.
  Time since last request: 0.000142 seconds.
  path: Assets/Map/doom-classic-first-level-e1m1/textures/FLOOR6_2.png
  artifactKey: Guid(27f52d262c0604faca0784ee5e43abb5) Importer(2089858483,192608db42251d675da83286b1cce702)
Start importing Assets/Map/doom-classic-first-level-e1m1/textures/FLOOR6_2.png using Guid(27f52d262c0604faca0784ee5e43abb5) Importer(2089858483,192608db42251d675da83286b1cce702) (ScriptedImporter) -> (artifact id: 'e4ead576bcb9f822cac51cdaa5095728') in 0.0077901 seconds
Number of updated asset objects reloaded before import = 0Number of asset objects unloaded after import = 1

========================================================================
Received Import Request.
  Time since last request: 0.000117 seconds.
  path: Assets/Prop/AmmoBox/AmmoBox_bump.tga
  artifactKey: Guid(f7c67e9960f5aff47b77b3da14a94a98) Importer(2089858483,192608db42251d675da83286b1cce702)
Start importing Assets/Prop/AmmoBox/AmmoBox_bump.tga using Guid(f7c67e9960f5aff47b77b3da14a94a98) Importer(2089858483,192608db42251d675da83286b1cce702) (ScriptedImporter) -> (artifact id: '8ee5a6f822683e55e7d573bfb77823b0') in 0.0119579 seconds
Number of updated asset objects reloaded before import = 0Number of asset objects unloaded after import = 1

========================================================================
Received Import Request.
  Time since last request: 0.000111 seconds.
  path: Assets/EnemyRobots/Materials/DemoScene/Ground.mat
  artifactKey: Guid(3ba8dc55cdcb9bd4e87e5742bec12623) Importer(2089858483,192608db42251d675da83286b1cce702)
Start importing Assets/EnemyRobots/Materials/DemoScene/Ground.mat using Guid(3ba8dc55cdcb9bd4e87e5742bec12623) Importer(2089858483,192608db42251d675da83286b1cce702) (ScriptedImporter) -> (artifact id: 'a8242ee044a20c37590df51d4085b548') in 0.0054479 seconds
Number of updated asset objects reloaded before import = 0Number of asset objects unloaded after import = 1

========================================================================
Received Import Request.
  Time since last request: 0.000090 seconds.
  path: Assets/EnemyRobots/Textures/CannonMachine/Bullet/CannonBullet_Height.png
  artifactKey: Guid(bf2b6489e327f6545b41324c04f2a8de) Importer(2089858483,192608db42251d675da83286b1cce702)
Start importing Assets/EnemyRobots/Textures/CannonMachine/Bullet/CannonBullet_Height.png using Guid(bf2b6489e327f6545b41324c04f2a8de) Importer(2089858483,192608db42251d675da83286b1cce702) (ScriptedImporter) -> (artifact id: 'd331f3286c0c9dd29b6d976e1111d3dd') in 0.0086991 seconds
Number of updated asset objects reloaded before import = 0Number of asset objects unloaded after import = 1

========================================================================
Received Import Request.
  Time since last request: 0.000094 seconds.
  path: Assets/TextMesh Pro/Shaders/TMP_SDF-Mobile Masking.shader
  artifactKey: Guid(bc1ede39bf3643ee8e493720e4259791) Importer(2089858483,192608db42251d675da83286b1cce702)
Start importing Assets/TextMesh Pro/Shaders/TMP_SDF-Mobile Masking.shader using Guid(bc1ede39bf3643ee8e493720e4259791) Importer(2089858483,192608db42251d675da83286b1cce702) (ScriptedImporter) -> (artifact id: '3115aad89310d090b34a5eac777815ff') in 0.0053945 seconds
Number of updated asset objects reloaded before import = 0Number of asset objects unloaded after import = 1

========================================================================
Received Import Request.
  Time since last request: 0.000116 seconds.
  path: Assets/Prop/Medkit/Prefabs/Firstaid.prefab
  artifactKey: Guid(b76de77e9e36a1c44b094c10711555eb) Importer(2089858483,192608db42251d675da83286b1cce702)
Start importing Assets/Prop/Medkit/Prefabs/Firstaid.prefab using Guid(b76de77e9e36a1c44b094c10711555eb) Importer(2089858483,192608db42251d675da83286b1cce702) (ScriptedImporter) -> (artifact id: 'ad305e64c889c40bc0150a7dd61b6e7b') in 0.007827 seconds
Number of updated asset objects reloaded before import = 0Number of asset objects unloaded after import = 9

========================================================================
Received Import Request.
  Time since last request: 0.000015 seconds.
  path: Assets/Map/doom-classic-first-level-e1m1/textures/BROWN144.png
  artifactKey: Guid(00835cf6fac7447bb977d7d53a170e88) Importer(2089858483,192608db42251d675da83286b1cce702)
Start importing Assets/Map/doom-classic-first-level-e1m1/textures/BROWN144.png using Guid(00835cf6fac7447bb977d7d53a170e88) Importer(2089858483,192608db42251d675da83286b1cce702) (ScriptedImporter) -> (artifact id: 'acb68423be4068e9fd535316f0a0f3aa') in 0.0074809 seconds
Number of updated asset objects reloaded before import = 0Number of asset objects unloaded after import = 1

========================================================================
Received Import Request.
  Time since last request: 0.000096 seconds.
  path: Assets/XR/XRGeneralSettingsPerBuildTarget.asset
  artifactKey: Guid(a2e8bbc2fd09f41ba8b75f5e8673fb4e) Importer(2089858483,192608db42251d675da83286b1cce702)
Start importing Assets/XR/XRGeneralSettingsPerBuildTarget.asset using Guid(a2e8bbc2fd09f41ba8b75f5e8673fb4e) Importer(2089858483,192608db42251d675da83286b1cce702) (ScriptedImporter) -> (artifact id: '27d6b0a55cfe80aabb3f15ab571f08bc') in 0.022717 seconds
Number of updated asset objects reloaded before import = 0Number of asset objects unloaded after import = 6

========================================================================
Received Import Request.
  Time since last request: 0.000032 seconds.
  path: Assets/Map/doom-classic-first-level-e1m1/textures/SUPPORT2.png
  artifactKey: Guid(c4e89c89089514bf6a39ad8395a10345) Importer(2089858483,192608db42251d675da83286b1cce702)
Start importing Assets/Map/doom-classic-first-level-e1m1/textures/SUPPORT2.png using Guid(c4e89c89089514bf6a39ad8395a10345) Importer(2089858483,192608db42251d675da83286b1cce702) (ScriptedImporter) -> (artifact id: '7477044a1637e8f468d29e935753588c') in 0.0118764 seconds
Number of updated asset objects reloaded before import = 0Number of asset objects unloaded after import = 1

========================================================================
Received Import Request.
  Time since last request: 0.352920 seconds.
  path: Assets/EnemyRobots/Textures/CannonMachine/CannonMachine/CannonMachine_Emission.png
  artifactKey: Guid(63b0e0cf66421974da71ae7213a07006) Importer(2089858483,192608db42251d675da83286b1cce702)
Start importing Assets/EnemyRobots/Textures/CannonMachine/CannonMachine/CannonMachine_Emission.png using Guid(63b0e0cf66421974da71ae7213a07006) Importer(2089858483,192608db42251d675da83286b1cce702) (ScriptedImporter) -> (artifact id: '3cbe9535a2f214a2f0fdc47f0a5295eb') in 0.0238597 seconds
Number of updated asset objects reloaded before import = 0Number of asset objects unloaded after import = 1

========================================================================
Received Import Request.
  Time since last request: 0.000034 seconds.
  path: Assets/FIRE_MUZ/WarFX/Demo/Assets/CFX_Demo_RandomDir.cs
  artifactKey: Guid(27666076fd6e86245aa62dfd9e943d6c) Importer(2089858483,192608db42251d675da83286b1cce702)
Start importing Assets/FIRE_MUZ/WarFX/Demo/Assets/CFX_Demo_RandomDir.cs using Guid(27666076fd6e86245aa62dfd9e943d6c) Importer(2089858483,192608db42251d675da83286b1cce702) (ScriptedImporter) -> (artifact id: '5b8d629052ff2671029d5efd74e41ab3') in 0.0039703 seconds
Number of updated asset objects reloaded before import = 0Number of asset objects unloaded after import = 0

========================================================================
Received Import Request.
  Time since last request: 0.000237 seconds.
  path: Assets/FIRE_MUZ/WarFX/_Effects (Mobile)/Fire/WFXMR_FlameThrower Big Alt.prefab
  artifactKey: Guid(e8fb3f256cf9d9e439bd069f42a5a246) Importer(2089858483,192608db42251d675da83286b1cce702)
Start importing Assets/FIRE_MUZ/WarFX/_Effects (Mobile)/Fire/WFXMR_FlameThrower Big Alt.prefab using Guid(e8fb3f256cf9d9e439bd069f42a5a246) Importer(2089858483,192608db42251d675da83286b1cce702) (ScriptedImporter) -> (artifact id: '4b426e3fdf75b238d35f12c9698f0278') in 0.0460187 seconds
Number of updated asset objects reloaded before import = 0Number of asset objects unloaded after import = 15

========================================================================
Received Import Request.
  Time since last request: 0.000015 seconds.
  path: Assets/EnemyRobots/Textures/CannonMachine/Particles/SparkTexture.png
  artifactKey: Guid(400a2ccd44b9c5546a36973533f8365b) Importer(2089858483,192608db42251d675da83286b1cce702)
Start importing Assets/EnemyRobots/Textures/CannonMachine/Particles/SparkTexture.png using Guid(400a2ccd44b9c5546a36973533f8365b) Importer(2089858483,192608db42251d675da83286b1cce702) (ScriptedImporter) -> (artifact id: '47f259a9f5844aa213ecd964aded1b0a') in 0.0078016 seconds
Number of updated asset objects reloaded before import = 0Number of asset objects unloaded after import = 1

========================================================================
Received Import Request.
  Time since last request: 0.000128 seconds.
  path: Assets/FIRE_MUZ/WarFX/_Effects/Smoke/WFX_SmokeGrenade AlphaBlend Gray.prefab
  artifactKey: Guid(e37de961c0fe47b439a8a7c1c1b6213d) Importer(2089858483,192608db42251d675da83286b1cce702)
Start importing Assets/FIRE_MUZ/WarFX/_Effects/Smoke/WFX_SmokeGrenade AlphaBlend Gray.prefab using Guid(e37de961c0fe47b439a8a7c1c1b6213d) Importer(2089858483,192608db42251d675da83286b1cce702) (ScriptedImporter) -> (artifact id: '4e8f130a887625db215b72ce900b4a85') in 0.0317524 seconds
Number of updated asset objects reloaded before import = 0Number of asset objects unloaded after import = 11

========================================================================
Received Import Request.
  Time since last request: 0.000019 seconds.
  path: Assets/FIRE_MUZ/WarFX/_Effects/Explosions/WFX_ExplosiveSmoke Big.prefab
  artifactKey: Guid(1dbc518224e49f34095aab42fe05751a) Importer(2089858483,192608db42251d675da83286b1cce702)
Start importing Assets/FIRE_MUZ/WarFX/_Effects/Explosions/WFX_ExplosiveSmoke Big.prefab using Guid(1dbc518224e49f34095aab42fe05751a) Importer(2089858483,192608db42251d675da83286b1cce702) (ScriptedImporter) -> (artifact id: '87db7ee32ecfd3aa852881704df85d94') in 0.0299365 seconds
Number of updated asset objects reloaded before import = 0Number of asset objects unloaded after import = 27

========================================================================
Received Import Request.
  Time since last request: 0.000063 seconds.
  path: Assets/FIRE_MUZ/WarFX/_Effects (Mobile)/Explosions/WFXMR_ExplosiveSmoke Big.prefab
  artifactKey: Guid(1ae4db7b36e51124b89d2b32303a7a0b) Importer(2089858483,192608db42251d675da83286b1cce702)
Start importing Assets/FIRE_MUZ/WarFX/_Effects (Mobile)/Explosions/WFXMR_ExplosiveSmoke Big.prefab using Guid(1ae4db7b36e51124b89d2b32303a7a0b) Importer(2089858483,192608db42251d675da83286b1cce702) (ScriptedImporter) -> (artifact id: '57fabbe3fd92acfd2598953b9329aae8') in 0.0395595 seconds
Number of updated asset objects reloaded before import = 0Number of asset objects unloaded after import = 27

========================================================================
Received Import Request.
  Time since last request: 0.000014 seconds.
  path: Assets/FIRE_MUZ/WarFX/_Effects/Fire/WFX_GazFireBig (Green).prefab
  artifactKey: Guid(416b2492ca9d1b140874c7ba41cb3214) Importer(2089858483,192608db42251d675da83286b1cce702)
Start importing Assets/FIRE_MUZ/WarFX/_Effects/Fire/WFX_GazFireBig (Green).prefab using Guid(416b2492ca9d1b140874c7ba41cb3214) Importer(2089858483,192608db42251d675da83286b1cce702) (ScriptedImporter) -> (artifact id: 'd828a496b270ab863dc93c7afab3b114') in 0.0296496 seconds
Number of updated asset objects reloaded before import = 0Number of asset objects unloaded after import = 15

========================================================================
Received Import Request.
  Time since last request: 0.000016 seconds.
  path: Assets/Samples/XR Interaction Toolkit/3.0.8/Starter Assets/XRI Default Input Actions.inputactions
  artifactKey: Guid(c348712bda248c246b8c49b3db54643f) Importer(2089858483,192608db42251d675da83286b1cce702)
Start importing Assets/Samples/XR Interaction Toolkit/3.0.8/Starter Assets/XRI Default Input Actions.inputactions using Guid(c348712bda248c246b8c49b3db54643f) Importer(2089858483,192608db42251d675da83286b1cce702) (ScriptedImporter) -> (artifact id: '903c9700257688263fa6090824c40c06') in 0.0905449 seconds
Number of updated asset objects reloaded before import = 0Number of asset objects unloaded after import = 96

========================================================================
Received Import Request.
  Time since last request: 0.000017 seconds.
  path: Assets/EnemyRobots/Textures/MachineGunRobot/MachineGun/MachineGunRobot_Metallic.png
  artifactKey: Guid(a075f960e733a0444bce66472a237a24) Importer(2089858483,192608db42251d675da83286b1cce702)
Start importing Assets/EnemyRobots/Textures/MachineGunRobot/MachineGun/MachineGunRobot_Metallic.png using Guid(a075f960e733a0444bce66472a237a24) Importer(2089858483,192608db42251d675da83286b1cce702) (ScriptedImporter) -> (artifact id: '6e423a0cb8f82a6eba3f67ae165aa164') in 0.0136707 seconds
Number of updated asset objects reloaded before import = 0Number of asset objects unloaded after import = 1

========================================================================
Received Import Request.
  Time since last request: 0.000129 seconds.
  path: Assets/FIRE_MUZ/WarFX/_Effects/Explosions/WFX_Nuke.prefab
  artifactKey: Guid(6ecf76dc4f268d340b2666896a954bcc) Importer(2089858483,192608db42251d675da83286b1cce702)
Start importing Assets/FIRE_MUZ/WarFX/_Effects/Explosions/WFX_Nuke.prefab using Guid(6ecf76dc4f268d340b2666896a954bcc) Importer(2089858483,192608db42251d675da83286b1cce702) (ScriptedImporter) -> (artifact id: 'c42c9d8d2745fa44035458433b84c729') in 0.0357433 seconds
Number of updated asset objects reloaded before import = 0Number of asset objects unloaded after import = 31

========================================================================
Received Import Request.
  Time since last request: 0.000020 seconds.
  path: Assets/FIRE_MUZ/WarFX/_Effects (Mobile)/Smoke/WFXMR_SmokeGrenade Gray.prefab
  artifactKey: Guid(2ba9ef067d14f12478dc4de6baf23094) Importer(2089858483,192608db42251d675da83286b1cce702)
Start importing Assets/FIRE_MUZ/WarFX/_Effects (Mobile)/Smoke/WFXMR_SmokeGrenade Gray.prefab using Guid(2ba9ef067d14f12478dc4de6baf23094) Importer(2089858483,192608db42251d675da83286b1cce702) (ScriptedImporter) -> (artifact id: '0310bff2b03f5061a83a37fc6161d1ef') in 0.027334 seconds
Number of updated asset objects reloaded before import = 0Number of asset objects unloaded after import = 11

========================================================================
Received Import Request.
  Time since last request: 0.000016 seconds.
  path: Assets/FIRE_MUZ/WarFX/Demo/Assets/WFX_Demo_M_Metal Wall.mat
  artifactKey: Guid(97a1c489739b9654294f9eec96f9988f) Importer(2089858483,192608db42251d675da83286b1cce702)
Start importing Assets/FIRE_MUZ/WarFX/Demo/Assets/WFX_Demo_M_Metal Wall.mat using Guid(97a1c489739b9654294f9eec96f9988f) Importer(2089858483,192608db42251d675da83286b1cce702) (ScriptedImporter) -> (artifact id: '16c634b4dd846c449e505999d4f8656e') in 0.0060035 seconds
Number of updated asset objects reloaded before import = 0Number of asset objects unloaded after import = 3

========================================================================
Received Import Request.
  Time since last request: 0.000224 seconds.
  path: Assets/FIRE_MUZ/WarFX/Demo/UI Canvas/CFX Demo Btn SlowMo H.png
  artifactKey: Guid(48624f05b683e4a4ab1a142e40fd6971) Importer(2089858483,192608db42251d675da83286b1cce702)
Start importing Assets/FIRE_MUZ/WarFX/Demo/UI Canvas/CFX Demo Btn SlowMo H.png using Guid(48624f05b683e4a4ab1a142e40fd6971) Importer(2089858483,192608db42251d675da83286b1cce702) (ScriptedImporter) -> (artifact id: '4a606d69bb26a19cccf8adbfe612815b') in 0.0103394 seconds
Number of updated asset objects reloaded before import = 0Number of asset objects unloaded after import = 3

========================================================================
Received Import Request.
  Time since last request: 0.000089 seconds.
  path: Assets/FIRE_MUZ/WarFX/_Effects/Explosions/WFX_Explosion StarSmoke.prefab
  artifactKey: Guid(a49596ebf788acd4ab1281bffea444b1) Importer(2089858483,192608db42251d675da83286b1cce702)
Start importing Assets/FIRE_MUZ/WarFX/_Effects/Explosions/WFX_Explosion StarSmoke.prefab using Guid(a49596ebf788acd4ab1281bffea444b1) Importer(2089858483,192608db42251d675da83286b1cce702) (ScriptedImporter) -> (artifact id: '7ef1994947c155184a85af091ce12170') in 0.0302624 seconds
Number of updated asset objects reloaded before import = 0Number of asset objects unloaded after import = 31

========================================================================
Received Import Request.
  Time since last request: 0.000017 seconds.
  path: Assets/FIRE_MUZ/WarFX/Demo/UI Canvas/CFX Demo Btn Ground.png
  artifactKey: Guid(a2bcf923df54ffa4ba7e795955c5dc22) Importer(2089858483,192608db42251d675da83286b1cce702)
Start importing Assets/FIRE_MUZ/WarFX/Demo/UI Canvas/CFX Demo Btn Ground.png using Guid(a2bcf923df54ffa4ba7e795955c5dc22) Importer(2089858483,192608db42251d675da83286b1cce702) (ScriptedImporter) -> (artifact id: 'a59b9145f537e5abc0bb089acabd9244') in 0.0103822 seconds
Number of updated asset objects reloaded before import = 0Number of asset objects unloaded after import = 3

========================================================================
Received Import Request.
  Time since last request: 0.000014 seconds.
  path: Assets/FIRE_MUZ/WarFX/Demo/UI Canvas/CFX Demo Btn Arrow.png
  artifactKey: Guid(6ca93523b0317c242b05932fedb07cb3) Importer(2089858483,192608db42251d675da83286b1cce702)
Start importing Assets/FIRE_MUZ/WarFX/Demo/UI Canvas/CFX Demo Btn Arrow.png using Guid(6ca93523b0317c242b05932fedb07cb3) Importer(2089858483,192608db42251d675da83286b1cce702) (ScriptedImporter) -> (artifact id: '8c0a16b5bd173447fba0e11179eaf628') in 0.008765 seconds
Number of updated asset objects reloaded before import = 0Number of asset objects unloaded after import = 3

========================================================================
Received Import Request.
  Time since last request: 0.000097 seconds.
  path: Assets/FIRE_MUZ/WarFX/Demo/Assets/WFX_Demo_M4.fbx
  artifactKey: Guid(7350c439920074a58a63ca710c013777) Importer(2089858483,192608db42251d675da83286b1cce702)
Start importing Assets/FIRE_MUZ/WarFX/Demo/Assets/WFX_Demo_M4.fbx using Guid(7350c439920074a58a63ca710c013777) Importer(2089858483,192608db42251d675da83286b1cce702) (ScriptedImporter) -> (artifact id: 'd4deb86feb01916cd7eadf5518f8514f') in 0.0123756 seconds
Number of updated asset objects reloaded before import = 0Number of asset objects unloaded after import = 8

========================================================================
Received Import Request.
  Time since last request: 0.000127 seconds.
  path: Assets/FIRE_MUZ/WarFX/_Effects (Mobile)/Fire/WFXMR_FlameThrower Big Alt Looped.prefab
  artifactKey: Guid(4a7daf0e176b21a4b945be7a6e3ba2cb) Importer(2089858483,192608db42251d675da83286b1cce702)
Start importing Assets/FIRE_MUZ/WarFX/_Effects (Mobile)/Fire/WFXMR_FlameThrower Big Alt Looped.prefab using Guid(4a7daf0e176b21a4b945be7a6e3ba2cb) Importer(2089858483,192608db42251d675da83286b1cce702) (ScriptedImporter) -> (artifact id: '765a56f054b42b756d4df7985e3b1b5b') in 0.0283731 seconds
Number of updated asset objects reloaded before import = 0Number of asset objects unloaded after import = 15

========================================================================
Received Import Request.
  Time since last request: 0.000092 seconds.
  path: Assets/Samples/XR Hands/1.5.1/HandVisualizer/HandVisualizer.unity
  artifactKey: Guid(ab7acf0d9677fbe4db51bc36647d4fcb) Importer(2089858483,192608db42251d675da83286b1cce702)
Start importing Assets/Samples/XR Hands/1.5.1/HandVisualizer/HandVisualizer.unity using Guid(ab7acf0d9677fbe4db51bc36647d4fcb) Importer(2089858483,192608db42251d675da83286b1cce702) (ScriptedImporter) -> (artifact id: '9da43aae04931199a3a6d4a157bcec6c') in 0.0049159 seconds
Number of updated asset objects reloaded before import = 0Number of asset objects unloaded after import = 1

========================================================================
Received Import Request.
  Time since last request: 0.000184 seconds.
  path: Assets/FIRE_MUZ/WarFX/_Effects (Mobile)/Bullet Impacts/WFXMR_BImpact Wood NoCollision.prefab
  artifactKey: Guid(2bad6b8b976e8a44cacd2a270b2d3ef2) Importer(2089858483,192608db42251d675da83286b1cce702)
Start importing Assets/FIRE_MUZ/WarFX/_Effects (Mobile)/Bullet Impacts/WFXMR_BImpact Wood NoCollision.prefab using Guid(2bad6b8b976e8a44cacd2a270b2d3ef2) Importer(2089858483,192608db42251d675da83286b1cce702) (ScriptedImporter) -> (artifact id: '21177934dccda690f11c5fb7ea2e8041') in 0.0300855 seconds
Number of updated asset objects reloaded before import = 0Number of asset objects unloaded after import = 15

========================================================================
Received Import Request.
  Time since last request: 0.000033 seconds.
  path: Assets/Samples/XR Interaction Toolkit/3.0.8/XR Device Simulator/XR Device Simulator Controls.inputactions
  artifactKey: Guid(da2b439d1a2de5c46a4f428f8cf4fe19) Importer(2089858483,192608db42251d675da83286b1cce702)
Start importing Assets/Samples/XR Interaction Toolkit/3.0.8/XR Device Simulator/XR Device Simulator Controls.inputactions using Guid(da2b439d1a2de5c46a4f428f8cf4fe19) Importer(2089858483,192608db42251d675da83286b1cce702) (ScriptedImporter) -> (artifact id: 'e699503873342f435ccc34dd4bfb0166') in 0.0290567 seconds
Number of updated asset objects reloaded before import = 0Number of asset objects unloaded after import = 28

========================================================================
Received Import Request.
  Time since last request: 0.000021 seconds.
  path: Assets/FIRE_MUZ/WarFX/_Effects (Mobile)/Explosions/WFXMR_ExplosiveSmokeGround.prefab
  artifactKey: Guid(808e73d863fcde3499fd5301563ffd3d) Importer(2089858483,192608db42251d675da83286b1cce702)
Start importing Assets/FIRE_MUZ/WarFX/_Effects (Mobile)/Explosions/WFXMR_ExplosiveSmokeGround.prefab using Guid(808e73d863fcde3499fd5301563ffd3d) Importer(2089858483,192608db42251d675da83286b1cce702) (ScriptedImporter) -> (artifact id: 'd4240c1c8d619d1b83a08bdf13d04cc6') in 0.0312584 seconds
Number of updated asset objects reloaded before import = 0Number of asset objects unloaded after import = 31

========================================================================
Received Import Request.
  Time since last request: 0.085597 seconds.
  path: Assets/FIRE_MUZ/WarFX/Desktop/Materials/Bullet Holes/WFX_BulletHole Wood Lighted.mat
  artifactKey: Guid(a1c66968b3879fd43abd0238bae09c97) Importer(2089858483,192608db42251d675da83286b1cce702)
Start importing Assets/FIRE_MUZ/WarFX/Desktop/Materials/Bullet Holes/WFX_BulletHole Wood Lighted.mat using Guid(a1c66968b3879fd43abd0238bae09c97) Importer(2089858483,192608db42251d675da83286b1cce702) (ScriptedImporter) -> (artifact id: '57ca9e32e0ea2bc292441b5145490b28') in 0.0093422 seconds
Number of updated asset objects reloaded before import = 0Number of asset objects unloaded after import = 2

========================================================================
Received Import Request.
  Time since last request: 0.000185 seconds.
  path: Assets/FIRE_MUZ/WarFX/_Effects/Fire/Gray Smoke/WFX_GazFire (Gray Smoke).prefab
  artifactKey: Guid(8f4c8e6e19f6811488df5bbe56510f9d) Importer(2089858483,192608db42251d675da83286b1cce702)
Start importing Assets/FIRE_MUZ/WarFX/_Effects/Fire/Gray Smoke/WFX_GazFire (Gray Smoke).prefab using Guid(8f4c8e6e19f6811488df5bbe56510f9d) Importer(2089858483,192608db42251d675da83286b1cce702) (ScriptedImporter) -> (artifact id: '1cf590000de0b69a8b534c6edecaffc1') in 0.0329079 seconds
Number of updated asset objects reloaded before import = 0Number of asset objects unloaded after import = 15

========================================================================
Received Import Request.
  Time since last request: 0.000034 seconds.
  path: Assets/FIRE_MUZ/WarFX/_Effects (Mobile)/Bullet Impacts/+ Bullet Hole/WFXMR_BImpact SoftBody + Hole.prefab
  artifactKey: Guid(ba261927bb2ae4244b20b0eb77a96415) Importer(2089858483,192608db42251d675da83286b1cce702)
Start importing Assets/FIRE_MUZ/WarFX/_Effects (Mobile)/Bullet Impacts/+ Bullet Hole/WFXMR_BImpact SoftBody + Hole.prefab using Guid(ba261927bb2ae4244b20b0eb77a96415) Importer(2089858483,192608db42251d675da83286b1cce702) (ScriptedImporter) -> (artifact id: 'db338d8ed5dce19f7ec5556a3565ab04') in 0.0297077 seconds
Number of updated asset objects reloaded before import = 0Number of asset objects unloaded after import = 21

========================================================================
Received Import Request.
  Time since last request: 0.000015 seconds.
  path: Assets/FIRE_MUZ/WarFX/_Effects (Mobile)/Fire/No Smoke/WFXMR_GazFireBig (No Smoke).prefab
  artifactKey: Guid(f5f4774c5dade3f42aa77b7966ea95c8) Importer(2089858483,192608db42251d675da83286b1cce702)
Start importing Assets/FIRE_MUZ/WarFX/_Effects (Mobile)/Fire/No Smoke/WFXMR_GazFireBig (No Smoke).prefab using Guid(f5f4774c5dade3f42aa77b7966ea95c8) Importer(2089858483,192608db42251d675da83286b1cce702) (ScriptedImporter) -> (artifact id: '2cd0070d5009fc32e515a33aca608d1b') in 0.0267212 seconds
Number of updated asset objects reloaded before import = 0Number of asset objects unloaded after import = 11

========================================================================
Received Import Request.
  Time since last request: 0.000017 seconds.
  path: Assets/FIRE_MUZ/WarFX/Mobile/Textures/Flames/WFXM_T_DoubleFlames A8.tga
  artifactKey: Guid(65859a535a819c54f91331fb9847bce4) Importer(2089858483,192608db42251d675da83286b1cce702)
Start importing Assets/FIRE_MUZ/WarFX/Mobile/Textures/Flames/WFXM_T_DoubleFlames A8.tga using Guid(65859a535a819c54f91331fb9847bce4) Importer(2089858483,192608db42251d675da83286b1cce702) (ScriptedImporter) -> (artifact id: 'd8b91935e97d7ee247e15b333c40cbbd') in 0.011474 seconds
Number of updated asset objects reloaded before import = 0Number of asset objects unloaded after import = 1

========================================================================
Received Import Request.
  Time since last request: 0.000161 seconds.
  path: Assets/FIRE_MUZ/WarFX/Desktop/Textures/MuzzleFlashes/WFX_T_MF FrontRear RIFLE1 A8.png
  artifactKey: Guid(1f835b8ac4f16174889bcee8981c9142) Importer(2089858483,192608db42251d675da83286b1cce702)
Start importing Assets/FIRE_MUZ/WarFX/Desktop/Textures/MuzzleFlashes/WFX_T_MF FrontRear RIFLE1 A8.png using Guid(1f835b8ac4f16174889bcee8981c9142) Importer(2089858483,192608db42251d675da83286b1cce702) (ScriptedImporter) -> (artifact id: 'e6a41a07aff646a39bdc7dba25b567e4') in 0.0094049 seconds
Number of updated asset objects reloaded before import = 0Number of asset objects unloaded after import = 1

========================================================================
Received Import Request.
  Time since last request: 0.000244 seconds.
  path: Assets/FIRE_MUZ/WarFX/_Effects (Mobile)/Fire/Black Smoke/WFXMR_Fire SmallFlame (Black Smoke).prefab
  artifactKey: Guid(5a79c272515d52a48b3b71828bfdd401) Importer(2089858483,192608db42251d675da83286b1cce702)
Start importing Assets/FIRE_MUZ/WarFX/_Effects (Mobile)/Fire/Black Smoke/WFXMR_Fire SmallFlame (Black Smoke).prefab using Guid(5a79c272515d52a48b3b71828bfdd401) Importer(2089858483,192608db42251d675da83286b1cce702) (ScriptedImporter) -> (artifact id: 'f7fc19d062c08177b7159373a876b4dc') in 0.0278825 seconds
Number of updated asset objects reloaded before import = 0Number of asset objects unloaded after import = 15

========================================================================
Received Import Request.
  Time since last request: 0.000016 seconds.
  path: Assets/FIRE_MUZ/WarFX/Desktop/Textures/Misc/WFX_T_SmallDots Inversed A8.png
  artifactKey: Guid(e251f05fa450bea41a476b69cf75cec0) Importer(2089858483,192608db42251d675da83286b1cce702)
Start importing Assets/FIRE_MUZ/WarFX/Desktop/Textures/Misc/WFX_T_SmallDots Inversed A8.png using Guid(e251f05fa450bea41a476b69cf75cec0) Importer(2089858483,192608db42251d675da83286b1cce702) (ScriptedImporter) -> (artifact id: 'b5c39c51d3684d4704ec696647c2dec5') in 0.00978 seconds
Number of updated asset objects reloaded before import = 0Number of asset objects unloaded after import = 1

========================================================================
Received Import Request.
  Time since last request: 0.000116 seconds.
  path: Assets/FIRE_MUZ/WarFX/Mobile/Materials/Flames/WFXM_M_FlameThrower Stream.mat
  artifactKey: Guid(fbd8df583ed218d4f9e2740e23f6f8d9) Importer(2089858483,192608db42251d675da83286b1cce702)
Start importing Assets/FIRE_MUZ/WarFX/Mobile/Materials/Flames/WFXM_M_FlameThrower Stream.mat using Guid(fbd8df583ed218d4f9e2740e23f6f8d9) Importer(2089858483,192608db42251d675da83286b1cce702) (ScriptedImporter) -> (artifact id: 'd70dd647d21c614ca0486d0a6835a5dc') in 0.0058364 seconds
Number of updated asset objects reloaded before import = 0Number of asset objects unloaded after import = 2

========================================================================
Received Import Request.
  Time since last request: 0.000076 seconds.
  path: Assets/FIRE_MUZ/WarFX/_Effects/Fire/Black Smoke/WFX_Fire Natural Circle (Black Smoke).prefab
  artifactKey: Guid(06a7735096a49064bac4963673c4f0b3) Importer(2089858483,192608db42251d675da83286b1cce702)
Start importing Assets/FIRE_MUZ/WarFX/_Effects/Fire/Black Smoke/WFX_Fire Natural Circle (Black Smoke).prefab using Guid(06a7735096a49064bac4963673c4f0b3) Importer(2089858483,192608db42251d675da83286b1cce702) (ScriptedImporter) -> (artifact id: '0eb35e2c2faf68d5aa3810e79efbb4c6') in 0.0315256 seconds
Number of updated asset objects reloaded before import = 0Number of asset objects unloaded after import = 15

========================================================================
Received Import Request.
  Time since last request: 0.000013 seconds.
  path: Assets/FIRE_MUZ/WarFX/Mobile/Materials/Bullet Holes/WFXM_BulletHole Wood.mat
  artifactKey: Guid(da45bc001784dc244a47f5336a146bfc) Importer(2089858483,192608db42251d675da83286b1cce702)
Start importing Assets/FIRE_MUZ/WarFX/Mobile/Materials/Bullet Holes/WFXM_BulletHole Wood.mat using Guid(da45bc001784dc244a47f5336a146bfc) Importer(2089858483,192608db42251d675da83286b1cce702) (ScriptedImporter) -> (artifact id: '55b9bacec5240caadb387fe3bde809b8') in 0.0046212 seconds
Number of updated asset objects reloaded before import = 0Number of asset objects unloaded after import = 2

========================================================================
Received Import Request.
  Time since last request: 0.000067 seconds.
  path: Assets/FIRE_MUZ/WarFX/_Effects/Fire/No Smoke/WFX_Fire Natural (No Smoke).prefab
  artifactKey: Guid(b3167a8e5b4bb9541be8e07f4fac8355) Importer(2089858483,192608db42251d675da83286b1cce702)
Start importing Assets/FIRE_MUZ/WarFX/_Effects/Fire/No Smoke/WFX_Fire Natural (No Smoke).prefab using Guid(b3167a8e5b4bb9541be8e07f4fac8355) Importer(2089858483,192608db42251d675da83286b1cce702) (ScriptedImporter) -> (artifact id: 'f59584859a7fc698478039b23051b47d') in 0.027382 seconds
Number of updated asset objects reloaded before import = 0Number of asset objects unloaded after import = 11

========================================================================
Received Import Request.
  Time since last request: 0.000051 seconds.
  path: Assets/FIRE_MUZ/WarFX/Mobile/Materials/Bullet Holes/WFXM_BulletHole Generic Dirt.mat
  artifactKey: Guid(12e384003051d804d826efc716fc5f73) Importer(2089858483,192608db42251d675da83286b1cce702)
Start importing Assets/FIRE_MUZ/WarFX/Mobile/Materials/Bullet Holes/WFXM_BulletHole Generic Dirt.mat using Guid(12e384003051d804d826efc716fc5f73) Importer(2089858483,192608db42251d675da83286b1cce702) (ScriptedImporter) -> (artifact id: 'd411e4c72c15792be18bf04a45be7fb3') in 0.0061129 seconds
Number of updated asset objects reloaded before import = 0Number of asset objects unloaded after import = 2

========================================================================
Received Import Request.
  Time since last request: 0.000040 seconds.
  path: Assets/FIRE_MUZ/WarFX/Mobile/Textures/Flames/WFXM_T_FlamesBig.tga
  artifactKey: Guid(c75eb77b7d09e4e42a99f9adf75e32cb) Importer(2089858483,192608db42251d675da83286b1cce702)
Start importing Assets/FIRE_MUZ/WarFX/Mobile/Textures/Flames/WFXM_T_FlamesBig.tga using Guid(c75eb77b7d09e4e42a99f9adf75e32cb) Importer(2089858483,192608db42251d675da83286b1cce702) (ScriptedImporter) -> (artifact id: '71c1264e28e6b46202c409d2c7e6ea99') in 0.0066732 seconds
Number of updated asset objects reloaded before import = 0Number of asset objects unloaded after import = 1

========================================================================
Received Import Request.
  Time since last request: 0.000148 seconds.
  path: Assets/FIRE_MUZ/WarFX/Mobile/Materials/Smoke/WFXM_M_SmokeScroll Add.mat
  artifactKey: Guid(ac5e326588327d841b2501709f9b491e) Importer(2089858483,192608db42251d675da83286b1cce702)
Start importing Assets/FIRE_MUZ/WarFX/Mobile/Materials/Smoke/WFXM_M_SmokeScroll Add.mat using Guid(ac5e326588327d841b2501709f9b491e) Importer(2089858483,192608db42251d675da83286b1cce702) (ScriptedImporter) -> (artifact id: '2093bea4e6c01da4bcd79270fe1b78b1') in 0.0061092 seconds
Number of updated asset objects reloaded before import = 0Number of asset objects unloaded after import = 2

========================================================================
Received Import Request.
  Time since last request: 0.000246 seconds.
  path: Assets/FIRE_MUZ/WarFX/Mobile/Materials/Impacts/WFXM_M_Sparks Metal.mat
  artifactKey: Guid(a54ba3179ee833e4f85472f16ca41d2b) Importer(2089858483,192608db42251d675da83286b1cce702)
Start importing Assets/FIRE_MUZ/WarFX/Mobile/Materials/Impacts/WFXM_M_Sparks Metal.mat using Guid(a54ba3179ee833e4f85472f16ca41d2b) Importer(2089858483,192608db42251d675da83286b1cce702) (ScriptedImporter) -> (artifact id: '4ffd638984cb4c4f90c24f223eacc4d3') in 0.0055932 seconds
Number of updated asset objects reloaded before import = 0Number of asset objects unloaded after import = 2

========================================================================
Received Import Request.
  Time since last request: 0.000233 seconds.
  path: Assets/FIRE_MUZ/WarFX/Desktop/Textures/MuzzleFlashes/WFX_T_MF Side RIFLE2 A8.png
  artifactKey: Guid(c9fc1cb53157aa04a9b2db5336bbd75f) Importer(2089858483,192608db42251d675da83286b1cce702)
Start importing Assets/FIRE_MUZ/WarFX/Desktop/Textures/MuzzleFlashes/WFX_T_MF Side RIFLE2 A8.png using Guid(c9fc1cb53157aa04a9b2db5336bbd75f) Importer(2089858483,192608db42251d675da83286b1cce702) (ScriptedImporter) -> (artifact id: '934bf5bfccbe4ece161d5ebabd5ef94b') in 0.0067664 seconds
Number of updated asset objects reloaded before import = 0Number of asset objects unloaded after import = 1

========================================================================
Received Import Request.
  Time since last request: 0.000099 seconds.
  path: Assets/FIRE_MUZ/WarFX/Desktop/Textures/Flames/WFX_T_FlameMine A8.tga
  artifactKey: Guid(695bd719abfceb844bd7ffb49080f36a) Importer(2089858483,192608db42251d675da83286b1cce702)
Start importing Assets/FIRE_MUZ/WarFX/Desktop/Textures/Flames/WFX_T_FlameMine A8.tga using Guid(695bd719abfceb844bd7ffb49080f36a) Importer(2089858483,192608db42251d675da83286b1cce702) (ScriptedImporter) -> (artifact id: 'd494f0353cb42744ac3469deec885157') in 0.0084756 seconds
Number of updated asset objects reloaded before import = 0Number of asset objects unloaded after import = 1

========================================================================
Received Import Request.
  Time since last request: 0.000112 seconds.
  path: Assets/FIRE_MUZ/WarFX/Desktop/Textures/Flames/WFX_T_NukeFlames.tga
  artifactKey: Guid(c1e2180035cd91841b5d343f46041da9) Importer(2089858483,192608db42251d675da83286b1cce702)
Start importing Assets/FIRE_MUZ/WarFX/Desktop/Textures/Flames/WFX_T_NukeFlames.tga using Guid(c1e2180035cd91841b5d343f46041da9) Importer(2089858483,192608db42251d675da83286b1cce702) (ScriptedImporter) -> (artifact id: 'e71c02832d3a8d34846a5acf9b88c72f') in 0.006324 seconds
Number of updated asset objects reloaded before import = 0Number of asset objects unloaded after import = 1

========================================================================
Received Import Request.
  Time since last request: 0.000227 seconds.
  path: Assets/FIRE_MUZ/WarFX/Mobile/Materials/MuzzleFlashes/WFXM_M_MF Glow.mat
  artifactKey: Guid(5cd541080cf73ee4bbe682724bd0887b) Importer(2089858483,192608db42251d675da83286b1cce702)
Start importing Assets/FIRE_MUZ/WarFX/Mobile/Materials/MuzzleFlashes/WFXM_M_MF Glow.mat using Guid(5cd541080cf73ee4bbe682724bd0887b) Importer(2089858483,192608db42251d675da83286b1cce702) (ScriptedImporter) -> (artifact id: '14930f3260f506ed3979cedd65b238ab') in 0.0063261 seconds
Number of updated asset objects reloaded before import = 0Number of asset objects unloaded after import = 2

========================================================================
Received Import Request.
  Time since last request: 0.000125 seconds.
  path: Assets/FIRE_MUZ/WarFX/Mobile/Textures/MuzzleFlashes/WFXM_T_MF Side RIFLE1 A8.png
  artifactKey: Guid(af192a8ff3392cf489f256b2b152e039) Importer(2089858483,192608db42251d675da83286b1cce702)
Start importing Assets/FIRE_MUZ/WarFX/Mobile/Textures/MuzzleFlashes/WFXM_T_MF Side RIFLE1 A8.png using Guid(af192a8ff3392cf489f256b2b152e039) Importer(2089858483,192608db42251d675da83286b1cce702) (ScriptedImporter) -> (artifact id: 'c60cdc492bd70c868305b4bcab8c2b53') in 0.009487 seconds
Number of updated asset objects reloaded before import = 0Number of asset objects unloaded after import = 1

========================================================================
Received Import Request.
  Time since last request: 0.000122 seconds.
  path: Assets/FIRE_MUZ/WarFX/Desktop/Materials/Flames/WFX_M_FlameSmall 4F Add.mat
  artifactKey: Guid(b2593af31c471b7469ea80cfa0d26b34) Importer(2089858483,192608db42251d675da83286b1cce702)
Start importing Assets/FIRE_MUZ/WarFX/Desktop/Materials/Flames/WFX_M_FlameSmall 4F Add.mat using Guid(b2593af31c471b7469ea80cfa0d26b34) Importer(2089858483,192608db42251d675da83286b1cce702) (ScriptedImporter) -> (artifact id: 'fa4615d53dd55fb0ab390884e4d61ce2') in 0.0061694 seconds
Number of updated asset objects reloaded before import = 0Number of asset objects unloaded after import = 2

========================================================================
Received Import Request.
  Time since last request: 0.000155 seconds.
  path: Assets/FIRE_MUZ/WarFX/Mobile/Materials/Smoke/WFXM_M_SmokeScroll SoftMult Average.mat
  artifactKey: Guid(9ca9f155195f14e4ebcae976fd798028) Importer(2089858483,192608db42251d675da83286b1cce702)
Start importing Assets/FIRE_MUZ/WarFX/Mobile/Materials/Smoke/WFXM_M_SmokeScroll SoftMult Average.mat using Guid(9ca9f155195f14e4ebcae976fd798028) Importer(2089858483,192608db42251d675da83286b1cce702) (ScriptedImporter) -> (artifact id: '8aa83072637c865f05c4a86120d969b4') in 0.0048149 seconds
Number of updated asset objects reloaded before import = 0Number of asset objects unloaded after import = 2

========================================================================
Received Import Request.
  Time since last request: 0.000023 seconds.
  path: Assets/FIRE_MUZ/WarFX/Mobile/Textures/MuzzleFlashes/WFXM_T_MF Sparks RIFLE2 A8.tga
  artifactKey: Guid(e5bdef96f2433ec48bd681d41f37d62c) Importer(2089858483,192608db42251d675da83286b1cce702)
Start importing Assets/FIRE_MUZ/WarFX/Mobile/Textures/MuzzleFlashes/WFXM_T_MF Sparks RIFLE2 A8.tga using Guid(e5bdef96f2433ec48bd681d41f37d62c) Importer(2089858483,192608db42251d675da83286b1cce702) (ScriptedImporter) -> (artifact id: '68d7a994bff48f7962a760a7515f0042') in 0.0070802 seconds
Number of updated asset objects reloaded before import = 0Number of asset objects unloaded after import = 1

========================================================================
Received Import Request.
  Time since last request: 0.000118 seconds.
  path: Assets/FIRE_MUZ/WarFX/Desktop/Materials/Smoke/WFX_M_SmokeScroll SoftMult.mat
  artifactKey: Guid(7cd0317a189d24e488c96376bf32b9e1) Importer(2089858483,192608db42251d675da83286b1cce702)
Start importing Assets/FIRE_MUZ/WarFX/Desktop/Materials/Smoke/WFX_M_SmokeScroll SoftMult.mat using Guid(7cd0317a189d24e488c96376bf32b9e1) Importer(2089858483,192608db42251d675da83286b1cce702) (ScriptedImporter) -> (artifact id: 'b6f8e83485dfffe66e0eeb7aa6ea25cb') in 0.0044509 seconds
Number of updated asset objects reloaded before import = 0Number of asset objects unloaded after import = 2

========================================================================
Received Import Request.
  Time since last request: 0.000260 seconds.
  path: Assets/FIRE_MUZ/WarFX/Mobile/Materials/Smoke/WFXM_M_Smoke.mat
  artifactKey: Guid(ca243e5facda6f94ca9d9469e235f1fe) Importer(2089858483,192608db42251d675da83286b1cce702)
Start importing Assets/FIRE_MUZ/WarFX/Mobile/Materials/Smoke/WFXM_M_Smoke.mat using Guid(ca243e5facda6f94ca9d9469e235f1fe) Importer(2089858483,192608db42251d675da83286b1cce702) (ScriptedImporter) -> (artifact id: 'd55300320b4ad262cc369c185068d865') in 0.0063398 seconds
Number of updated asset objects reloaded before import = 0Number of asset objects unloaded after import = 2

========================================================================
Received Import Request.
  Time since last request: 0.000024 seconds.
  path: Assets/FIRE_MUZ/WarFX/_Effects (Mobile)/MuzzleFlashes/4Planes/WFXMR_MF 4P RIFLE2.prefab
  artifactKey: Guid(40949a480f6b7d54f99564ee2b469dae) Importer(2089858483,192608db42251d675da83286b1cce702)
Start importing Assets/FIRE_MUZ/WarFX/_Effects (Mobile)/MuzzleFlashes/4Planes/WFXMR_MF 4P RIFLE2.prefab using Guid(40949a480f6b7d54f99564ee2b469dae) Importer(2089858483,192608db42251d675da83286b1cce702) (ScriptedImporter) -> (artifact id: '674a12d2c7f2d70b0e80b714e0cd2a83') in 0.0284693 seconds
Number of updated asset objects reloaded before import = 0Number of asset objects unloaded after import = 29

========================================================================
Received Import Request.
  Time since last request: 0.000013 seconds.
  path: Assets/FIRE_MUZ/WarFX/Desktop/Materials/Impacts/WFX_M_Sparks Metal.mat
  artifactKey: Guid(f694f40c6e4a192408764416581ed108) Importer(2089858483,192608db42251d675da83286b1cce702)
Start importing Assets/FIRE_MUZ/WarFX/Desktop/Materials/Impacts/WFX_M_Sparks Metal.mat using Guid(f694f40c6e4a192408764416581ed108) Importer(2089858483,192608db42251d675da83286b1cce702) (ScriptedImporter) -> (artifact id: '0d4e9bab779327075aea493c98802795') in 0.0061451 seconds
Number of updated asset objects reloaded before import = 0Number of asset objects unloaded after import = 2

========================================================================
Received Import Request.
  Time since last request: 0.000017 seconds.
  path: Assets/FIRE_MUZ/WarFX/Mobile/Materials/Misc/WFXM_M_GroundGlow Add.mat
  artifactKey: Guid(d6d92f40e7533cf47b41548fdff21781) Importer(2089858483,192608db42251d675da83286b1cce702)
Start importing Assets/FIRE_MUZ/WarFX/Mobile/Materials/Misc/WFXM_M_GroundGlow Add.mat using Guid(d6d92f40e7533cf47b41548fdff21781) Importer(2089858483,192608db42251d675da83286b1cce702) (ScriptedImporter) -> (artifact id: '6f86770905f5521ad4ff584b98a89a52') in 0.0056836 seconds
Number of updated asset objects reloaded before import = 0Number of asset objects unloaded after import = 2

========================================================================
Received Import Request.
  Time since last request: 0.000030 seconds.
  path: Assets/FIRE_MUZ/WarFX/Mobile/Materials/MuzzleFlashes/WFXM_M_MF FrontRear RIFLE1.mat
  artifactKey: Guid(7fb70de7974e0404cae2a4b3124fce2b) Importer(2089858483,192608db42251d675da83286b1cce702)
Start importing Assets/FIRE_MUZ/WarFX/Mobile/Materials/MuzzleFlashes/WFXM_M_MF FrontRear RIFLE1.mat using Guid(7fb70de7974e0404cae2a4b3124fce2b) Importer(2089858483,192608db42251d675da83286b1cce702) (ScriptedImporter) -> (artifact id: '6f272064a4c5654dd88cfddfb50e11af') in 0.0051471 seconds
Number of updated asset objects reloaded before import = 0Number of asset objects unloaded after import = 2

========================================================================
Received Import Request.
  Time since last request: 0.000013 seconds.
  path: Assets/FIRE_MUZ/WarFX/Mobile/Materials/Smoke/WFXM_M_SmokeScroll SoftMult.mat
  artifactKey: Guid(8425d1f7646af81479aabd9c92b72877) Importer(2089858483,192608db42251d675da83286b1cce702)
Start importing Assets/FIRE_MUZ/WarFX/Mobile/Materials/Smoke/WFXM_M_SmokeScroll SoftMult.mat using Guid(8425d1f7646af81479aabd9c92b72877) Importer(2089858483,192608db42251d675da83286b1cce702) (ScriptedImporter) -> (artifact id: 'e189e82aa2f8f56a12ddd2332db06332') in 0.00497 seconds
Number of updated asset objects reloaded before import = 0Number of asset objects unloaded after import = 2

========================================================================
Received Import Request.
  Time since last request: 0.000020 seconds.
  path: Assets/FIRE_MUZ/WarFX/Desktop/Materials/Misc/WFX_M_GlowCircle Add.mat
  artifactKey: Guid(cd8002f70c22e4840bffd510c84d3c10) Importer(2089858483,192608db42251d675da83286b1cce702)
Start importing Assets/FIRE_MUZ/WarFX/Desktop/Materials/Misc/WFX_M_GlowCircle Add.mat using Guid(cd8002f70c22e4840bffd510c84d3c10) Importer(2089858483,192608db42251d675da83286b1cce702) (ScriptedImporter) -> (artifact id: '343062e4552577437cdb986898581c5f') in 0.0043989 seconds
Number of updated asset objects reloaded before import = 0Number of asset objects unloaded after import = 2

========================================================================
Received Import Request.
  Time since last request: 0.000059 seconds.
  path: Assets/FIRE_MUZ/WarFX/Mobile/Materials/Impacts/WFXM_M_Impact Smoke.mat
  artifactKey: Guid(a8c74657b1a339c44bc84bb3c6f1fdad) Importer(2089858483,192608db42251d675da83286b1cce702)
Start importing Assets/FIRE_MUZ/WarFX/Mobile/Materials/Impacts/WFXM_M_Impact Smoke.mat using Guid(a8c74657b1a339c44bc84bb3c6f1fdad) Importer(2089858483,192608db42251d675da83286b1cce702) (ScriptedImporter) -> (artifact id: 'deab396dbcc346db101a42f93db6edec') in 0.0055763 seconds
Number of updated asset objects reloaded before import = 0Number of asset objects unloaded after import = 2

========================================================================
Received Import Request.
  Time since last request: 0.000062 seconds.
  path: Assets/FIRE_MUZ/WarFX/_Effects/Fire/No Smoke/WFX_GazFire (No Smoke).prefab
  artifactKey: Guid(ce4491e862939974997f1e487c3ea84b) Importer(2089858483,192608db42251d675da83286b1cce702)
Start importing Assets/FIRE_MUZ/WarFX/_Effects/Fire/No Smoke/WFX_GazFire (No Smoke).prefab using Guid(ce4491e862939974997f1e487c3ea84b) Importer(2089858483,192608db42251d675da83286b1cce702) (ScriptedImporter) -> (artifact id: 'b62f9f5284431ac886294733af6f9ec1') in 0.0259733 seconds
Number of updated asset objects reloaded before import = 0Number of asset objects unloaded after import = 11

========================================================================
Received Import Request.
  Time since last request: 0.000063 seconds.
  path: Assets/FIRE_MUZ/WarFX/_Effects (Mobile)/Fire/Black Smoke/WFXMR_Fire Natural Broad (Black Smoke).prefab
  artifactKey: Guid(fb98c59db5f557e42917111512376ab7) Importer(2089858483,192608db42251d675da83286b1cce702)
Start importing Assets/FIRE_MUZ/WarFX/_Effects (Mobile)/Fire/Black Smoke/WFXMR_Fire Natural Broad (Black Smoke).prefab using Guid(fb98c59db5f557e42917111512376ab7) Importer(2089858483,192608db42251d675da83286b1cce702) (ScriptedImporter) -> (artifact id: 'bcb18880a561e054598c97968b588512') in 0.0291391 seconds
Number of updated asset objects reloaded before import = 0Number of asset objects unloaded after import = 15

========================================================================
Received Import Request.
  Time since last request: 0.000016 seconds.
  path: Assets/FIRE_MUZ/WarFX/Mobile/Textures/MuzzleFlashes/WFXM_T_MF Sparks RIFLE3 A8.tga
  artifactKey: Guid(c07b27fb95623dd4db154ece46390112) Importer(2089858483,192608db42251d675da83286b1cce702)
Start importing Assets/FIRE_MUZ/WarFX/Mobile/Textures/MuzzleFlashes/WFXM_T_MF Sparks RIFLE3 A8.tga using Guid(c07b27fb95623dd4db154ece46390112) Importer(2089858483,192608db42251d675da83286b1cce702) (ScriptedImporter) -> (artifact id: '9e7c4bbffc3b9e5c099598c06f530774') in 0.0074693 seconds
Number of updated asset objects reloaded before import = 0Number of asset objects unloaded after import = 1

========================================================================
Received Import Request.
  Time since last request: 0.000226 seconds.
  path: Assets/FIRE_MUZ/WarFX/Mobile/Materials/Impacts/WFXM_M_Impact Debris.mat
  artifactKey: Guid(bf3dd7130b0aa7a4e93821e6e0a15b6d) Importer(2089858483,192608db42251d675da83286b1cce702)
Start importing Assets/FIRE_MUZ/WarFX/Mobile/Materials/Impacts/WFXM_M_Impact Debris.mat using Guid(bf3dd7130b0aa7a4e93821e6e0a15b6d) Importer(2089858483,192608db42251d675da83286b1cce702) (ScriptedImporter) -> (artifact id: 'b68b95edbe9319756f1f850816895fbb') in 0.0057401 seconds
Number of updated asset objects reloaded before import = 0Number of asset objects unloaded after import = 2

========================================================================
Received Import Request.
  Time since last request: 0.000049 seconds.
  path: Assets/FIRE_MUZ/WarFX/Mobile/Materials/Smoke/WFXM_M_SmokeGrenade AB.mat
  artifactKey: Guid(1cbcc6eff0861c54fae4adca29238f73) Importer(2089858483,192608db42251d675da83286b1cce702)
Start importing Assets/FIRE_MUZ/WarFX/Mobile/Materials/Smoke/WFXM_M_SmokeGrenade AB.mat using Guid(1cbcc6eff0861c54fae4adca29238f73) Importer(2089858483,192608db42251d675da83286b1cce702) (ScriptedImporter) -> (artifact id: 'a5ac7298fbc91f822f377b555e63b740') in 0.0044704 seconds
Number of updated asset objects reloaded before import = 0Number of asset objects unloaded after import = 2

========================================================================
Received Import Request.
  Time since last request: 0.000034 seconds.
  path: Assets/FIRE_MUZ/WarFX/Desktop/Materials/Impacts/WFX_M_Impact Debris.mat
  artifactKey: Guid(dcc19ce42d48d6648a4d66911790b60f) Importer(2089858483,192608db42251d675da83286b1cce702)
Start importing Assets/FIRE_MUZ/WarFX/Desktop/Materials/Impacts/WFX_M_Impact Debris.mat using Guid(dcc19ce42d48d6648a4d66911790b60f) Importer(2089858483,192608db42251d675da83286b1cce702) (ScriptedImporter) -> (artifact id: '403ef6bc8fc5027bf4c8d2e94c9d5bc4') in 0.0094143 seconds
Number of updated asset objects reloaded before import = 0Number of asset objects unloaded after import = 2

========================================================================
Received Import Request.
  Time since last request: 0.000064 seconds.
  path: Assets/FIRE_MUZ/WarFX/_Effects/Fire/No Smoke/WFX_Fire Natural Broad (No Smoke).prefab
  artifactKey: Guid(cfa5cd38b0eeb5d45aafdbe57871168c) Importer(2089858483,192608db42251d675da83286b1cce702)
Start importing Assets/FIRE_MUZ/WarFX/_Effects/Fire/No Smoke/WFX_Fire Natural Broad (No Smoke).prefab using Guid(cfa5cd38b0eeb5d45aafdbe57871168c) Importer(2089858483,192608db42251d675da83286b1cce702) (ScriptedImporter) -> (artifact id: '2e761446aea8d40f92e4f0089ef9693c') in 0.0237065 seconds
Number of updated asset objects reloaded before import = 0Number of asset objects unloaded after import = 11

========================================================================
Received Import Request.
  Time since last request: 0.023105 seconds.
  path: Assets/FIRE_MUZ/WarFX/_Effects (Mobile)/MuzzleFlashes/FPS/WFXMR_MF FPS RIFLE3.prefab
  artifactKey: Guid(eb8c772b30f37864d80bd845f739aa6c) Importer(2089858483,192608db42251d675da83286b1cce702)
Start importing Assets/FIRE_MUZ/WarFX/_Effects (Mobile)/MuzzleFlashes/FPS/WFXMR_MF FPS RIFLE3.prefab using Guid(eb8c772b30f37864d80bd845f739aa6c) Importer(2089858483,192608db42251d675da83286b1cce702) (ScriptedImporter) -> (artifact id: 'abbabba01d663777341aef4cc8ab6352') in 0.0235057 seconds
Number of updated asset objects reloaded before import = 0Number of asset objects unloaded after import = 18

========================================================================
Received Import Request.
  Time since last request: 0.000013 seconds.
  path: Assets/FIRE_MUZ/WarFX/_Effects (Mobile)/Smoke/Color Variants/WFXMR_SmokeGrenade Red.prefab
  artifactKey: Guid(c9a6612ebe4f6694c9eebdd49f24fe3f) Importer(2089858483,192608db42251d675da83286b1cce702)
Start importing Assets/FIRE_MUZ/WarFX/_Effects (Mobile)/Smoke/Color Variants/WFXMR_SmokeGrenade Red.prefab using Guid(c9a6612ebe4f6694c9eebdd49f24fe3f) Importer(2089858483,192608db42251d675da83286b1cce702) (ScriptedImporter) -> (artifact id: 'ac4e822d9c620df8c508b931071c760f') in 0.0267878 seconds
Number of updated asset objects reloaded before import = 0Number of asset objects unloaded after import = 11

========================================================================
Received Import Request.
  Time since last request: 0.000020 seconds.
  path: Assets/Samples/XR Interaction Toolkit/3.0.8/Hands Interaction Demo/HandsDemoSceneAssets/Affordances/LargeScale.asset
  artifactKey: Guid(d47a7e28eb1851943b2b99ded7acba3b) Importer(2089858483,192608db42251d675da83286b1cce702)
Start importing Assets/Samples/XR Interaction Toolkit/3.0.8/Hands Interaction Demo/HandsDemoSceneAssets/Affordances/LargeScale.asset using Guid(d47a7e28eb1851943b2b99ded7acba3b) Importer(2089858483,192608db42251d675da83286b1cce702) (ScriptedImporter) -> (artifact id: '75b5ebcd9c7d0a33336c73d4800f7d07') in 0.0065097 seconds
Number of updated asset objects reloaded before import = 0Number of asset objects unloaded after import = 1

========================================================================
Received Import Request.
  Time since last request: 0.000063 seconds.
  path: Assets/Samples/XR Interaction Toolkit/3.0.8/Hands Interaction Demo/HandsDemoSceneAssets/Prefabs/SimpleSocketShape.prefab
  artifactKey: Guid(d81193b4b57486b46b4762e8b26d2de8) Importer(2089858483,192608db42251d675da83286b1cce702)
Start importing Assets/Samples/XR Interaction Toolkit/3.0.8/Hands Interaction Demo/HandsDemoSceneAssets/Prefabs/SimpleSocketShape.prefab using Guid(d81193b4b57486b46b4762e8b26d2de8) Importer(2089858483,192608db42251d675da83286b1cce702) (ScriptedImporter) -> (artifact id: '0046f1cf7231c02b6344b0a37d50438c') in 0.0462505 seconds
Number of updated asset objects reloaded before import = 0Number of asset objects unloaded after import = 29

========================================================================
Received Import Request.
  Time since last request: 0.000014 seconds.
  path: Assets/Samples/XR Interaction Toolkit/3.0.8/Hands Interaction Demo/Shaders/Subgraphs/FadeFromCenter.shadersubgraph
  artifactKey: Guid(42ba907d16ca12e4ea44090883108545) Importer(2089858483,192608db42251d675da83286b1cce702)
Start importing Assets/Samples/XR Interaction Toolkit/3.0.8/Hands Interaction Demo/Shaders/Subgraphs/FadeFromCenter.shadersubgraph using Guid(42ba907d16ca12e4ea44090883108545) Importer(2089858483,192608db42251d675da83286b1cce702) (ScriptedImporter) -> (artifact id: '3b4ab41e9cf2bcd3c3f73c79f7dd27e2') in 0.0108314 seconds
Number of updated asset objects reloaded before import = 0Number of asset objects unloaded after import = 1

========================================================================
Received Import Request.
  Time since last request: 0.000163 seconds.
  path: Assets/Samples/XR Interaction Toolkit/3.0.8/Starter Assets/DemoSceneAssets/Prefabs/Interactables Sample.prefab
  artifactKey: Guid(6821e1b7f44d8c44b8a2ba02f37309d5) Importer(2089858483,192608db42251d675da83286b1cce702)
Start importing Assets/Samples/XR Interaction Toolkit/3.0.8/Starter Assets/DemoSceneAssets/Prefabs/Interactables Sample.prefab using Guid(6821e1b7f44d8c44b8a2ba02f37309d5) Importer(2089858483,192608db42251d675da83286b1cce702) (ScriptedImporter) -> (artifact id: 'daafb38508346a3b4b4541b53d9327f2') in 0.0070583 seconds
Number of updated asset objects reloaded before import = 0Number of asset objects unloaded after import = 62

========================================================================
Received Import Request.
  Time since last request: 0.000013 seconds.
  path: Assets/Samples/XR Interaction Toolkit/3.0.8/Hands Interaction Demo/Prefabs/HandInteractorAffordances.prefab
  artifactKey: Guid(67c52e745f2766644ba16bfb165e2659) Importer(2089858483,192608db42251d675da83286b1cce702)
Start importing Assets/Samples/XR Interaction Toolkit/3.0.8/Hands Interaction Demo/Prefabs/HandInteractorAffordances.prefab using Guid(67c52e745f2766644ba16bfb165e2659) Importer(2089858483,192608db42251d675da83286b1cce702) (ScriptedImporter) -> (artifact id: '123c7a95cbabe72b7e56b5b66448780d') in 0.0314971 seconds
Number of updated asset objects reloaded before import = 0Number of asset objects unloaded after import = 11

========================================================================
Received Import Request.
  Time since last request: 0.000240 seconds.
  path: Assets/Samples/XR Interaction Toolkit/3.0.8/Hands Interaction Demo/DatumPresets/Menu Hands Follow Preset.asset
  artifactKey: Guid(15088c60ea1e00448a95ebaef96316da) Importer(2089858483,192608db42251d675da83286b1cce702)
Start importing Assets/Samples/XR Interaction Toolkit/3.0.8/Hands Interaction Demo/DatumPresets/Menu Hands Follow Preset.asset using Guid(15088c60ea1e00448a95ebaef96316da) Importer(2089858483,192608db42251d675da83286b1cce702) (ScriptedImporter) -> (artifact id: '4d0359fecc2147f823ca3d0416127660') in 0.0068755 seconds
Number of updated asset objects reloaded before import = 0Number of asset objects unloaded after import = 1

========================================================================
Received Import Request.
  Time since last request: 0.000056 seconds.
  path: Assets/Samples/XR Interaction Toolkit/3.0.8/Starter Assets/Shaders/Unlit_Fresnel.shadergraph
  artifactKey: Guid(e19b5bb6cb8e91e43b1b5d81a069296f) Importer(2089858483,192608db42251d675da83286b1cce702)
Start importing Assets/Samples/XR Interaction Toolkit/3.0.8/Starter Assets/Shaders/Unlit_Fresnel.shadergraph using Guid(e19b5bb6cb8e91e43b1b5d81a069296f) Importer(2089858483,192608db42251d675da83286b1cce702) (ScriptedImporter) -> (artifact id: 'c85dd8f88639d150a504fdb54386c23e') in 0.1737409 seconds
Number of updated asset objects reloaded before import = 0Number of asset objects unloaded after import = 3

========================================================================
Received Import Request.
  Time since last request: 0.000017 seconds.
  path: Assets/Samples/XR Interaction Toolkit/3.0.8/Hands Interaction Demo/Shaders/Unity_Hand_Noise.shadergraph
  artifactKey: Guid(89a6790c28795dd4987bb267c3d05338) Importer(2089858483,192608db42251d675da83286b1cce702)
Start importing Assets/Samples/XR Interaction Toolkit/3.0.8/Hands Interaction Demo/Shaders/Unity_Hand_Noise.shadergraph using Guid(89a6790c28795dd4987bb267c3d05338) Importer(2089858483,192608db42251d675da83286b1cce702) (ScriptedImporter) -> (artifact id: 'c4b5ca4f2232e663534192f7181e06d7') in 0.170248 seconds
Number of updated asset objects reloaded before import = 0Number of asset objects unloaded after import = 4

========================================================================
Received Import Request.
  Time since last request: 0.000023 seconds.
  path: Assets/Samples/XR Interaction Toolkit/3.0.8/Starter Assets/DemoSceneAssets/Sprites/Circle_60x60_Horizontal.png
  artifactKey: Guid(e45f8f823c093d941855bb23b53b9414) Importer(2089858483,192608db42251d675da83286b1cce702)
Start importing Assets/Samples/XR Interaction Toolkit/3.0.8/Starter Assets/DemoSceneAssets/Sprites/Circle_60x60_Horizontal.png using Guid(e45f8f823c093d941855bb23b53b9414) Importer(2089858483,192608db42251d675da83286b1cce702) (ScriptedImporter) -> (artifact id: '8b8e0448b8004c0e79bb850f77356172') in 0.0079772 seconds
Number of updated asset objects reloaded before import = 0Number of asset objects unloaded after import = 3

========================================================================
Received Import Request.
  Time since last request: 0.000093 seconds.
  path: Assets/Samples/XR Interaction Toolkit/3.0.8/Starter Assets/DemoSceneAssets/Prefabs/Teleport/Snap Teleport Anchor.prefab
  artifactKey: Guid(037ba65d346be2a48ad006b9a9a3873e) Importer(2089858483,192608db42251d675da83286b1cce702)
Start importing Assets/Samples/XR Interaction Toolkit/3.0.8/Starter Assets/DemoSceneAssets/Prefabs/Teleport/Snap Teleport Anchor.prefab using Guid(037ba65d346be2a48ad006b9a9a3873e) Importer(2089858483,192608db42251d675da83286b1cce702) (ScriptedImporter) -> (artifact id: 'd2d0671891c86c8936dc1fbd1fc1c687') in 0.0238188 seconds
Number of updated asset objects reloaded before import = 0Number of asset objects unloaded after import = 37

========================================================================
Received Import Request.
  Time since last request: 0.000039 seconds.
  path: Assets/Samples/XR Interaction Toolkit/3.0.8/Starter Assets/DemoSceneAssets/Prefabs/Interactables/Blaser-Long.prefab
  artifactKey: Guid(fe7fcf44eedd467489de26ce92577bc3) Importer(2089858483,192608db42251d675da83286b1cce702)
Start importing Assets/Samples/XR Interaction Toolkit/3.0.8/Starter Assets/DemoSceneAssets/Prefabs/Interactables/Blaser-Long.prefab using Guid(fe7fcf44eedd467489de26ce92577bc3) Importer(2089858483,192608db42251d675da83286b1cce702) (ScriptedImporter) -> (artifact id: '6ac5615c28dbee3af3b4544ab8078b15') in 0.020876 seconds
Number of updated asset objects reloaded before import = 0Number of asset objects unloaded after import = 33

========================================================================
Received Import Request.
  Time since last request: 0.000017 seconds.
  path: Assets/Samples/XR Interaction Toolkit/3.0.8/XR Device Simulator/UI/General/Look.png
  artifactKey: Guid(5410adf0b914f49438506b7dd0022773) Importer(2089858483,192608db42251d675da83286b1cce702)
Start importing Assets/Samples/XR Interaction Toolkit/3.0.8/XR Device Simulator/UI/General/Look.png using Guid(5410adf0b914f49438506b7dd0022773) Importer(2089858483,192608db42251d675da83286b1cce702) (ScriptedImporter) -> (artifact id: 'b2e460d1293b5ff720625dbeb02a38e3') in 0.0072231 seconds
Number of updated asset objects reloaded before import = 0Number of asset objects unloaded after import = 3

========================================================================
Received Import Request.
  Time since last request: 0.000019 seconds.
  path: Assets/Samples/XR Interaction Toolkit/3.0.8/Starter Assets/DemoSceneAssets/Textures/Concrete_Albedo.tif
  artifactKey: Guid(5a327724a94a9674a8a93e6b4e9a6eee) Importer(2089858483,192608db42251d675da83286b1cce702)
Start importing Assets/Samples/XR Interaction Toolkit/3.0.8/Starter Assets/DemoSceneAssets/Textures/Concrete_Albedo.tif using Guid(5a327724a94a9674a8a93e6b4e9a6eee) Importer(2089858483,192608db42251d675da83286b1cce702) (ScriptedImporter) -> (artifact id: '2a3ab3a27c0c83d012560fbf4ac98aca') in 0.0083847 seconds
Number of updated asset objects reloaded before import = 0Number of asset objects unloaded after import = 1

========================================================================
Received Import Request.
  Time since last request: 0.000138 seconds.
  path: Assets/Samples/XR Interaction Toolkit/3.0.8/Starter Assets/Prefabs/Controllers/XR Controller Left.prefab
  artifactKey: Guid(1392f805216c47742996d4742c80721c) Importer(2089858483,192608db42251d675da83286b1cce702)
Start importing Assets/Samples/XR Interaction Toolkit/3.0.8/Starter Assets/Prefabs/Controllers/XR Controller Left.prefab using Guid(1392f805216c47742996d4742c80721c) Importer(2089858483,192608db42251d675da83286b1cce702) (ScriptedImporter) -> (artifact id: '45a6c9075acd2a6bfe294ecfb611a593') in 0.0179898 seconds
Number of updated asset objects reloaded before import = 0Number of asset objects unloaded after import = 59

========================================================================
Received Import Request.
  Time since last request: 0.000014 seconds.
  path: Assets/Samples/XR Interaction Toolkit/3.0.8/XR Device Simulator/UI/Hands/hand.png
  artifactKey: Guid(290d158031622c645aa55f8bd981be12) Importer(2089858483,192608db42251d675da83286b1cce702)
Start importing Assets/Samples/XR Interaction Toolkit/3.0.8/XR Device Simulator/UI/Hands/hand.png using Guid(290d158031622c645aa55f8bd981be12) Importer(2089858483,192608db42251d675da83286b1cce702) (ScriptedImporter) -> (artifact id: '835ee3f3f91856302b76f1b0fcd955e9') in 0.0070392 seconds
Number of updated asset objects reloaded before import = 0Number of asset objects unloaded after import = 3

========================================================================
Received Import Request.
  Time since last request: 0.000016 seconds.
  path: Assets/Samples/XR Interaction Toolkit/3.0.8/XR Device Simulator/UI/Mouse/MouseR_d.png
  artifactKey: Guid(308cc8b73722e43eab64c228a76560a6) Importer(2089858483,192608db42251d675da83286b1cce702)
Start importing Assets/Samples/XR Interaction Toolkit/3.0.8/XR Device Simulator/UI/Mouse/MouseR_d.png using Guid(308cc8b73722e43eab64c228a76560a6) Importer(2089858483,192608db42251d675da83286b1cce702) (ScriptedImporter) -> (artifact id: '49acf431c85826797e713261bb792392') in 0.008745 seconds
Number of updated asset objects reloaded before import = 0Number of asset objects unloaded after import = 3

========================================================================
Received Import Request.
  Time since last request: 0.000041 seconds.
  path: Assets/Samples/XR Interaction Toolkit/3.0.8/XR Device Simulator/UI/HeadDevice/XR.png
  artifactKey: Guid(0265e2b6afccd49de9c1f0b3a1fb4285) Importer(2089858483,192608db42251d675da83286b1cce702)
Start importing Assets/Samples/XR Interaction Toolkit/3.0.8/XR Device Simulator/UI/HeadDevice/XR.png using Guid(0265e2b6afccd49de9c1f0b3a1fb4285) Importer(2089858483,192608db42251d675da83286b1cce702) (ScriptedImporter) -> (artifact id: '85dfc19cbe63c566144ab0ff48a6f3ec') in 0.0111858 seconds
Number of updated asset objects reloaded before import = 0Number of asset objects unloaded after import = 3

========================================================================
Received Import Request.
  Time since last request: 0.000014 seconds.
  path: Assets/Samples/XR Hands/1.5.1/HandVisualizer/Models/RightHand.fbx
  artifactKey: Guid(56186ccf27ad7864681108ed88349071) Importer(2089858483,192608db42251d675da83286b1cce702)
Start importing Assets/Samples/XR Hands/1.5.1/HandVisualizer/Models/RightHand.fbx using Guid(56186ccf27ad7864681108ed88349071) Importer(2089858483,192608db42251d675da83286b1cce702) (ScriptedImporter) -> (artifact id: '23e8a319316f0714b0ded4ad9d66f0ee') in 0.0079773 seconds
Number of updated asset objects reloaded before import = 0Number of asset objects unloaded after import = 60

========================================================================
Received Import Request.
  Time since last request: 0.000014 seconds.
  path: Assets/Samples/XR Interaction Toolkit/3.0.8/Hands Interaction Demo/HandsDemoSceneAssets/Prefabs/UI/ScrollHandMenu.prefab
  artifactKey: Guid(30194602712a0eb4980318e2379d1bb8) Importer(2089858483,192608db42251d675da83286b1cce702)
Start importing Assets/Samples/XR Interaction Toolkit/3.0.8/Hands Interaction Demo/HandsDemoSceneAssets/Prefabs/UI/ScrollHandMenu.prefab using Guid(30194602712a0eb4980318e2379d1bb8) Importer(2089858483,192608db42251d675da83286b1cce702) (ScriptedImporter) -> (artifact id: 'aca4fb2ee9dc3df240f2bbf9725309f3') in 0.0249356 seconds
Number of updated asset objects reloaded before import = 0Number of asset objects unloaded after import = 243

========================================================================
Received Import Request.
  Time since last request: 0.000019 seconds.
  path: Assets/Samples/XR Interaction Toolkit/3.0.8/Starter Assets/DemoSceneAssets/Prefabs/InteractionAffordance.prefab
  artifactKey: Guid(eb9104ef66b7305468adb3697fdeed5e) Importer(2089858483,192608db42251d675da83286b1cce702)
Start importing Assets/Samples/XR Interaction Toolkit/3.0.8/Starter Assets/DemoSceneAssets/Prefabs/InteractionAffordance.prefab using Guid(eb9104ef66b7305468adb3697fdeed5e) Importer(2089858483,192608db42251d675da83286b1cce702) (ScriptedImporter) -> (artifact id: 'fc638e17019dffb985864935fd240796') in 0.0105584 seconds
Number of updated asset objects reloaded before import = 0Number of asset objects unloaded after import = 10

========================================================================
Received Import Request.
  Time since last request: 0.000164 seconds.
  path: Assets/Samples/XR Interaction Toolkit/3.0.8/Hands Interaction Demo/HandsDemoSceneAssets/Materials/RPMaterialHandler.asset
  artifactKey: Guid(84966892245e3a742b5a7a3e6d830f34) Importer(2089858483,192608db42251d675da83286b1cce702)
Start importing Assets/Samples/XR Interaction Toolkit/3.0.8/Hands Interaction Demo/HandsDemoSceneAssets/Materials/RPMaterialHandler.asset using Guid(84966892245e3a742b5a7a3e6d830f34) Importer(2089858483,192608db42251d675da83286b1cce702) (ScriptedImporter) -> (artifact id: 'f670d20ec992a7751dce145288684021') in 0.0116163 seconds
Number of updated asset objects reloaded before import = 0Number of asset objects unloaded after import = 9

========================================================================
Received Import Request.
  Time since last request: 0.000013 seconds.
  path: Assets/Samples/XR Interaction Toolkit/3.0.8/Hands Interaction Demo/Scripts/OneEuroFilterVector3.cs
  artifactKey: Guid(8cf24614c456bc04c9adb820d19e35c5) Importer(2089858483,192608db42251d675da83286b1cce702)
Start importing Assets/Samples/XR Interaction Toolkit/3.0.8/Hands Interaction Demo/Scripts/OneEuroFilterVector3.cs using Guid(8cf24614c456bc04c9adb820d19e35c5) Importer(2089858483,192608db42251d675da83286b1cce702) (ScriptedImporter) -> (artifact id: '626b252a82f119e0e017b6f819038870') in 0.0028162 seconds
Number of updated asset objects reloaded before import = 0Number of asset objects unloaded after import = 0

========================================================================
Received Import Request.
  Time since last request: 0.000102 seconds.
  path: Assets/Samples/XR Interaction Toolkit/3.0.8/Starter Assets/Materials/Controller_White.mat
  artifactKey: Guid(9f12d299d16099343a3c5c0d7285822a) Importer(2089858483,192608db42251d675da83286b1cce702)
Start importing Assets/Samples/XR Interaction Toolkit/3.0.8/Starter Assets/Materials/Controller_White.mat using Guid(9f12d299d16099343a3c5c0d7285822a) Importer(2089858483,192608db42251d675da83286b1cce702) (ScriptedImporter) -> (artifact id: '1f56c1b16f53817b3259b3692c69035d') in 0.0367128 seconds
Number of updated asset objects reloaded before import = 0Number of asset objects unloaded after import = 2

========================================================================
Received Import Request.
  Time since last request: 0.000449 seconds.
  path: Assets/Samples/XR Interaction Toolkit/3.0.8/Hands Interaction Demo/DatumPresets/Under Watch Hands Follow Preset.asset
  artifactKey: Guid(5c3063cefe11749438f60126cef83288) Importer(2089858483,192608db42251d675da83286b1cce702)
Start importing Assets/Samples/XR Interaction Toolkit/3.0.8/Hands Interaction Demo/DatumPresets/Under Watch Hands Follow Preset.asset using Guid(5c3063cefe11749438f60126cef83288) Importer(2089858483,192608db42251d675da83286b1cce702) (ScriptedImporter) -> (artifact id: '4ee53d31db5a2fd5d6ab1d00c60f4e41') in 0.0041482 seconds
Number of updated asset objects reloaded before import = 0Number of asset objects unloaded after import = 1

========================================================================
Received Import Request.
  Time since last request: 0.000012 seconds.
  path: Assets/Samples/XR Interaction Toolkit/3.0.8/Hands Interaction Demo/HandsDemoSceneAssets/Prefabs/Disc.prefab
  artifactKey: Guid(54a010e086d816242aedcc5be9e8b1b5) Importer(2089858483,192608db42251d675da83286b1cce702)
Start importing Assets/Samples/XR Interaction Toolkit/3.0.8/Hands Interaction Demo/HandsDemoSceneAssets/Prefabs/Disc.prefab using Guid(54a010e086d816242aedcc5be9e8b1b5) Importer(2089858483,192608db42251d675da83286b1cce702) (ScriptedImporter) -> (artifact id: 'b868b065f326ef89dd9cc1a2a2d0c3fa') in 0.0130069 seconds
Number of updated asset objects reloaded before import = 0Number of asset objects unloaded after import = 29

========================================================================
Received Import Request.
  Time since last request: 0.000016 seconds.
  path: Assets/Samples/XR Interaction Toolkit/3.0.8/Starter Assets/DemoSceneAssets/Materials/MaterialPipelineHandler.asset
  artifactKey: Guid(fcbe69f7b69204d43b67d30e2487c37c) Importer(2089858483,192608db42251d675da83286b1cce702)
Start importing Assets/Samples/XR Interaction Toolkit/3.0.8/Starter Assets/DemoSceneAssets/Materials/MaterialPipelineHandler.asset using Guid(fcbe69f7b69204d43b67d30e2487c37c) Importer(2089858483,192608db42251d675da83286b1cce702) (ScriptedImporter) -> (artifact id: 'e4bab629beb22b54cdfde557d4166ed4') in 0.0061374 seconds
Number of updated asset objects reloaded before import = 0Number of asset objects unloaded after import = 5

========================================================================
Received Import Request.
  Time since last request: 0.000077 seconds.
  path: Assets/Samples/XR Interaction Toolkit/3.0.8/XR Device Simulator/UI/Hands/Hand_Poke.png
  artifactKey: Guid(a2586e6b399337f409118c79273dc29d) Importer(2089858483,192608db42251d675da83286b1cce702)
Start importing Assets/Samples/XR Interaction Toolkit/3.0.8/XR Device Simulator/UI/Hands/Hand_Poke.png using Guid(a2586e6b399337f409118c79273dc29d) Importer(2089858483,192608db42251d675da83286b1cce702) (ScriptedImporter) -> (artifact id: '0aca5197d1e90753176461de79a0a0dc') in 0.0136026 seconds
Number of updated asset objects reloaded before import = 0Number of asset objects unloaded after import = 3

========================================================================
Received Import Request.
  Time since last request: 0.000018 seconds.
  path: Assets/Samples/XR Interaction Toolkit/3.0.8/Hands Interaction Demo/Shaders/DepthOnly.shader
  artifactKey: Guid(3ff7faa3aa8991a4eb1a459f880a75a6) Importer(2089858483,192608db42251d675da83286b1cce702)
Start importing Assets/Samples/XR Interaction Toolkit/3.0.8/Hands Interaction Demo/Shaders/DepthOnly.shader using Guid(3ff7faa3aa8991a4eb1a459f880a75a6) Importer(2089858483,192608db42251d675da83286b1cce702) (ScriptedImporter) -> (artifact id: '299e5246fc493d60ea6adf1de94b5d63') in 0.0044284 seconds
Number of updated asset objects reloaded before import = 0Number of asset objects unloaded after import = 1

========================================================================
Received Import Request.
  Time since last request: 0.000496 seconds.
  path: Assets/Samples/XR Interaction Toolkit/3.0.8/Starter Assets/Scripts/TeleportVolumeAnchorAffordanceStateLink.cs
  artifactKey: Guid(7da98a0edd844d83b9b4de3f91de030c) Importer(2089858483,192608db42251d675da83286b1cce702)
Start importing Assets/Samples/XR Interaction Toolkit/3.0.8/Starter Assets/Scripts/TeleportVolumeAnchorAffordanceStateLink.cs using Guid(7da98a0edd844d83b9b4de3f91de030c) Importer(2089858483,192608db42251d675da83286b1cce702) (ScriptedImporter) -> (artifact id: '069cd731f071af8db6fcbd6e38c84ee4') in 0.0038929 seconds
Number of updated asset objects reloaded before import = 0Number of asset objects unloaded after import = 0

========================================================================
Received Import Request.
  Time since last request: 0.000320 seconds.
  path: Assets/Samples/XR Interaction Toolkit/3.0.8/Starter Assets/DemoSceneAssets/Prefabs/Climb/Multi Floor Ladder.prefab
  artifactKey: Guid(652585f331bff7e44afb8fe71ec2119f) Importer(2089858483,192608db42251d675da83286b1cce702)
Start importing Assets/Samples/XR Interaction Toolkit/3.0.8/Starter Assets/DemoSceneAssets/Prefabs/Climb/Multi Floor Ladder.prefab using Guid(652585f331bff7e44afb8fe71ec2119f) Importer(2089858483,192608db42251d675da83286b1cce702) (ScriptedImporter) -> (artifact id: '8dfbc5a9b979c091275b8854813a167e') in 0.0186147 seconds
Number of updated asset objects reloaded before import = 0Number of asset objects unloaded after import = 292

========================================================================
Received Import Request.
  Time since last request: 0.000016 seconds.
  path: Assets/Samples/XR Interaction Toolkit/3.0.8/Starter Assets/Scripts/RotationAxisLockGrabTransformer.cs
  artifactKey: Guid(4dd2e41114c62b44fbd334ca5b314352) Importer(2089858483,192608db42251d675da83286b1cce702)
Start importing Assets/Samples/XR Interaction Toolkit/3.0.8/Starter Assets/Scripts/RotationAxisLockGrabTransformer.cs using Guid(4dd2e41114c62b44fbd334ca5b314352) Importer(2089858483,192608db42251d675da83286b1cce702) (ScriptedImporter) -> (artifact id: '7630a8d12d3b00dd3214d173fe648e9f') in 0.0029606 seconds
Number of updated asset objects reloaded before import = 0Number of asset objects unloaded after import = 0

========================================================================
Received Import Request.
  Time since last request: 0.000320 seconds.
  path: Assets/Samples/XR Interaction Toolkit/3.0.8/XR Device Simulator/UI/General/OpenWindow.png
  artifactKey: Guid(633d1ace045fe402a9b307cb58251aa4) Importer(2089858483,192608db42251d675da83286b1cce702)
Start importing Assets/Samples/XR Interaction Toolkit/3.0.8/XR Device Simulator/UI/General/OpenWindow.png using Guid(633d1ace045fe402a9b307cb58251aa4) Importer(2089858483,192608db42251d675da83286b1cce702) (ScriptedImporter) -> (artifact id: '58156c74e572ceccb871a14ee0657953') in 0.0080077 seconds
Number of updated asset objects reloaded before import = 0Number of asset objects unloaded after import = 3

========================================================================
Received Import Request.
  Time since last request: 0.000078 seconds.
  path: Assets/Samples/XR Interaction Toolkit/3.0.8/Starter Assets/Materials/Interactable.mat
  artifactKey: Guid(76618f7490c40334fa7b685859587d2e) Importer(2089858483,192608db42251d675da83286b1cce702)
Start importing Assets/Samples/XR Interaction Toolkit/3.0.8/Starter Assets/Materials/Interactable.mat using Guid(76618f7490c40334fa7b685859587d2e) Importer(2089858483,192608db42251d675da83286b1cce702) (ScriptedImporter) -> (artifact id: '2dc6b5c1676d54400e671e4cd0d6e839') in 0.0046719 seconds
Number of updated asset objects reloaded before import = 0Number of asset objects unloaded after import = 1

========================================================================
Received Import Request.
  Time since last request: 0.000213 seconds.
  path: Assets/FIRE_MUZ/WarFX/_Effects (Mobile)/Smoke/Color Variants/WFXMR_SmokeGrenade AlphaBlend Blue.prefab
  artifactKey: Guid(be20c243cd4e41e429097cc9d2582925) Importer(2089858483,192608db42251d675da83286b1cce702)
Start importing Assets/FIRE_MUZ/WarFX/_Effects (Mobile)/Smoke/Color Variants/WFXMR_SmokeGrenade AlphaBlend Blue.prefab using Guid(be20c243cd4e41e429097cc9d2582925) Importer(2089858483,192608db42251d675da83286b1cce702) (ScriptedImporter) -> (artifact id: '74fc1291c2a698651eb42036a30f2577') in 0.0265007 seconds
Number of updated asset objects reloaded before import = 0Number of asset objects unloaded after import = 11

========================================================================
Received Import Request.
  Time since last request: 0.000019 seconds.
  path: Assets/Samples/XR Hands/1.5.1/HandVisualizer/Materials/Blue.mat
  artifactKey: Guid(7b26add94f09dc44fb811013f007a3aa) Importer(2089858483,192608db42251d675da83286b1cce702)
Start importing Assets/Samples/XR Hands/1.5.1/HandVisualizer/Materials/Blue.mat using Guid(7b26add94f09dc44fb811013f007a3aa) Importer(2089858483,192608db42251d675da83286b1cce702) (ScriptedImporter) -> (artifact id: '58b8583da0885015ddf4e036fe9f19ad') in 0.0038545 seconds
Number of updated asset objects reloaded before import = 0Number of asset objects unloaded after import = 1

========================================================================
Received Import Request.
  Time since last request: 0.000068 seconds.
  path: Assets/Samples/XR Interaction Toolkit/3.0.8/Starter Assets/DemoSceneAssets/Prefabs/UI/Scroll UI Sample.prefab
  artifactKey: Guid(0cbc0856f0fb8d84a81be5dea463c369) Importer(2089858483,192608db42251d675da83286b1cce702)
Start importing Assets/Samples/XR Interaction Toolkit/3.0.8/Starter Assets/DemoSceneAssets/Prefabs/UI/Scroll UI Sample.prefab using Guid(0cbc0856f0fb8d84a81be5dea463c369) Importer(2089858483,192608db42251d675da83286b1cce702) (ScriptedImporter) -> (artifact id: 'df23f3dad27a1ac0d3d05012aeab94d2') in 0.0200942 seconds
Number of updated asset objects reloaded before import = 0Number of asset objects unloaded after import = 72

========================================================================
Received Import Request.
  Time since last request: 0.000013 seconds.
  path: Assets/Samples/XR Interaction Toolkit/3.0.8/Starter Assets/Models/Primitive_Cylinder.fbx
  artifactKey: Guid(9e1dc1c14313460d872de39e35129b39) Importer(2089858483,192608db42251d675da83286b1cce702)
Start importing Assets/Samples/XR Interaction Toolkit/3.0.8/Starter Assets/Models/Primitive_Cylinder.fbx using Guid(9e1dc1c14313460d872de39e35129b39) Importer(2089858483,192608db42251d675da83286b1cce702) (ScriptedImporter) -> (artifact id: 'd6e4c032bc3dbe534b39efdc0928f5a2') in 0.0118518 seconds
Number of updated asset objects reloaded before import = 0Number of asset objects unloaded after import = 8

========================================================================
Received Import Request.
  Time since last request: 0.000082 seconds.
  path: Assets/Samples/XR Interaction Toolkit/3.0.8/Hands Interaction Demo/HandsDemoSceneAssets/Scripts/ToggleGameObject.cs
  artifactKey: Guid(646ef16ad2fbd1944b40157feffe8574) Importer(2089858483,192608db42251d675da83286b1cce702)
Start importing Assets/Samples/XR Interaction Toolkit/3.0.8/Hands Interaction Demo/HandsDemoSceneAssets/Scripts/ToggleGameObject.cs using Guid(646ef16ad2fbd1944b40157feffe8574) Importer(2089858483,192608db42251d675da83286b1cce702) (ScriptedImporter) -> (artifact id: '0e1b44e37ee5fc517e36036a784e0330') in 0.0032464 seconds
Number of updated asset objects reloaded before import = 0Number of asset objects unloaded after import = 0

========================================================================
Received Import Request.
  Time since last request: 0.000126 seconds.
  path: Assets/Samples/XR Interaction Toolkit/3.0.8/Hands Interaction Demo/HandsDemoSceneAssets/Prefabs/UI/ScrollViewItem.prefab
  artifactKey: Guid(6ef6ed42ad21b2e44bf9d63455bfebd9) Importer(2089858483,192608db42251d675da83286b1cce702)
Start importing Assets/Samples/XR Interaction Toolkit/3.0.8/Hands Interaction Demo/HandsDemoSceneAssets/Prefabs/UI/ScrollViewItem.prefab using Guid(6ef6ed42ad21b2e44bf9d63455bfebd9) Importer(2089858483,192608db42251d675da83286b1cce702) (ScriptedImporter) -> (artifact id: '288d2403c13216defa3d3f937168a3d9') in 0.0216121 seconds
Number of updated asset objects reloaded before import = 0Number of asset objects unloaded after import = 21

========================================================================
Received Import Request.
  Time since last request: 0.000015 seconds.
  path: Assets/Samples/XR Interaction Toolkit/3.0.8/Hands Interaction Demo/HandsDemoSceneAssets/Models/Chess/Chess_Pawn.fbx
  artifactKey: Guid(45b2a246bd435f74989d22078ec2752e) Importer(2089858483,192608db42251d675da83286b1cce702)
Start importing Assets/Samples/XR Interaction Toolkit/3.0.8/Hands Interaction Demo/HandsDemoSceneAssets/Models/Chess/Chess_Pawn.fbx using Guid(45b2a246bd435f74989d22078ec2752e) Importer(2089858483,192608db42251d675da83286b1cce702) (ScriptedImporter) -> (artifact id: '508cf3c4ae46d5b7c67a313816aadd82') in 0.0114912 seconds
Number of updated asset objects reloaded before import = 0Number of asset objects unloaded after import = 9

========================================================================
Received Import Request.
  Time since last request: 0.000015 seconds.
  path: Assets/Samples/XR Interaction Toolkit/3.0.8/XR Device Simulator/Scripts/XRDeviceSimulatorUI.cs
  artifactKey: Guid(e8b922481d9264546b97958b2c7cf0a0) Importer(2089858483,192608db42251d675da83286b1cce702)
Start importing Assets/Samples/XR Interaction Toolkit/3.0.8/XR Device Simulator/Scripts/XRDeviceSimulatorUI.cs using Guid(e8b922481d9264546b97958b2c7cf0a0) Importer(2089858483,192608db42251d675da83286b1cce702) (ScriptedImporter) -> (artifact id: '3fe96aa0fb1c19d09a645dea8f97dffd') in 0.0034171 seconds
Number of updated asset objects reloaded before import = 0Number of asset objects unloaded after import = 0

========================================================================
Received Import Request.
  Time since last request: 0.000196 seconds.
  path: Assets/Samples/XR Interaction Toolkit/3.0.8/XR Device Simulator/Hand Expression Captures/Pinch Expression Capture.asset
  artifactKey: Guid(d6e15a52475c2564ca7d2977fdece24a) Importer(2089858483,192608db42251d675da83286b1cce702)
Start importing Assets/Samples/XR Interaction Toolkit/3.0.8/XR Device Simulator/Hand Expression Captures/Pinch Expression Capture.asset using Guid(d6e15a52475c2564ca7d2977fdece24a) Importer(2089858483,192608db42251d675da83286b1cce702) (ScriptedImporter) -> (artifact id: '2ff25d857d476a61d5b9ac7eb501d3e0') in 0.0052456 seconds
Number of updated asset objects reloaded before import = 0Number of asset objects unloaded after import = 2

========================================================================
Received Import Request.
  Time since last request: 0.000067 seconds.
  path: Assets/Samples/XR Interaction Toolkit/3.0.8/Starter Assets/Prefabs/Interactors/Right_NearFarInteractor.prefab
  artifactKey: Guid(b200f6587d118224eba8467281481800) Importer(2089858483,192608db42251d675da83286b1cce702)
Start importing Assets/Samples/XR Interaction Toolkit/3.0.8/Starter Assets/Prefabs/Interactors/Right_NearFarInteractor.prefab using Guid(b200f6587d118224eba8467281481800) Importer(2089858483,192608db42251d675da83286b1cce702) (ScriptedImporter) -> (artifact id: '5a65b60233670f811f295b752c3154c8') in 0.0631732 seconds
Number of updated asset objects reloaded before import = 0Number of asset objects unloaded after import = 44

========================================================================
Received Import Request.
  Time since last request: 0.000131 seconds.
  path: Assets/Samples/XR Interaction Toolkit/3.0.8/Hands Interaction Demo/AffordanceThemes/FingerColor.asset
  artifactKey: Guid(ec1df508c6fb9eb45ae9f181ff6bbe82) Importer(2089858483,192608db42251d675da83286b1cce702)
Start importing Assets/Samples/XR Interaction Toolkit/3.0.8/Hands Interaction Demo/AffordanceThemes/FingerColor.asset using Guid(ec1df508c6fb9eb45ae9f181ff6bbe82) Importer(2089858483,192608db42251d675da83286b1cce702) (ScriptedImporter) -> (artifact id: '4d2389c318c1b9e98b71f75f6878695b') in 0.0042247 seconds
Number of updated asset objects reloaded before import = 0Number of asset objects unloaded after import = 1

========================================================================
Received Import Request.
  Time since last request: 0.000309 seconds.
  path: Assets/Samples/XR Hands/1.5.1/HandVisualizer/Models/LeftHandAndroidXR.fbx
  artifactKey: Guid(7eff605df5fc69141bad762b74fb9228) Importer(2089858483,192608db42251d675da83286b1cce702)
Start importing Assets/Samples/XR Hands/1.5.1/HandVisualizer/Models/LeftHandAndroidXR.fbx using Guid(7eff605df5fc69141bad762b74fb9228) Importer(2089858483,192608db42251d675da83286b1cce702) (ScriptedImporter) -> (artifact id: '3249a6b61ebe6ce918172d781160b2fe') in 0.0120893 seconds
Number of updated asset objects reloaded before import = 0Number of asset objects unloaded after import = 60

========================================================================
Received Import Request.
  Time since last request: 0.000282 seconds.
  path: Assets/Samples/XR Interaction Toolkit/3.0.8/Hands Interaction Demo/HandsDemoSceneAssets/Models/Primitives/Cone.fbx
  artifactKey: Guid(30ab630b2b7264c1c85cca8ce81b06c3) Importer(2089858483,192608db42251d675da83286b1cce702)
Start importing Assets/Samples/XR Interaction Toolkit/3.0.8/Hands Interaction Demo/HandsDemoSceneAssets/Models/Primitives/Cone.fbx using Guid(30ab630b2b7264c1c85cca8ce81b06c3) Importer(2089858483,192608db42251d675da83286b1cce702) (ScriptedImporter) -> (artifact id: '9c1765fe768e2b3426c4f33ab5894f7b') in 0.0079639 seconds
Number of updated asset objects reloaded before import = 0Number of asset objects unloaded after import = 8

========================================================================
Received Import Request.
  Time since last request: 0.000014 seconds.
  path: Assets/Samples/XR Interaction Toolkit/3.0.8/Starter Assets/DemoSceneAssets/Prefabs/Climb/Climbing Wall.prefab
  artifactKey: Guid(a0ea40bd139aedc43b0e8374d6139437) Importer(2089858483,192608db42251d675da83286b1cce702)
Start importing Assets/Samples/XR Interaction Toolkit/3.0.8/Starter Assets/DemoSceneAssets/Prefabs/Climb/Climbing Wall.prefab using Guid(a0ea40bd139aedc43b0e8374d6139437) Importer(2089858483,192608db42251d675da83286b1cce702) (ScriptedImporter) -> (artifact id: '621cf691eb77dfe3a3dba67ef1161fb2') in 0.0121404 seconds
Number of updated asset objects reloaded before import = 0Number of asset objects unloaded after import = 345

========================================================================
Received Import Request.
  Time since last request: 0.000014 seconds.
  path: Assets/Samples/XR Hands/1.5.1/HandVisualizer/Scripts/JointVisualizer.cs
  artifactKey: Guid(6e1c395ff62a3a14dbeb293298bb46bf) Importer(2089858483,192608db42251d675da83286b1cce702)
Start importing Assets/Samples/XR Hands/1.5.1/HandVisualizer/Scripts/JointVisualizer.cs using Guid(6e1c395ff62a3a14dbeb293298bb46bf) Importer(2089858483,192608db42251d675da83286b1cce702) (ScriptedImporter) -> (artifact id: '69f402c7b788a455e2dae1c18579dfad') in 0.0024516 seconds
Number of updated asset objects reloaded before import = 0Number of asset objects unloaded after import = 0

========================================================================
Received Import Request.
  Time since last request: 0.000174 seconds.
  path: Assets/Samples/XR Interaction Toolkit/3.0.8/Starter Assets/Models/BlinkVisual.fbx
  artifactKey: Guid(27b7629e54b332449bfa3a4065ffe17a) Importer(2089858483,192608db42251d675da83286b1cce702)
Start importing Assets/Samples/XR Interaction Toolkit/3.0.8/Starter Assets/Models/BlinkVisual.fbx using Guid(27b7629e54b332449bfa3a4065ffe17a) Importer(2089858483,192608db42251d675da83286b1cce702) (ScriptedImporter) -> (artifact id: 'ed9f07da9239994470d950bcd6c6c176') in 0.0107491 seconds
Number of updated asset objects reloaded before import = 0Number of asset objects unloaded after import = 8

========================================================================
Received Import Request.
  Time since last request: 0.000148 seconds.
  path: Assets/Samples/XR Interaction Toolkit/3.0.8/Hands Interaction Demo/HandsDemoSceneAssets/Affordances/BlendShapeValue.asset
  artifactKey: Guid(20eb8725b4dab864ea2bfa8ecbd4adff) Importer(2089858483,192608db42251d675da83286b1cce702)
Start importing Assets/Samples/XR Interaction Toolkit/3.0.8/Hands Interaction Demo/HandsDemoSceneAssets/Affordances/BlendShapeValue.asset using Guid(20eb8725b4dab864ea2bfa8ecbd4adff) Importer(2089858483,192608db42251d675da83286b1cce702) (ScriptedImporter) -> (artifact id: 'd9bf5b2ea6c6e268ae1b0ab7856dd8e7') in 0.0037196 seconds
Number of updated asset objects reloaded before import = 0Number of asset objects unloaded after import = 1

========================================================================
Received Import Request.
  Time since last request: 0.000119 seconds.
  path: Assets/Samples/XR Interaction Toolkit/3.0.8/XR Device Simulator/UI/ControllerDevice/ControllerLeft.png
  artifactKey: Guid(10abf1be8eef148d4aa4b96b2af7a9f0) Importer(2089858483,192608db42251d675da83286b1cce702)
Start importing Assets/Samples/XR Interaction Toolkit/3.0.8/XR Device Simulator/UI/ControllerDevice/ControllerLeft.png using Guid(10abf1be8eef148d4aa4b96b2af7a9f0) Importer(2089858483,192608db42251d675da83286b1cce702) (ScriptedImporter) -> (artifact id: 'ab3b3aa5db27bf04d170d21897494fab') in 0.0105983 seconds
Number of updated asset objects reloaded before import = 0Number of asset objects unloaded after import = 3

========================================================================
Received Import Request.
  Time since last request: 0.000024 seconds.
  path: Assets/Samples/XR Interaction Toolkit/3.0.8/Starter Assets/DemoSceneAssets/Settings/TeleportVolumeDestinationSettings.asset
  artifactKey: Guid(8d66c9762e1587643a1164368c8a2c58) Importer(2089858483,192608db42251d675da83286b1cce702)
Start importing Assets/Samples/XR Interaction Toolkit/3.0.8/Starter Assets/DemoSceneAssets/Settings/TeleportVolumeDestinationSettings.asset using Guid(8d66c9762e1587643a1164368c8a2c58) Importer(2089858483,192608db42251d675da83286b1cce702) (ScriptedImporter) -> (artifact id: '77be19954bfe905d078a38ef59c9911c') in 0.0043125 seconds
Number of updated asset objects reloaded before import = 0Number of asset objects unloaded after import = 2

========================================================================
Received Import Request.
  Time since last request: 0.000098 seconds.
  path: Assets/FIRE_MUZ/WarFX/_Effects/Bullet Impacts/+ Bullet Hole/Lit/WFX_BImpact Concrete NoCollision + Hole Lit.prefab
  artifactKey: Guid(f8860a5092fd6d143a7b3f075e204e6b) Importer(2089858483,192608db42251d675da83286b1cce702)
Start importing Assets/FIRE_MUZ/WarFX/_Effects/Bullet Impacts/+ Bullet Hole/Lit/WFX_BImpact Concrete NoCollision + Hole Lit.prefab using Guid(f8860a5092fd6d143a7b3f075e204e6b) Importer(2089858483,192608db42251d675da83286b1cce702) (ScriptedImporter) -> (artifact id: 'ef2ca562754a41e217afd5e233b5e7a4') in 0.0280897 seconds
Number of updated asset objects reloaded before import = 0Number of asset objects unloaded after import = 21

========================================================================
Received Import Request.
  Time since last request: 0.000014 seconds.
  path: Assets/Samples/XR Interaction Toolkit/3.0.8/Starter Assets/DemoSceneAssets/Prefabs/UI/Dropdown.prefab
  artifactKey: Guid(870459f1cb8d7b7428337cc5935feb67) Importer(2089858483,192608db42251d675da83286b1cce702)
Start importing Assets/Samples/XR Interaction Toolkit/3.0.8/Starter Assets/DemoSceneAssets/Prefabs/UI/Dropdown.prefab using Guid(870459f1cb8d7b7428337cc5935feb67) Importer(2089858483,192608db42251d675da83286b1cce702) (ScriptedImporter) -> (artifact id: '2dbabe474cfd03473508d3a638535645') in 0.0219919 seconds
Number of updated asset objects reloaded before import = 0Number of asset objects unloaded after import = 61

========================================================================
Received Import Request.
  Time since last request: 0.000017 seconds.
  path: Assets/FIRE_MUZ/WarFX/_Effects (Mobile)/Smoke/Color Variants/WFXMR_SmokeGrenade AlphaBlend Red.prefab
  artifactKey: Guid(eb5b3b848b5283f46b5a0a40f5ff9e22) Importer(2089858483,192608db42251d675da83286b1cce702)
Start importing Assets/FIRE_MUZ/WarFX/_Effects (Mobile)/Smoke/Color Variants/WFXMR_SmokeGrenade AlphaBlend Red.prefab using Guid(eb5b3b848b5283f46b5a0a40f5ff9e22) Importer(2089858483,192608db42251d675da83286b1cce702) (ScriptedImporter) -> (artifact id: '3a021220c3e0021827d516eecf54da6f') in 0.0229068 seconds
Number of updated asset objects reloaded before import = 0Number of asset objects unloaded after import = 11

========================================================================
Received Import Request.
  Time since last request: 0.000024 seconds.
  path: Assets/Samples/XR Interaction Toolkit/3.0.8/Hands Interaction Demo/HandsDemoSceneAssets/Prefabs/PokeButton.prefab
  artifactKey: Guid(d661f645c81f29b4aa596207971ae441) Importer(2089858483,192608db42251d675da83286b1cce702)
Start importing Assets/Samples/XR Interaction Toolkit/3.0.8/Hands Interaction Demo/HandsDemoSceneAssets/Prefabs/PokeButton.prefab using Guid(d661f645c81f29b4aa596207971ae441) Importer(2089858483,192608db42251d675da83286b1cce702) (ScriptedImporter) -> (artifact id: '51147ad27279b16e0930f50b439c3d4e') in 0.0245916 seconds
Number of updated asset objects reloaded before import = 0Number of asset objects unloaded after import = 46

========================================================================
Received Import Request.
  Time since last request: 0.000014 seconds.
  path: Assets/Samples/XR Interaction Toolkit/3.0.8/Starter Assets/Scripts/XRPokeFollowAffordance.cs
  artifactKey: Guid(07b3638c2f5db5b479ff24c2859713d4) Importer(2089858483,192608db42251d675da83286b1cce702)
Start importing Assets/Samples/XR Interaction Toolkit/3.0.8/Starter Assets/Scripts/XRPokeFollowAffordance.cs using Guid(07b3638c2f5db5b479ff24c2859713d4) Importer(2089858483,192608db42251d675da83286b1cce702) (ScriptedImporter) -> (artifact id: 'e2502d7672cedbdf770709d6f72adda7') in 0.003152 seconds
Number of updated asset objects reloaded before import = 0Number of asset objects unloaded after import = 0

========================================================================
Received Import Request.
  Time since last request: 0.000179 seconds.
  path: Assets/Samples/XR Interaction Toolkit/3.0.8/Starter Assets/Presets/XRI Default Left Controller InputActionManager.preset
  artifactKey: Guid(c3d4ecc12d5e0f14c93fd734af32ab63) Importer(2089858483,192608db42251d675da83286b1cce702)
Start importing Assets/Samples/XR Interaction Toolkit/3.0.8/Starter Assets/Presets/XRI Default Left Controller InputActionManager.preset using Guid(c3d4ecc12d5e0f14c93fd734af32ab63) Importer(2089858483,192608db42251d675da83286b1cce702) (ScriptedImporter) -> (artifact id: 'e5269aaf5ede6b1702efa966eaeb16fc') in 0.0109836 seconds
Number of updated asset objects reloaded before import = 0Number of asset objects unloaded after import = 8

Editor requested this worker to shutdown with reason: Scaling down because of idle timeout
AssetImportWorker is now disconnected from the server
Process exiting
Exiting without the bug reporter. Application will terminate with return code 0