Using pre-set license
Built from '6000.0/release' branch; Version is '6000.0.44f1 (101c91f3a8fb) revision 1055889'; Using compiler version '193933523'; Build Type 'Release'
OS: 'Windows 11  (10.0.26100) 64bit Professional' Language: 'zh' Physical Memory: 16087 MB
BatchMode: 1, IsHumanControllingUs: 0, StartBugReporterOnCrash: 0, Is64bit: 1, IsPro: 1

COMMAND LINE ARGUMENTS:
C:\Program Files\Unity\Hub\Editor\6000.0.44f1\Editor\Unity.exe
-adb2
-batchMode
-noUpm
-name
AssetImportWorker9
-projectPath
D:/VR_DOOM
-logFile
Logs/AssetImportWorker9.log
-srvPort
62575
-job-worker-count
11
-background-job-worker-count
8
-gc-helper-count
1
Successfully changed project path to: D:/VR_DOOM
D:/VR_DOOM
[UnityMemory] Configuration Parameters - Can be set up in boot.config
    "memorysetup-bucket-allocator-granularity=16"
    "memorysetup-bucket-allocator-bucket-count=8"
    "memorysetup-bucket-allocator-block-size=33554432"
    "memorysetup-bucket-allocator-block-count=8"
    "memorysetup-main-allocator-block-size=16777216"
    "memorysetup-thread-allocator-block-size=16777216"
    "memorysetup-gfx-main-allocator-block-size=16777216"
    "memorysetup-gfx-thread-allocator-block-size=16777216"
    "memorysetup-cache-allocator-block-size=4194304"
    "memorysetup-typetree-allocator-block-size=2097152"
    "memorysetup-profiler-bucket-allocator-granularity=16"
    "memorysetup-profiler-bucket-allocator-bucket-count=8"
    "memorysetup-profiler-bucket-allocator-block-size=33554432"
    "memorysetup-profiler-bucket-allocator-block-count=8"
    "memorysetup-profiler-allocator-block-size=16777216"
    "memorysetup-profiler-editor-allocator-block-size=1048576"
    "memorysetup-temp-allocator-size-main=16777216"
    "memorysetup-job-temp-allocator-block-size=2097152"
    "memorysetup-job-temp-allocator-block-size-background=1048576"
    "memorysetup-job-temp-allocator-reduction-small-platforms=262144"
    "memorysetup-allocator-temp-initial-block-size-main=262144"
    "memorysetup-allocator-temp-initial-block-size-worker=262144"
    "memorysetup-temp-allocator-size-background-worker=32768"
    "memorysetup-temp-allocator-size-job-worker=262144"
    "memorysetup-temp-allocator-size-preload-manager=33554432"
    "memorysetup-temp-allocator-size-nav-mesh-worker=65536"
    "memorysetup-temp-allocator-size-audio-worker=65536"
    "memorysetup-temp-allocator-size-cloud-worker=32768"
    "memorysetup-temp-allocator-size-gi-baking-worker=262144"
    "memorysetup-temp-allocator-size-gi-baking-worker=262144"
    "memorysetup-temp-allocator-size-gi-baking-worker=262144"
    "memorysetup-temp-allocator-size-gi-baking-worker=262144"
    "memorysetup-temp-allocator-size-gi-baking-worker=262144"
    "memorysetup-temp-allocator-size-gfx=262144"
Player connection [10044]  Target information:

Player connection [10044]  * "[IP] 172.18.144.1 [Port] 0 [Flags] 2 [Guid] 1500372259 [EditorId] 1500372259 [Version] 1048832 [Id] WindowsEditor(7,LAPTOP-ULV95APN) [Debug] 1 [PackageName] WindowsEditor [ProjectName] Editor" 

Player connection [10044]  * "[IP] 192.168.14.1 [Port] 0 [Flags] 2 [Guid] 1500372259 [EditorId] 1500372259 [Version] 1048832 [Id] WindowsEditor(7,LAPTOP-ULV95APN) [Debug] 1 [PackageName] WindowsEditor [ProjectName] Editor" 

Player connection [10044]  * "[IP] 192.168.77.1 [Port] 0 [Flags] 2 [Guid] 1500372259 [EditorId] 1500372259 [Version] 1048832 [Id] WindowsEditor(7,LAPTOP-ULV95APN) [Debug] 1 [PackageName] WindowsEditor [ProjectName] Editor" 

Player connection [10044]  * "[IP] 192.168.0.102 [Port] 0 [Flags] 2 [Guid] 1500372259 [EditorId] 1500372259 [Version] 1048832 [Id] WindowsEditor(7,LAPTOP-ULV95APN) [Debug] 1 [PackageName] WindowsEditor [ProjectName] Editor" 

Player connection [10044] Host joined multi-casting on [225.0.0.222:54997]...
Player connection [10044] Host joined alternative multi-casting on [225.0.0.222:34997]...
JobSystem: Creating JobQueue using job-worker-count value 11
Input System module state changed to: Initialized.
[Physics::Module] Initialized fallback backend.
[Physics::Module] Id: 0xdecafbad
Library Redirect Path: Library/
[Physics::Module] Selected backend.
[Physics::Module] Name: PhysX
[Physics::Module] Id: 0xf2b8ea05
[Physics::Module] SDK Version: 4.1.2
[Physics::Module] Integration Version: 1.0.0
[Physics::Module] Threading Mode: Multi-Threaded
Refreshing native plugins compatible for Editor in 8.94 ms, found 13 plugins.
Preloading 1 native plugins for Editor in 0.46 ms.
Initialize engine version: 6000.0.44f1 (101c91f3a8fb)
[Subsystems] Discovering subsystems at path C:/Program Files/Unity/Hub/Editor/6000.0.44f1/Editor/Data/Resources/UnitySubsystems
[Subsystems] Discovering subsystems at path D:/VR_DOOM/Assets
GfxDevice: creating device client; kGfxThreadingModeNonThreaded
Direct3D:
    Version:  Direct3D 11.0 [level 11.1]
    Renderer: NVIDIA GeForce RTX 4070 Laptop GPU (ID=0x2860)
    Vendor:   NVIDIA
    VRAM:     7948 MB
    Driver:   32.0.15.7649
Shader 'WFX/Transparent Diffuse': fallback shader 'Particles/Alpha Blended' not found
Shader 'WFX/Transparent Specular': fallback shader 'Particles/Alpha Blended' not found
Initialize mono
Mono path[0] = 'C:/Program Files/Unity/Hub/Editor/6000.0.44f1/Editor/Data/Managed'
Mono path[1] = 'C:/Program Files/Unity/Hub/Editor/6000.0.44f1/Editor/Data/MonoBleedingEdge/lib/mono/unityjit-win32'
Mono config path = 'C:/Program Files/Unity/Hub/Editor/6000.0.44f1/Editor/Data/MonoBleedingEdge/etc'
Using monoOptions --debugger-agent=transport=dt_socket,embedding=1,server=y,suspend=n,address=127.0.0.1:56932
Begin MonoManager ReloadAssembly
Registering precompiled unity dll's ...
Register platform support module: C:/Program Files/Unity/Hub/Editor/6000.0.44f1/Editor/Data/PlaybackEngines/WindowsStandaloneSupport/UnityEditor.WindowsStandalone.Extensions.dll
Register platform support module: C:/Program Files/Unity/Hub/Editor/6000.0.44f1/Editor/Data/PlaybackEngines/AndroidPlayer/UnityEditor.Android.Extensions.dll
Registered in 0.002570 seconds.
- Loaded All Assemblies, in  0.313 seconds
Native extension for Android target not found
Android Extension - Scanning For ADB Devices 325 ms
Native extension for WindowsStandalone target not found
Mono: successfully reloaded assembly
- Finished resetting the current domain, in  0.661 seconds
Domain Reload Profiling: 972ms
	BeginReloadAssembly (115ms)
		ExecutionOrderSort (0ms)
		DisableScriptedObjects (0ms)
		BackupInstance (0ms)
		ReleaseScriptingObjects (0ms)
		CreateAndSetChildDomain (1ms)
	RebuildCommonClasses (29ms)
	RebuildNativeTypeToScriptingClass (8ms)
	initialDomainReloadingComplete (36ms)
	LoadAllAssembliesAndSetupDomain (122ms)
		LoadAssemblies (113ms)
		RebuildTransferFunctionScriptingTraits (0ms)
		AnalyzeDomain (119ms)
			TypeCache.Refresh (118ms)
				TypeCache.ScanAssembly (107ms)
			BuildScriptInfoCaches (0ms)
			ResolveRequiredComponents (0ms)
	FinalizeReload (662ms)
		ReleaseScriptCaches (0ms)
		RebuildScriptCaches (0ms)
		SetupLoadedEditorAssemblies (625ms)
			LogAssemblyErrors (0ms)
			InitializePlatformSupportModulesInManaged (398ms)
			SetLoadedEditorAssemblies (4ms)
			BeforeProcessingInitializeOnLoad (55ms)
			ProcessInitializeOnLoadAttributes (106ms)
			ProcessInitializeOnLoadMethodAttributes (61ms)
			AfterProcessingInitializeOnLoad (0ms)
			EditorAssembliesLoaded (0ms)
		ExecutionOrderSort2 (0ms)
		AwakeInstancesAfterBackupRestoration (0ms)
========================================================================
Worker process is ready to serve import requests
Import Worker Mode flag is 0x00
Begin MonoManager ReloadAssembly
Symbol file LoadedFromMemory is not a mono symbol file
- Loaded All Assemblies, in  0.830 seconds
Refreshing native plugins compatible for Editor in 7.13 ms, found 13 plugins.
Native extension for Android target not found
Native extension for WindowsStandalone target not found
Package Manager log level set to [2]
[Package Manager] Failed to launch server process. Reason: Unity was launched with the -noUpm command-line argument
[Package Manager] Unable to send message (not connected to server process).
[Package Manager] Cannot connect to Unity Package Manager local server
System.Reflection.TargetInvocationException: Exception has been thrown by the target of an invocation. ---> System.NullReferenceException: Object reference not set to an instance of an object
  at Unity.XR.Oculus.OculusLoader.AssetPathToAbsolutePath (System.String assetPath) [0x0003d] in .\Library\PackageCache\com.unity.xr.oculus@f23ad2c521e1\Runtime\OculusLoader.cs:312 
  at Unity.XR.Oculus.OculusLoader.EditorLoadOVRPlugin () [0x0008c] in .\Library\PackageCache\com.unity.xr.oculus@f23ad2c521e1\Runtime\OculusLoader.cs:297 
  at (wrapper managed-to-native) System.Reflection.RuntimeMethodInfo.InternalInvoke(System.Reflection.RuntimeMethodInfo,object,object[],System.Exception&)
  at System.Reflection.RuntimeMethodInfo.Invoke (System.Object obj, System.Reflection.BindingFlags invokeAttr, System.Reflection.Binder binder, System.Object[] parameters, System.Globalization.CultureInfo culture) [0x0006a] in <314938d17f3848e8ac683e11b27f62ee>:0 
   --- End of inner exception stack trace ---
  at System.Reflection.RuntimeMethodInfo.Invoke (System.Object obj, System.Reflection.BindingFlags invokeAttr, System.Reflection.Binder binder, System.Object[] parameters, System.Globalization.CultureInfo culture) [0x00083] in <314938d17f3848e8ac683e11b27f62ee>:0 
  at System.Reflection.MethodBase.Invoke (System.Object obj, System.Object[] parameters) [0x00000] in <314938d17f3848e8ac683e11b27f62ee>:0 
  at UnityEditor.EditorAssemblies.ProcessInitializeOnLoadMethodAttributes () [0x00056] in <0a4d86c6e1e443e4b37da89bc22f5b9c>:0 
UnityEngine.Debug:ExtractStackTraceNoAlloc (byte*,int,string)
UnityEngine.StackTraceUtility:ExtractStackTrace ()
UnityEngine.DebugLogHandler:Internal_Log (UnityEngine.LogType,UnityEngine.LogOption,string,UnityEngine.Object)
UnityEngine.DebugLogHandler:LogFormat (UnityEngine.LogType,UnityEngine.Object,string,object[])
UnityEngine.Logger:Log (UnityEngine.LogType,object)
UnityEngine.Debug:LogError (object)
UnityEditor.EditorAssemblies:ProcessInitializeOnLoadMethodAttributes ()

[Package Manager] Failed to launch server process. Reason: Unity was launched with the -noUpm command-line argument
[Package Manager] Unable to send message (not connected to server process).
[Package Manager] Cannot connect to Unity Package Manager local server
Failed to get package versions: Cannot connect to Unity Package Manager local server
UnityEngine.Debug:ExtractStackTraceNoAlloc (byte*,int,string)
UnityEngine.StackTraceUtility:ExtractStackTrace ()
UnityEngine.DebugLogHandler:Internal_Log (UnityEngine.LogType,UnityEngine.LogOption,string,UnityEngine.Object)
UnityEngine.DebugLogHandler:LogFormat (UnityEngine.LogType,UnityEngine.Object,string,object[])
UnityEngine.Logger:Log (UnityEngine.LogType,object)
UnityEngine.Debug:LogWarning (object)
Unity.XR.CoreUtils.Editor.PackageVersionUtility:UpdatePackageVersions () (at ./Library/PackageCache/com.unity.xr.core-utils@5b282bc7378d/Editor/ProjectValidation/PackageVersionUtility.cs:59)
Unity.XR.CoreUtils.Editor.PackageVersionUtility:GetPackageVersion (string) (at ./Library/PackageCache/com.unity.xr.core-utils@5b282bc7378d/Editor/ProjectValidation/PackageVersionUtility.cs:77)
UnityEditor.XR.Interaction.Toolkit.Samples.Hands.Editor.HandsSampleProjectValidation:.cctor () (at Assets/Samples/XR Interaction Toolkit/3.0.8/Hands Interaction Demo/Editor/Scripts/HandsSampleProjectValidation.cs:34)
System.Reflection.RuntimeMethodInfo:Invoke (object,System.Reflection.BindingFlags,System.Reflection.Binder,object[],System.Globalization.CultureInfo)
System.Reflection.MethodBase:Invoke (object,object[])
UnityEditor.EditorAssemblies:ProcessInitializeOnLoadMethodAttributes ()

(Filename: ./Library/PackageCache/com.unity.xr.core-utils@5b282bc7378d/Editor/ProjectValidation/PackageVersionUtility.cs Line: 59)

[MODES] ModeService[none].Initialize
[MODES] ModeService[none].LoadModes
[MODES] Loading mode Default (0) for mode-current-id-VR_DOOM
Mono: successfully reloaded assembly
[Package Manager] Failed to launch server process. Reason: Unity was launched with the -noUpm command-line argument
[Package Manager] Unable to send message (not connected to server process).
[Package Manager] Cannot connect to Unity Package Manager local server
[Package Manager] Failed to launch server process. Reason: Unity was launched with the -noUpm command-line argument
[Package Manager] Unable to send message (not connected to server process).
[Package Manager] Cannot connect to Unity Package Manager local server
- Finished resetting the current domain, in  0.751 seconds
Domain Reload Profiling: 1578ms
	BeginReloadAssembly (168ms)
		ExecutionOrderSort (0ms)
		DisableScriptedObjects (6ms)
		BackupInstance (0ms)
		ReleaseScriptingObjects (0ms)
		CreateAndSetChildDomain (30ms)
	RebuildCommonClasses (35ms)
	RebuildNativeTypeToScriptingClass (10ms)
	initialDomainReloadingComplete (35ms)
	LoadAllAssembliesAndSetupDomain (578ms)
		LoadAssemblies (367ms)
		RebuildTransferFunctionScriptingTraits (0ms)
		AnalyzeDomain (309ms)
			TypeCache.Refresh (239ms)
				TypeCache.ScanAssembly (215ms)
			BuildScriptInfoCaches (58ms)
			ResolveRequiredComponents (8ms)
	FinalizeReload (751ms)
		ReleaseScriptCaches (0ms)
		RebuildScriptCaches (0ms)
		SetupLoadedEditorAssemblies (638ms)
			LogAssemblyErrors (0ms)
			InitializePlatformSupportModulesInManaged (9ms)
			SetLoadedEditorAssemblies (5ms)
			BeforeProcessingInitializeOnLoad (100ms)
			ProcessInitializeOnLoadAttributes (357ms)
			ProcessInitializeOnLoadMethodAttributes (161ms)
			AfterProcessingInitializeOnLoad (5ms)
			EditorAssembliesLoaded (0ms)
		ExecutionOrderSort2 (0ms)
		AwakeInstancesAfterBackupRestoration (5ms)
Shader 'WFX/Transparent Specular': fallback shader 'Particles/Alpha Blended' not found
Shader 'WFX/Transparent Diffuse': fallback shader 'Particles/Alpha Blended' not found
Launched and connected shader compiler UnityShaderCompiler.exe after 0.02 seconds
Refreshing native plugins compatible for Editor in 14.19 ms, found 13 plugins.
Preloading 1 native plugins for Editor in 0.09 ms.
Unloading 132 Unused Serialized files (Serialized files now loaded: 0)
Unloading 7067 unused Assets / (5.5 MB). Loaded Objects now: 7597.
Memory consumption went from 159.0 MB to 153.5 MB.
Total: 14.045100 ms (FindLiveObjects: 1.676100 ms CreateObjectMapping: 0.625600 ms MarkObjects: 8.056100 ms  DeleteObjects: 3.685700 ms)

========================================================================
Received Import Request.
  Time since last request: 52342.588755 seconds.
  path: Assets/MonsterMutant 7/Animations/MutantMonster2@run3.fbx
  artifactKey: Guid(f249dcb28fae30a4dbfedda9741f5cab) Importer(2089858483,192608db42251d675da83286b1cce702)
Start importing Assets/MonsterMutant 7/Animations/MutantMonster2@run3.fbx using Guid(f249dcb28fae30a4dbfedda9741f5cab) Importer(2089858483,192608db42251d675da83286b1cce702) (ScriptedImporter) -> (artifact id: '59b335166bd6519cf9756c6c28893b48') in 0.1746422 seconds
Number of updated asset objects reloaded before import = 0Number of asset objects unloaded after import = 369

========================================================================
Received Import Request.
  Time since last request: 0.000017 seconds.
  path: Assets/XR/Loaders/OpenXRLoader.asset
  artifactKey: Guid(db0ab88a35a85491396899f5043a24fc) Importer(2089858483,192608db42251d675da83286b1cce702)
Start importing Assets/XR/Loaders/OpenXRLoader.asset using Guid(db0ab88a35a85491396899f5043a24fc) Importer(2089858483,192608db42251d675da83286b1cce702) (ScriptedImporter) -> (artifact id: '0fca29e5ed17bdef91cd0dfeed513c3c') in 0.0099588 seconds
Number of updated asset objects reloaded before import = 0Number of asset objects unloaded after import = 1

========================================================================
Received Import Request.
  Time since last request: 0.000055 seconds.
  path: Assets/MonsterMutant 7/Animations/MutantMonster2@idle3.fbx
  artifactKey: Guid(fa8ed5a71a083d24f8004773acefdf0c) Importer(2089858483,192608db42251d675da83286b1cce702)
Start importing Assets/MonsterMutant 7/Animations/MutantMonster2@idle3.fbx using Guid(fa8ed5a71a083d24f8004773acefdf0c) Importer(2089858483,192608db42251d675da83286b1cce702) (ScriptedImporter) -> (artifact id: '96aead031b043e3d4e34563ced2e3a60') in 0.0131235 seconds
Number of updated asset objects reloaded before import = 0Number of asset objects unloaded after import = 369

========================================================================
Received Import Request.
  Time since last request: 0.000015 seconds.
  path: Assets/TextMesh Pro/Shaders/TMP_SDF-Mobile-2-Pass.shader
  artifactKey: Guid(0178fcb869bafef4690d177d31d17db8) Importer(2089858483,192608db42251d675da83286b1cce702)
Start importing Assets/TextMesh Pro/Shaders/TMP_SDF-Mobile-2-Pass.shader using Guid(0178fcb869bafef4690d177d31d17db8) Importer(2089858483,192608db42251d675da83286b1cce702) (ScriptedImporter) -> (artifact id: 'fd0944aad3ca25a7ea8857359200cf11') in 0.0090606 seconds
Number of updated asset objects reloaded before import = 0Number of asset objects unloaded after import = 1

========================================================================
Received Import Request.
  Time since last request: 0.000205 seconds.
  path: Assets/FIRE_MUZ/WarFX/!WarFX Readme.txt
  artifactKey: Guid(8d452a2501eaf7c47b01213988e3e5ec) Importer(2089858483,192608db42251d675da83286b1cce702)
Start importing Assets/FIRE_MUZ/WarFX/!WarFX Readme.txt using Guid(8d452a2501eaf7c47b01213988e3e5ec) Importer(2089858483,192608db42251d675da83286b1cce702) (ScriptedImporter) -> (artifact id: '5c7b20042d9276e7b0c84b5a7549f4bd') in 0.0031214 seconds
Number of updated asset objects reloaded before import = 0Number of asset objects unloaded after import = 1

========================================================================
Received Import Request.
  Time since last request: 0.000314 seconds.
  path: Assets/MonsterMutant 7/Animations/MutantMonster2@gethit3.fbx
  artifactKey: Guid(7c65a848841fbe84aaed5ae32522cf87) Importer(2089858483,192608db42251d675da83286b1cce702)
Start importing Assets/MonsterMutant 7/Animations/MutantMonster2@gethit3.fbx using Guid(7c65a848841fbe84aaed5ae32522cf87) Importer(2089858483,192608db42251d675da83286b1cce702) (ScriptedImporter) -> (artifact id: '0cc9b84ab649ad1022af7f6cc39fd780') in 0.0162461 seconds
Number of updated asset objects reloaded before import = 0Number of asset objects unloaded after import = 369

========================================================================
Received Import Request.
  Time since last request: 0.000021 seconds.
  path: Assets/EnemyRobots/Scenes/Demo.unity
  artifactKey: Guid(d289aa4059126f446ac3c710159bb166) Importer(2089858483,192608db42251d675da83286b1cce702)
Start importing Assets/EnemyRobots/Scenes/Demo.unity using Guid(d289aa4059126f446ac3c710159bb166) Importer(2089858483,192608db42251d675da83286b1cce702) (ScriptedImporter) -> (artifact id: 'aafdef614d0f6c1b56686cc9768fcece') in 0.0033548 seconds
Number of updated asset objects reloaded before import = 0Number of asset objects unloaded after import = 1

========================================================================
Received Import Request.
  Time since last request: 0.000090 seconds.
  path: Assets/MonsterMutant 7/Animations/MutantMonster2@attack4.fbx
  artifactKey: Guid(c2793b9080e32b84bac6f2a1982d7de8) Importer(2089858483,192608db42251d675da83286b1cce702)
Start importing Assets/MonsterMutant 7/Animations/MutantMonster2@attack4.fbx using Guid(c2793b9080e32b84bac6f2a1982d7de8) Importer(2089858483,192608db42251d675da83286b1cce702) (ScriptedImporter) -> (artifact id: '3003c15c93e655e49fa2cccafdb9003f') in 0.018913 seconds
Number of updated asset objects reloaded before import = 0Number of asset objects unloaded after import = 369

========================================================================
Received Import Request.
  Time since last request: 0.000021 seconds.
  path: Assets/MonsterMutant 7/Animations/MutantMonster2@walk3.fbx
  artifactKey: Guid(18e93cd562dad0d4790bc079248ed680) Importer(2089858483,192608db42251d675da83286b1cce702)
Start importing Assets/MonsterMutant 7/Animations/MutantMonster2@walk3.fbx using Guid(18e93cd562dad0d4790bc079248ed680) Importer(2089858483,192608db42251d675da83286b1cce702) (ScriptedImporter) -> (artifact id: 'd3d489f53df6d84094281a1b5a8a1a9a') in 0.0178116 seconds
Number of updated asset objects reloaded before import = 0Number of asset objects unloaded after import = 369

========================================================================
Received Import Request.
  Time since last request: 0.000015 seconds.
  path: Assets/UI/血量.png
  artifactKey: Guid(b88b50d1d4e464234b955ca35be6d823) Importer(2089858483,192608db42251d675da83286b1cce702)
Start importing Assets/UI/血量.png using Guid(b88b50d1d4e464234b955ca35be6d823) Importer(2089858483,192608db42251d675da83286b1cce702) (ScriptedImporter) -> (artifact id: 'a3b893656cf1a2999b5585c8c949e1bf') in 0.0412699 seconds
Number of updated asset objects reloaded before import = 0Number of asset objects unloaded after import = 3

========================================================================
Received Import Request.
  Time since last request: 0.000353 seconds.
  path: Assets/UI/状态框.png
  artifactKey: Guid(995f6a08447754f09ab1d392a456dd2a) Importer(2089858483,192608db42251d675da83286b1cce702)
Start importing Assets/UI/状态框.png using Guid(995f6a08447754f09ab1d392a456dd2a) Importer(2089858483,192608db42251d675da83286b1cce702) (ScriptedImporter) -> (artifact id: '43abc01cb496114866f0201a6b28a09a') in 0.0116185 seconds
Number of updated asset objects reloaded before import = 0Number of asset objects unloaded after import = 3

========================================================================
Received Import Request.
  Time since last request: 0.000147 seconds.
  path: Assets/FIRE_MUZ/WarFX/Demo/WarFX Demo New.unity
  artifactKey: Guid(c3f02a419ecea464bbd721a17732b8d2) Importer(2089858483,192608db42251d675da83286b1cce702)
Start importing Assets/FIRE_MUZ/WarFX/Demo/WarFX Demo New.unity using Guid(c3f02a419ecea464bbd721a17732b8d2) Importer(2089858483,192608db42251d675da83286b1cce702) (ScriptedImporter) -> (artifact id: 'd73049357268bdc391ac01b2da5fdc57') in 0.0162861 seconds
Number of updated asset objects reloaded before import = 0Number of asset objects unloaded after import = 1

========================================================================
Received Import Request.
  Time since last request: 0.000183 seconds.
  path: Assets/EnemyRobots/Textures/Other/Laser.png
  artifactKey: Guid(4c65dce963d6c38468c5f0a33c8e04bd) Importer(2089858483,192608db42251d675da83286b1cce702)
Start importing Assets/EnemyRobots/Textures/Other/Laser.png using Guid(4c65dce963d6c38468c5f0a33c8e04bd) Importer(2089858483,192608db42251d675da83286b1cce702) (ScriptedImporter) -> (artifact id: 'cbbae34b246420aaa85caf1dd9e4b83c') in 0.0101715 seconds
Number of updated asset objects reloaded before import = 0Number of asset objects unloaded after import = 1

========================================================================
Received Import Request.
  Time since last request: 0.000277 seconds.
  path: Assets/MonsterMutant 7/Animations/MutantMonster2@straferight.fbx
  artifactKey: Guid(9a320940b60115f4dac0ebb96a856bd2) Importer(2089858483,192608db42251d675da83286b1cce702)
Start importing Assets/MonsterMutant 7/Animations/MutantMonster2@straferight.fbx using Guid(9a320940b60115f4dac0ebb96a856bd2) Importer(2089858483,192608db42251d675da83286b1cce702) (ScriptedImporter) -> (artifact id: 'c3635d9e6589baf4d316135f5be17313') in 0.0185078 seconds
Number of updated asset objects reloaded before import = 0Number of asset objects unloaded after import = 369

========================================================================
Received Import Request.
  Time since last request: 0.000016 seconds.
  path: Assets/Doomloader/music/E1M1.ogg
  artifactKey: Guid(c755948e77a636544ac3a9aa72638229) Importer(2089858483,192608db42251d675da83286b1cce702)
Start importing Assets/Doomloader/music/E1M1.ogg using Guid(c755948e77a636544ac3a9aa72638229) Importer(2089858483,192608db42251d675da83286b1cce702) (ScriptedImporter) -> (artifact id: '46bb452540fe113b61db965094bf1f5e') in 0.0301688 seconds
Number of updated asset objects reloaded before import = 0Number of asset objects unloaded after import = 1

========================================================================
Received Import Request.
  Time since last request: 0.000256 seconds.
  path: Assets/EnemyRobots/Prefabs/MachineGunRobot.prefab
  artifactKey: Guid(9c49b9c1648647e47be8167f82a5f87e) Importer(2089858483,192608db42251d675da83286b1cce702)
Start importing Assets/EnemyRobots/Prefabs/MachineGunRobot.prefab using Guid(9c49b9c1648647e47be8167f82a5f87e) Importer(2089858483,192608db42251d675da83286b1cce702) (ScriptedImporter) -> (artifact id: '44e337fbd876b986c8a4c876db239220') in 0.0211506 seconds
Number of updated asset objects reloaded before import = 0Number of asset objects unloaded after import = 53

========================================================================
Received Import Request.
  Time since last request: 0.000022 seconds.
  path: Assets/TextMesh Pro/Sprites/EmojiOne.png
  artifactKey: Guid(dffef66376be4fa480fb02b19edbe903) Importer(2089858483,192608db42251d675da83286b1cce702)
Start importing Assets/TextMesh Pro/Sprites/EmojiOne.png using Guid(dffef66376be4fa480fb02b19edbe903) Importer(2089858483,192608db42251d675da83286b1cce702) (ScriptedImporter) -> (artifact id: 'e9821d3363e637426c25b795e7d09285') in 0.0126755 seconds
Number of updated asset objects reloaded before import = 0Number of asset objects unloaded after import = 1

========================================================================
Received Import Request.
  Time since last request: 0.000087 seconds.
  path: Assets/Map/doom-classic-first-level-e1m1/Materials/FLOOR5_1.mat
  artifactKey: Guid(dfbcac91b3106bd4393641a7acd79490) Importer(2089858483,192608db42251d675da83286b1cce702)
Start importing Assets/Map/doom-classic-first-level-e1m1/Materials/FLOOR5_1.mat using Guid(dfbcac91b3106bd4393641a7acd79490) Importer(2089858483,192608db42251d675da83286b1cce702) (ScriptedImporter) -> (artifact id: 'b705dac5a04b85608d8ae1f65697ce5b') in 0.0192357 seconds
Number of updated asset objects reloaded before import = 0Number of asset objects unloaded after import = 2

========================================================================
Received Import Request.
  Time since last request: 0.000032 seconds.
  path: Assets/Map/doom-classic-first-level-e1m1/textures/FLAT23.png
  artifactKey: Guid(c6b4a098a6af34cbba9d378f6117a741) Importer(2089858483,192608db42251d675da83286b1cce702)
Start importing Assets/Map/doom-classic-first-level-e1m1/textures/FLAT23.png using Guid(c6b4a098a6af34cbba9d378f6117a741) Importer(2089858483,192608db42251d675da83286b1cce702) (ScriptedImporter) -> (artifact id: '4b6ffe11e03a30261c16ed37741ce818') in 0.0090252 seconds
Number of updated asset objects reloaded before import = 0Number of asset objects unloaded after import = 1

========================================================================
Received Import Request.
  Time since last request: 0.000073 seconds.
  path: Assets/MonsterMutant 7/Texture/textures skin3 body v2/3_metalic+gloss.tga
  artifactKey: Guid(7249d52cc410aa341970b5673e7fbed6) Importer(2089858483,192608db42251d675da83286b1cce702)
Start importing Assets/MonsterMutant 7/Texture/textures skin3 body v2/3_metalic+gloss.tga using Guid(7249d52cc410aa341970b5673e7fbed6) Importer(2089858483,192608db42251d675da83286b1cce702) (ScriptedImporter) -> (artifact id: 'ee71b299b70c7e11fe5f289c724d4a8c') in 0.0564451 seconds
Number of updated asset objects reloaded before import = 0Number of asset objects unloaded after import = 1

========================================================================
Received Import Request.
  Time since last request: 0.000078 seconds.
  path: Assets/TextMesh Pro/Resources/Fonts & Materials/LiberationSans SDF.asset
  artifactKey: Guid(8f586378b4e144a9851e7b34d9b748ee) Importer(2089858483,192608db42251d675da83286b1cce702)
Start importing Assets/TextMesh Pro/Resources/Fonts & Materials/LiberationSans SDF.asset using Guid(8f586378b4e144a9851e7b34d9b748ee) Importer(2089858483,192608db42251d675da83286b1cce702) (ScriptedImporter) -> (artifact id: 'c1490a609b4b83e9a7c59aba21a89472') in 0.0596176 seconds
Number of updated asset objects reloaded before import = 0Number of asset objects unloaded after import = 8

========================================================================
Received Import Request.
  Time since last request: 0.000016 seconds.
  path: Assets/Map/doom-classic-first-level-e1m1/textures/CEIL5_1.png
  artifactKey: Guid(2bd72d7a19fd841eeb1d0761029f6368) Importer(2089858483,192608db42251d675da83286b1cce702)
Start importing Assets/Map/doom-classic-first-level-e1m1/textures/CEIL5_1.png using Guid(2bd72d7a19fd841eeb1d0761029f6368) Importer(2089858483,192608db42251d675da83286b1cce702) (ScriptedImporter) -> (artifact id: 'ff82dbfc945b426d7f50b1aec8f035a9') in 0.0100293 seconds
Number of updated asset objects reloaded before import = 0Number of asset objects unloaded after import = 1

========================================================================
Received Import Request.
  Time since last request: 0.000124 seconds.
  path: Assets/Map/doom-classic-first-level-e1m1/textures/TLITE6_4.png
  artifactKey: Guid(306812eef1d674dd3b2d4c6674003d03) Importer(2089858483,192608db42251d675da83286b1cce702)
Start importing Assets/Map/doom-classic-first-level-e1m1/textures/TLITE6_4.png using Guid(306812eef1d674dd3b2d4c6674003d03) Importer(2089858483,192608db42251d675da83286b1cce702) (ScriptedImporter) -> (artifact id: 'f34b8b0fd076d699dd4828f95bf95ff9') in 0.0088154 seconds
Number of updated asset objects reloaded before import = 0Number of asset objects unloaded after import = 1

========================================================================
Received Import Request.
  Time since last request: 0.000127 seconds.
  path: Assets/Map/doom-classic-first-level-e1m1/Materials/LITE3.mat
  artifactKey: Guid(7ff382dd71d42c24e9a57d589f358c9f) Importer(2089858483,192608db42251d675da83286b1cce702)
Start importing Assets/Map/doom-classic-first-level-e1m1/Materials/LITE3.mat using Guid(7ff382dd71d42c24e9a57d589f358c9f) Importer(2089858483,192608db42251d675da83286b1cce702) (ScriptedImporter) -> (artifact id: '957ca2097c6100fd623f5dd09b286d2d') in 0.006062 seconds
Number of updated asset objects reloaded before import = 0Number of asset objects unloaded after import = 2

========================================================================
Received Import Request.
  Time since last request: 0.000065 seconds.
  path: Assets/MonsterMutant 7/Texture/textures skin1 body v2/1_Occlusion.tga
  artifactKey: Guid(ae45eecf5db3178478d6cc4c1118bdab) Importer(2089858483,192608db42251d675da83286b1cce702)
Start importing Assets/MonsterMutant 7/Texture/textures skin1 body v2/1_Occlusion.tga using Guid(ae45eecf5db3178478d6cc4c1118bdab) Importer(2089858483,192608db42251d675da83286b1cce702) (ScriptedImporter) -> (artifact id: '24d2f11979b3ff6b81f10213568f9926') in 0.0211397 seconds
Number of updated asset objects reloaded before import = 0Number of asset objects unloaded after import = 1

========================================================================
Received Import Request.
  Time since last request: 0.000108 seconds.
  path: Assets/EnemyRobots/Materials/CannonMachine/Particles/Spark.mat
  artifactKey: Guid(01726f0222ac82c428f3b25246f191a6) Importer(2089858483,192608db42251d675da83286b1cce702)
Start importing Assets/EnemyRobots/Materials/CannonMachine/Particles/Spark.mat using Guid(01726f0222ac82c428f3b25246f191a6) Importer(2089858483,192608db42251d675da83286b1cce702) (ScriptedImporter) -> (artifact id: 'fa8c25933a4a07de355bb93dbfb8c93e') in 0.007366 seconds
Number of updated asset objects reloaded before import = 0Number of asset objects unloaded after import = 2

========================================================================
Received Import Request.
  Time since last request: 0.000021 seconds.
  path: Assets/Map/doom-classic-first-level-e1m1/textures/FLOOR5_2.png
  artifactKey: Guid(4d3fb7ecd59cd46b6b8e4926ad62da63) Importer(2089858483,192608db42251d675da83286b1cce702)
Start importing Assets/Map/doom-classic-first-level-e1m1/textures/FLOOR5_2.png using Guid(4d3fb7ecd59cd46b6b8e4926ad62da63) Importer(2089858483,192608db42251d675da83286b1cce702) (ScriptedImporter) -> (artifact id: 'c2f1eada2867d616e3f22579e7c15a03') in 0.0097912 seconds
Number of updated asset objects reloaded before import = 0Number of asset objects unloaded after import = 1

========================================================================
Received Import Request.
  Time since last request: 0.000066 seconds.
  path: Assets/EnemyRobots/Materials/CannonMachine/CannonMachine/CannonMachine_Glass.mat
  artifactKey: Guid(4ea175d0e16b4ed4aa11258159c81358) Importer(2089858483,192608db42251d675da83286b1cce702)
Start importing Assets/EnemyRobots/Materials/CannonMachine/CannonMachine/CannonMachine_Glass.mat using Guid(4ea175d0e16b4ed4aa11258159c81358) Importer(2089858483,192608db42251d675da83286b1cce702) (ScriptedImporter) -> (artifact id: '4bfdd266d29cb77a54d491d3992a3fb1') in 0.0433053 seconds
Number of updated asset objects reloaded before import = 0Number of asset objects unloaded after import = 1

========================================================================
Received Import Request.
  Time since last request: 0.000078 seconds.
  path: Assets/Map/doom-classic-first-level-e1m1/source/e1m1.fbx
  artifactKey: Guid(2cf132009d66b4c1bbd077884a69e18f) Importer(2089858483,192608db42251d675da83286b1cce702)
Start importing Assets/Map/doom-classic-first-level-e1m1/source/e1m1.fbx using Guid(2cf132009d66b4c1bbd077884a69e18f) Importer(2089858483,192608db42251d675da83286b1cce702) (ScriptedImporter) -> (artifact id: '266c08df8aee40a9f6d21ae40a7bf32b') in 0.1168037 seconds
Number of updated asset objects reloaded before import = 0Number of asset objects unloaded after import = 128

========================================================================
Received Import Request.
  Time since last request: 0.000023 seconds.
  path: Assets/Prop/Medkit/Materials/Firstaid.mat
  artifactKey: Guid(1721dd0a28aebd444901fac962a91208) Importer(2089858483,192608db42251d675da83286b1cce702)
Start importing Assets/Prop/Medkit/Materials/Firstaid.mat using Guid(1721dd0a28aebd444901fac962a91208) Importer(2089858483,192608db42251d675da83286b1cce702) (ScriptedImporter) -> (artifact id: '2dce9726edd62bf82818edd6b0537926') in 0.0237519 seconds
Number of updated asset objects reloaded before import = 0Number of asset objects unloaded after import = 5

========================================================================
Received Import Request.
  Time since last request: 0.000017 seconds.
  path: Assets/MonsterMutant 7/Prefab/Base mesh MonsterMutant7 skin4.prefab
  artifactKey: Guid(f2e03fd1cffea284890ee861660f8b1d) Importer(2089858483,192608db42251d675da83286b1cce702)
Start importing Assets/MonsterMutant 7/Prefab/Base mesh MonsterMutant7 skin4.prefab using Guid(f2e03fd1cffea284890ee861660f8b1d) Importer(2089858483,192608db42251d675da83286b1cce702) (ScriptedImporter) -> (artifact id: '01247ba352dea7b3e320637f440e587f') in 0.0789573 seconds
Number of updated asset objects reloaded before import = 0Number of asset objects unloaded after import = 500

========================================================================
Received Import Request.
  Time since last request: 0.336388 seconds.
  path: Assets/EnemyRobots/Textures/CannonMachine/CannonMachine/CannonMachine_Height.png
  artifactKey: Guid(03dcd0751e09c5d47978e839e5bc8599) Importer(2089858483,192608db42251d675da83286b1cce702)
Start importing Assets/EnemyRobots/Textures/CannonMachine/CannonMachine/CannonMachine_Height.png using Guid(03dcd0751e09c5d47978e839e5bc8599) Importer(2089858483,192608db42251d675da83286b1cce702) (ScriptedImporter) -> (artifact id: 'ca0956cc71d3149a811cf33ab4e628ea') in 0.0134327 seconds
Number of updated asset objects reloaded before import = 0Number of asset objects unloaded after import = 1

========================================================================
Received Import Request.
  Time since last request: 0.000139 seconds.
  path: Assets/FIRE_MUZ/WarFX/_Effects/Fire/WFX_FlameThrower Big Looped.prefab
  artifactKey: Guid(b2e8413438f79464aa69948979b150a8) Importer(2089858483,192608db42251d675da83286b1cce702)
Start importing Assets/FIRE_MUZ/WarFX/_Effects/Fire/WFX_FlameThrower Big Looped.prefab using Guid(b2e8413438f79464aa69948979b150a8) Importer(2089858483,192608db42251d675da83286b1cce702) (ScriptedImporter) -> (artifact id: '3a4013797914894438512d4ec3446750') in 0.0931257 seconds
Number of updated asset objects reloaded before import = 0Number of asset objects unloaded after import = 11

========================================================================
Received Import Request.
  Time since last request: 0.000017 seconds.
  path: Assets/Samples/XR Interaction Toolkit/3.0.8/Starter Assets/DemoScene.unity
  artifactKey: Guid(319dafa5c80f29f428dc1e0d03f04177) Importer(2089858483,192608db42251d675da83286b1cce702)
Start importing Assets/Samples/XR Interaction Toolkit/3.0.8/Starter Assets/DemoScene.unity using Guid(319dafa5c80f29f428dc1e0d03f04177) Importer(2089858483,192608db42251d675da83286b1cce702) (ScriptedImporter) -> (artifact id: 'ff07e625cccf9d03f1d9cc7d9dcf8ed0') in 0.0088565 seconds
Number of updated asset objects reloaded before import = 0Number of asset objects unloaded after import = 1

========================================================================
Received Import Request.
  Time since last request: 0.000235 seconds.
  path: Assets/FIRE_MUZ/WarFX/Demo/Assets/CFX_Demo_RotateCamera.cs
  artifactKey: Guid(f71e90e62dfae594490eb4d9b611f930) Importer(2089858483,192608db42251d675da83286b1cce702)
Start importing Assets/FIRE_MUZ/WarFX/Demo/Assets/CFX_Demo_RotateCamera.cs using Guid(f71e90e62dfae594490eb4d9b611f930) Importer(2089858483,192608db42251d675da83286b1cce702) (ScriptedImporter) -> (artifact id: 'af03ab055dc93280e05acf679bc7bacd') in 0.0045354 seconds
Number of updated asset objects reloaded before import = 0Number of asset objects unloaded after import = 0

========================================================================
Received Import Request.
  Time since last request: 0.000234 seconds.
  path: Assets/FIRE_MUZ/WarFX/Demo/Assets/WFX_Demo.cs
  artifactKey: Guid(f29cbe1088b10084fb12c7ba8a19f151) Importer(2089858483,192608db42251d675da83286b1cce702)
Start importing Assets/FIRE_MUZ/WarFX/Demo/Assets/WFX_Demo.cs using Guid(f29cbe1088b10084fb12c7ba8a19f151) Importer(2089858483,192608db42251d675da83286b1cce702) (ScriptedImporter) -> (artifact id: '4421e2c8970f923ffdae78694548bbee') in 0.0030689 seconds
Number of updated asset objects reloaded before import = 0Number of asset objects unloaded after import = 0

========================================================================
Received Import Request.
  Time since last request: 0.000193 seconds.
  path: Assets/FIRE_MUZ/WarFX/_Effects/Explosions/WFX_Explosion LandMine.prefab
  artifactKey: Guid(6890a03af913b874092fbb1e8337747d) Importer(2089858483,192608db42251d675da83286b1cce702)
Start importing Assets/FIRE_MUZ/WarFX/_Effects/Explosions/WFX_Explosion LandMine.prefab using Guid(6890a03af913b874092fbb1e8337747d) Importer(2089858483,192608db42251d675da83286b1cce702) (ScriptedImporter) -> (artifact id: '63ad1821a124db976a2e6e99eb451940') in 0.0388976 seconds
Number of updated asset objects reloaded before import = 0Number of asset objects unloaded after import = 35

========================================================================
Received Import Request.
  Time since last request: 0.000016 seconds.
  path: Assets/FIRE_MUZ/WarFX/_Effects (Mobile)/Smoke/WFXMR_SmokeGrenade White.prefab
  artifactKey: Guid(32c740ca47073a54ebef2634b8b8371f) Importer(2089858483,192608db42251d675da83286b1cce702)
Start importing Assets/FIRE_MUZ/WarFX/_Effects (Mobile)/Smoke/WFXMR_SmokeGrenade White.prefab using Guid(32c740ca47073a54ebef2634b8b8371f) Importer(2089858483,192608db42251d675da83286b1cce702) (ScriptedImporter) -> (artifact id: 'ff50a074d924bfdd02a377ac91dd8454') in 0.0284575 seconds
Number of updated asset objects reloaded before import = 0Number of asset objects unloaded after import = 11

========================================================================
Received Import Request.
  Time since last request: 0.000030 seconds.
  path: Assets/EnemyRobots/Textures/CannonMachine/Particles/CannonMuzzleFlash.png
  artifactKey: Guid(dde62ce74b0bad148b6e5f1a20141279) Importer(2089858483,192608db42251d675da83286b1cce702)
Start importing Assets/EnemyRobots/Textures/CannonMachine/Particles/CannonMuzzleFlash.png using Guid(dde62ce74b0bad148b6e5f1a20141279) Importer(2089858483,192608db42251d675da83286b1cce702) (ScriptedImporter) -> (artifact id: 'a6e7b20e2f67365d0c2e659def1bb8d7') in 0.0087423 seconds
Number of updated asset objects reloaded before import = 0Number of asset objects unloaded after import = 1

========================================================================
Received Import Request.
  Time since last request: 0.000199 seconds.
  path: Assets/FIRE_MUZ/WarFX/_Effects (Mobile)/Fire/WFXMR_FlameThrower Looped.prefab
  artifactKey: Guid(9debd342863be9747b5a48c343184a31) Importer(2089858483,192608db42251d675da83286b1cce702)
Start importing Assets/FIRE_MUZ/WarFX/_Effects (Mobile)/Fire/WFXMR_FlameThrower Looped.prefab using Guid(9debd342863be9747b5a48c343184a31) Importer(2089858483,192608db42251d675da83286b1cce702) (ScriptedImporter) -> (artifact id: 'e273d3694df8d16d11b289ef0a721e02') in 0.0378737 seconds
Number of updated asset objects reloaded before import = 0Number of asset objects unloaded after import = 11

========================================================================
Received Import Request.
  Time since last request: 0.000017 seconds.
  path: Assets/FIRE_MUZ/WarFX/_Effects/Explosions/WFX_ExplosiveSmokeGround Big.prefab
  artifactKey: Guid(06736895ea0a4ff408d25e6684dce797) Importer(2089858483,192608db42251d675da83286b1cce702)
Start importing Assets/FIRE_MUZ/WarFX/_Effects/Explosions/WFX_ExplosiveSmokeGround Big.prefab using Guid(06736895ea0a4ff408d25e6684dce797) Importer(2089858483,192608db42251d675da83286b1cce702) (ScriptedImporter) -> (artifact id: '97cf50ca86b852a5be05e1313d75cc83') in 0.0356628 seconds
Number of updated asset objects reloaded before import = 0Number of asset objects unloaded after import = 31

========================================================================
Received Import Request.
  Time since last request: 0.000017 seconds.
  path: Assets/FIRE_MUZ/WarFX/_Effects/Bullet Impacts/WFX_BImpact Dirt.prefab
  artifactKey: Guid(56bfc2f4b4a0c534c8ef3d0fd1124c44) Importer(2089858483,192608db42251d675da83286b1cce702)
Start importing Assets/FIRE_MUZ/WarFX/_Effects/Bullet Impacts/WFX_BImpact Dirt.prefab using Guid(56bfc2f4b4a0c534c8ef3d0fd1124c44) Importer(2089858483,192608db42251d675da83286b1cce702) (ScriptedImporter) -> (artifact id: 'dc41fbc9de84d52b8174d1b8b7592a9d') in 0.0265048 seconds
Number of updated asset objects reloaded before import = 0Number of asset objects unloaded after import = 15

========================================================================
Received Import Request.
  Time since last request: 0.000017 seconds.
  path: Assets/FIRE_MUZ/WarFX/_Effects (Mobile)/Fire/WFXMR_FlameThrower Big Looped.prefab
  artifactKey: Guid(3631e3c99d52b594097c09278c60f5cf) Importer(2089858483,192608db42251d675da83286b1cce702)
Start importing Assets/FIRE_MUZ/WarFX/_Effects (Mobile)/Fire/WFXMR_FlameThrower Big Looped.prefab using Guid(3631e3c99d52b594097c09278c60f5cf) Importer(2089858483,192608db42251d675da83286b1cce702) (ScriptedImporter) -> (artifact id: 'f462642d6506c16b6214ef74741dbda3') in 0.025596 seconds
Number of updated asset objects reloaded before import = 0Number of asset objects unloaded after import = 11

========================================================================
Received Import Request.
  Time since last request: 0.000026 seconds.
  path: Assets/FIRE_MUZ/WarFX/Demo/Assets/WFX_Demo_M_Wood Wall.mat
  artifactKey: Guid(2b3f9a49a1177774e923a5b708423b4c) Importer(2089858483,192608db42251d675da83286b1cce702)
Start importing Assets/FIRE_MUZ/WarFX/Demo/Assets/WFX_Demo_M_Wood Wall.mat using Guid(2b3f9a49a1177774e923a5b708423b4c) Importer(2089858483,192608db42251d675da83286b1cce702) (ScriptedImporter) -> (artifact id: '3b7d6ac2153a6735fc945ac21d879d9c') in 0.0074382 seconds
Number of updated asset objects reloaded before import = 0Number of asset objects unloaded after import = 3

========================================================================
Received Import Request.
  Time since last request: 0.000045 seconds.
  path: Assets/FIRE_MUZ/WarFX/Desktop/Materials/Bullet Holes/WFX_BulletHole Generic Dirt.mat
  artifactKey: Guid(d1cd8b9b3c7d785469e17f97b682c90a) Importer(2089858483,192608db42251d675da83286b1cce702)
Start importing Assets/FIRE_MUZ/WarFX/Desktop/Materials/Bullet Holes/WFX_BulletHole Generic Dirt.mat using Guid(d1cd8b9b3c7d785469e17f97b682c90a) Importer(2089858483,192608db42251d675da83286b1cce702) (ScriptedImporter) -> (artifact id: '3d7ddd4b3e4469f287469b6a7acf8366') in 0.0042568 seconds
Number of updated asset objects reloaded before import = 0Number of asset objects unloaded after import = 2

========================================================================
Received Import Request.
  Time since last request: 0.000035 seconds.
  path: Assets/EnemyRobots/Textures/MachineGunRobot/MachineGun/MachineGunRobot_Height.png
  artifactKey: Guid(728263c5ac9974844ac7c291ba79e713) Importer(2089858483,192608db42251d675da83286b1cce702)
Start importing Assets/EnemyRobots/Textures/MachineGunRobot/MachineGun/MachineGunRobot_Height.png using Guid(728263c5ac9974844ac7c291ba79e713) Importer(2089858483,192608db42251d675da83286b1cce702) (ScriptedImporter) -> (artifact id: '7e9f62d13eacb4f9bdbf24f9689988f0') in 0.0147823 seconds
Number of updated asset objects reloaded before import = 0Number of asset objects unloaded after import = 1

========================================================================
Received Import Request.
  Time since last request: 0.000085 seconds.
  path: Assets/FIRE_MUZ/WarFX/Demo/Assets/WFX_Demo_T_Cobblestone.tga
  artifactKey: Guid(3795ce9fd3b225244b8149252918c4e9) Importer(2089858483,192608db42251d675da83286b1cce702)
Start importing Assets/FIRE_MUZ/WarFX/Demo/Assets/WFX_Demo_T_Cobblestone.tga using Guid(3795ce9fd3b225244b8149252918c4e9) Importer(2089858483,192608db42251d675da83286b1cce702) (ScriptedImporter) -> (artifact id: '47396a192a93187ffc2efdb92cb66ff6') in 0.0071686 seconds
Number of updated asset objects reloaded before import = 0Number of asset objects unloaded after import = 1

========================================================================
Received Import Request.
  Time since last request: 0.000062 seconds.
  path: Assets/Samples/XR Interaction Toolkit/3.0.8/XR Device Simulator/XR Device Simulator.prefab
  artifactKey: Guid(18ddb545287c546e19cc77dc9fbb2189) Importer(2089858483,192608db42251d675da83286b1cce702)
Start importing Assets/Samples/XR Interaction Toolkit/3.0.8/XR Device Simulator/XR Device Simulator.prefab using Guid(18ddb545287c546e19cc77dc9fbb2189) Importer(2089858483,192608db42251d675da83286b1cce702) (ScriptedImporter) -> (artifact id: 'a248e6d30f4cea6ca495b64bdc4c94bd') in 0.2343713 seconds
Number of updated asset objects reloaded before import = 0Number of asset objects unloaded after import = 825

========================================================================
Received Import Request.
  Time since last request: 0.082463 seconds.
  path: Assets/FIRE_MUZ/WarFX/Desktop/Materials/Bullet Holes/WFX_BulletHole Wood.mat
  artifactKey: Guid(c301bbc4eedf9c641921c1affecab38f) Importer(2089858483,192608db42251d675da83286b1cce702)
Start importing Assets/FIRE_MUZ/WarFX/Desktop/Materials/Bullet Holes/WFX_BulletHole Wood.mat using Guid(c301bbc4eedf9c641921c1affecab38f) Importer(2089858483,192608db42251d675da83286b1cce702) (ScriptedImporter) -> (artifact id: '0b26fa3b2551cc5eda0b46cca50a13ee') in 0.0093659 seconds
Number of updated asset objects reloaded before import = 0Number of asset objects unloaded after import = 2

========================================================================
Received Import Request.
  Time since last request: 0.000043 seconds.
  path: Assets/FIRE_MUZ/WarFX/Mobile/Materials/Smoke/WFXM_M_SmokeNoise.mat
  artifactKey: Guid(47eb3fdd01eb327428cfafbefee8f3bc) Importer(2089858483,192608db42251d675da83286b1cce702)
Start importing Assets/FIRE_MUZ/WarFX/Mobile/Materials/Smoke/WFXM_M_SmokeNoise.mat using Guid(47eb3fdd01eb327428cfafbefee8f3bc) Importer(2089858483,192608db42251d675da83286b1cce702) (ScriptedImporter) -> (artifact id: '5bfc579b012e6eb848c7fa9b94eb9acf') in 0.0051202 seconds
Number of updated asset objects reloaded before import = 0Number of asset objects unloaded after import = 2

========================================================================
Received Import Request.
  Time since last request: 0.000107 seconds.
  path: Assets/FIRE_MUZ/WarFX/Mobile/Textures/Flames/WFXM_T_FlamesSmallLoopAlpha.tga
  artifactKey: Guid(2a4b64d5a28398940b5d06d77c2dbe57) Importer(2089858483,192608db42251d675da83286b1cce702)
Start importing Assets/FIRE_MUZ/WarFX/Mobile/Textures/Flames/WFXM_T_FlamesSmallLoopAlpha.tga using Guid(2a4b64d5a28398940b5d06d77c2dbe57) Importer(2089858483,192608db42251d675da83286b1cce702) (ScriptedImporter) -> (artifact id: '1d059f1a50b46dcb2371a8e22334dfdc') in 0.0086024 seconds
Number of updated asset objects reloaded before import = 0Number of asset objects unloaded after import = 1

========================================================================
Received Import Request.
  Time since last request: 0.000355 seconds.
  path: Assets/FIRE_MUZ/WarFX/Desktop/Materials/MuzzleFlashes/WFX_M_MF Sparks RIFLE3.mat
  artifactKey: Guid(a3044dcfcae618b4c86c528053797b0d) Importer(2089858483,192608db42251d675da83286b1cce702)
Start importing Assets/FIRE_MUZ/WarFX/Desktop/Materials/MuzzleFlashes/WFX_M_MF Sparks RIFLE3.mat using Guid(a3044dcfcae618b4c86c528053797b0d) Importer(2089858483,192608db42251d675da83286b1cce702) (ScriptedImporter) -> (artifact id: '0d3a8834885709de99483f9bcc585580') in 0.0087464 seconds
Number of updated asset objects reloaded before import = 0Number of asset objects unloaded after import = 2

========================================================================
Received Import Request.
  Time since last request: 0.000322 seconds.
  path: Assets/FIRE_MUZ/WarFX/Desktop/Materials/Flames/WFX_M_FlameSmall ScrollAdd.mat
  artifactKey: Guid(654261d22ff230341bd50c7ddb17c2c7) Importer(2089858483,192608db42251d675da83286b1cce702)
Start importing Assets/FIRE_MUZ/WarFX/Desktop/Materials/Flames/WFX_M_FlameSmall ScrollAdd.mat using Guid(654261d22ff230341bd50c7ddb17c2c7) Importer(2089858483,192608db42251d675da83286b1cce702) (ScriptedImporter) -> (artifact id: '16c433fab083d066b52385af24159dca') in 0.0076796 seconds
Number of updated asset objects reloaded before import = 0Number of asset objects unloaded after import = 2

========================================================================
Received Import Request.
  Time since last request: 0.000170 seconds.
  path: Assets/FIRE_MUZ/WarFX/Mobile/Textures/Misc/WFXM_T_GroundGlow A8.tga
  artifactKey: Guid(d06d2f147c474b542a9d215471c93d1a) Importer(2089858483,192608db42251d675da83286b1cce702)
Start importing Assets/FIRE_MUZ/WarFX/Mobile/Textures/Misc/WFXM_T_GroundGlow A8.tga using Guid(d06d2f147c474b542a9d215471c93d1a) Importer(2089858483,192608db42251d675da83286b1cce702) (ScriptedImporter) -> (artifact id: 'acb567202569e217d45a10892853ee5b') in 0.0111277 seconds
Number of updated asset objects reloaded before import = 0Number of asset objects unloaded after import = 1

========================================================================
Received Import Request.
  Time since last request: 0.000301 seconds.
  path: Assets/FIRE_MUZ/WarFX/Desktop/Textures/Flames/WFX_T_FlameThrower Stream.tga
  artifactKey: Guid(df7c63e268a99654a9238a1e528a793c) Importer(2089858483,192608db42251d675da83286b1cce702)
Start importing Assets/FIRE_MUZ/WarFX/Desktop/Textures/Flames/WFX_T_FlameThrower Stream.tga using Guid(df7c63e268a99654a9238a1e528a793c) Importer(2089858483,192608db42251d675da83286b1cce702) (ScriptedImporter) -> (artifact id: '8f1db80f43ad000ba07bda9a61bc29a1') in 0.0125571 seconds
Number of updated asset objects reloaded before import = 0Number of asset objects unloaded after import = 1

========================================================================
Received Import Request.
  Time since last request: 0.000110 seconds.
  path: Assets/FIRE_MUZ/WarFX/Desktop/Materials/Misc/WFX_M_SmallDotsInv Mult.mat
  artifactKey: Guid(4d1d4d88cfac1d747af75ea13f5d3e42) Importer(2089858483,192608db42251d675da83286b1cce702)
Start importing Assets/FIRE_MUZ/WarFX/Desktop/Materials/Misc/WFX_M_SmallDotsInv Mult.mat using Guid(4d1d4d88cfac1d747af75ea13f5d3e42) Importer(2089858483,192608db42251d675da83286b1cce702) (ScriptedImporter) -> (artifact id: '1537f1e71087995f3668fe9a5d316c8a') in 0.0064744 seconds
Number of updated asset objects reloaded before import = 0Number of asset objects unloaded after import = 2

========================================================================
Received Import Request.
  Time since last request: 0.000063 seconds.
  path: Assets/FIRE_MUZ/WarFX/_Effects (Mobile)/Fire/Black Smoke/WFXMR_GazFire (Black Smoke).prefab
  artifactKey: Guid(17315d51dc90be34cad95e853f26b6ae) Importer(2089858483,192608db42251d675da83286b1cce702)
Start importing Assets/FIRE_MUZ/WarFX/_Effects (Mobile)/Fire/Black Smoke/WFXMR_GazFire (Black Smoke).prefab using Guid(17315d51dc90be34cad95e853f26b6ae) Importer(2089858483,192608db42251d675da83286b1cce702) (ScriptedImporter) -> (artifact id: '2eaa7d4d75461094f51898b2b6ee054f') in 0.0301355 seconds
Number of updated asset objects reloaded before import = 0Number of asset objects unloaded after import = 15

========================================================================
Received Import Request.
  Time since last request: 0.000022 seconds.
  path: Assets/FIRE_MUZ/WarFX/_Effects (Mobile)/Bullet Impacts/+ Bullet Hole/WFXMR_BImpact Dirt + Hole.prefab
  artifactKey: Guid(6dc033bcc9d82ea4fa59028b76c5b7c3) Importer(2089858483,192608db42251d675da83286b1cce702)
Start importing Assets/FIRE_MUZ/WarFX/_Effects (Mobile)/Bullet Impacts/+ Bullet Hole/WFXMR_BImpact Dirt + Hole.prefab using Guid(6dc033bcc9d82ea4fa59028b76c5b7c3) Importer(2089858483,192608db42251d675da83286b1cce702) (ScriptedImporter) -> (artifact id: '87e3d1a23caecea3e2ce3d22ab4a6516') in 0.0295309 seconds
Number of updated asset objects reloaded before import = 0Number of asset objects unloaded after import = 21

========================================================================
Received Import Request.
  Time since last request: 0.000017 seconds.
  path: Assets/FIRE_MUZ/WarFX/Desktop/Materials/Flames/WFX_M_StarFlames.mat
  artifactKey: Guid(1cfe02ffd0b74854ea5bcd1a3c63ac3c) Importer(2089858483,192608db42251d675da83286b1cce702)
Start importing Assets/FIRE_MUZ/WarFX/Desktop/Materials/Flames/WFX_M_StarFlames.mat using Guid(1cfe02ffd0b74854ea5bcd1a3c63ac3c) Importer(2089858483,192608db42251d675da83286b1cce702) (ScriptedImporter) -> (artifact id: 'bf1cd6998328ecaaa459074d2527ccff') in 0.0046433 seconds
Number of updated asset objects reloaded before import = 0Number of asset objects unloaded after import = 2

========================================================================
Received Import Request.
  Time since last request: 0.000134 seconds.
  path: Assets/FIRE_MUZ/WarFX/Mobile/Materials/Flames/WFXM_M_FlameSmall Add.mat
  artifactKey: Guid(f2e62d2a3f971454da5211512393653f) Importer(2089858483,192608db42251d675da83286b1cce702)
Start importing Assets/FIRE_MUZ/WarFX/Mobile/Materials/Flames/WFXM_M_FlameSmall Add.mat using Guid(f2e62d2a3f971454da5211512393653f) Importer(2089858483,192608db42251d675da83286b1cce702) (ScriptedImporter) -> (artifact id: '92235fead8add1124912672f1045b44e') in 0.0065089 seconds
Number of updated asset objects reloaded before import = 0Number of asset objects unloaded after import = 2

========================================================================
Received Import Request.
  Time since last request: 0.000018 seconds.
  path: Assets/FIRE_MUZ/WarFX/Mobile/Materials/Flames/WFXM_M_FlameBig Add.mat
  artifactKey: Guid(4ad9452cd1004624f819e31cda3cdcce) Importer(2089858483,192608db42251d675da83286b1cce702)
Start importing Assets/FIRE_MUZ/WarFX/Mobile/Materials/Flames/WFXM_M_FlameBig Add.mat using Guid(4ad9452cd1004624f819e31cda3cdcce) Importer(2089858483,192608db42251d675da83286b1cce702) (ScriptedImporter) -> (artifact id: '1f6e871c8d5f3bf152263b37aee6403f') in 0.0050035 seconds
Number of updated asset objects reloaded before import = 0Number of asset objects unloaded after import = 2

========================================================================
Received Import Request.
  Time since last request: 0.000013 seconds.
  path: Assets/FIRE_MUZ/WarFX/_Effects/Fire/Black Smoke/WFX_Fire Natural (Black Smoke).prefab
  artifactKey: Guid(a817de05addd7b64faa73b34c74013ce) Importer(2089858483,192608db42251d675da83286b1cce702)
Start importing Assets/FIRE_MUZ/WarFX/_Effects/Fire/Black Smoke/WFX_Fire Natural (Black Smoke).prefab using Guid(a817de05addd7b64faa73b34c74013ce) Importer(2089858483,192608db42251d675da83286b1cce702) (ScriptedImporter) -> (artifact id: '21a9467e7dda18bd1c0dfa521ef5d601') in 0.0289093 seconds
Number of updated asset objects reloaded before import = 0Number of asset objects unloaded after import = 15

========================================================================
Received Import Request.
  Time since last request: 0.000031 seconds.
  path: Assets/FIRE_MUZ/WarFX/Desktop/Textures/MuzzleFlashes/WFX_T_MF Sparks RIFLE2 A8.tga
  artifactKey: Guid(31da9bc7d3437a946b5613ded8e1ad31) Importer(2089858483,192608db42251d675da83286b1cce702)
Start importing Assets/FIRE_MUZ/WarFX/Desktop/Textures/MuzzleFlashes/WFX_T_MF Sparks RIFLE2 A8.tga using Guid(31da9bc7d3437a946b5613ded8e1ad31) Importer(2089858483,192608db42251d675da83286b1cce702) (ScriptedImporter) -> (artifact id: 'a15e8ff965e543bf8929b1c5bd4b9bff') in 0.0093547 seconds
Number of updated asset objects reloaded before import = 0Number of asset objects unloaded after import = 1

========================================================================
Received Import Request.
  Time since last request: 0.000175 seconds.
  path: Assets/FIRE_MUZ/WarFX/Mobile/Textures/MuzzleFlashes/WFXM_T_MF FrontRear RIFLE1 A8.png
  artifactKey: Guid(c3a593d4e93cf6c42b290b4ba179292d) Importer(2089858483,192608db42251d675da83286b1cce702)
Start importing Assets/FIRE_MUZ/WarFX/Mobile/Textures/MuzzleFlashes/WFXM_T_MF FrontRear RIFLE1 A8.png using Guid(c3a593d4e93cf6c42b290b4ba179292d) Importer(2089858483,192608db42251d675da83286b1cce702) (ScriptedImporter) -> (artifact id: '8d73fd264d4395ca8255c721b96093cd') in 0.0076655 seconds
Number of updated asset objects reloaded before import = 0Number of asset objects unloaded after import = 1

========================================================================
Received Import Request.
  Time since last request: 0.000210 seconds.
  path: Assets/FIRE_MUZ/WarFX/_Effects/Smoke/Color Variants/WFX_SmokeGrenade Green.prefab
  artifactKey: Guid(298ea2e9f387a124d9ee2b3ac6bb3a23) Importer(2089858483,192608db42251d675da83286b1cce702)
Start importing Assets/FIRE_MUZ/WarFX/_Effects/Smoke/Color Variants/WFX_SmokeGrenade Green.prefab using Guid(298ea2e9f387a124d9ee2b3ac6bb3a23) Importer(2089858483,192608db42251d675da83286b1cce702) (ScriptedImporter) -> (artifact id: '9c04cabb4deada5c3ca613be6a638051') in 0.0259868 seconds
Number of updated asset objects reloaded before import = 0Number of asset objects unloaded after import = 11

========================================================================
Received Import Request.
  Time since last request: 0.000014 seconds.
  path: Assets/FIRE_MUZ/WarFX/_Effects/Fire/Gray Smoke/WFX_GazFireBig (Gray Smoke).prefab
  artifactKey: Guid(b129faff9037943418e319f01ef35913) Importer(2089858483,192608db42251d675da83286b1cce702)
Start importing Assets/FIRE_MUZ/WarFX/_Effects/Fire/Gray Smoke/WFX_GazFireBig (Gray Smoke).prefab using Guid(b129faff9037943418e319f01ef35913) Importer(2089858483,192608db42251d675da83286b1cce702) (ScriptedImporter) -> (artifact id: '6cae4e4a7689a3bd6d87b08b6727f68f') in 0.0266673 seconds
Number of updated asset objects reloaded before import = 0Number of asset objects unloaded after import = 15

========================================================================
Received Import Request.
  Time since last request: 0.000013 seconds.
  path: Assets/FIRE_MUZ/WarFX/Mobile/Materials/Misc/WFXM_M_SmallDotsInv Mult.mat
  artifactKey: Guid(afc088e5b35f1fe409dc180d1424ea1e) Importer(2089858483,192608db42251d675da83286b1cce702)
Start importing Assets/FIRE_MUZ/WarFX/Mobile/Materials/Misc/WFXM_M_SmallDotsInv Mult.mat using Guid(afc088e5b35f1fe409dc180d1424ea1e) Importer(2089858483,192608db42251d675da83286b1cce702) (ScriptedImporter) -> (artifact id: 'ea9b6f85b270735070fcec0592c437a8') in 0.00458 seconds
Number of updated asset objects reloaded before import = 0Number of asset objects unloaded after import = 2

========================================================================
Received Import Request.
  Time since last request: 0.000059 seconds.
  path: Assets/FIRE_MUZ/WarFX/Mobile/Materials/Flames/WFXM_M_FlameSmall 4F Add.mat
  artifactKey: Guid(86b5f27ac71d7754fa5f0159ae8f0d92) Importer(2089858483,192608db42251d675da83286b1cce702)
Start importing Assets/FIRE_MUZ/WarFX/Mobile/Materials/Flames/WFXM_M_FlameSmall 4F Add.mat using Guid(86b5f27ac71d7754fa5f0159ae8f0d92) Importer(2089858483,192608db42251d675da83286b1cce702) (ScriptedImporter) -> (artifact id: 'b23c99863a83f46bf0670fdae0073655') in 0.0047935 seconds
Number of updated asset objects reloaded before import = 0Number of asset objects unloaded after import = 2

========================================================================
Received Import Request.
  Time since last request: 0.000114 seconds.
  path: Assets/FIRE_MUZ/WarFX/Mobile/Materials/Bullet Holes/WFXM_BulletHole Metal.mat
  artifactKey: Guid(4e72013fd53a9f2418f6df159a06e6a9) Importer(2089858483,192608db42251d675da83286b1cce702)
Start importing Assets/FIRE_MUZ/WarFX/Mobile/Materials/Bullet Holes/WFXM_BulletHole Metal.mat using Guid(4e72013fd53a9f2418f6df159a06e6a9) Importer(2089858483,192608db42251d675da83286b1cce702) (ScriptedImporter) -> (artifact id: '1839f0ca5dfc69f84805c48fb59ac46a') in 0.005937 seconds
Number of updated asset objects reloaded before import = 0Number of asset objects unloaded after import = 2

========================================================================
Received Import Request.
  Time since last request: 0.000016 seconds.
  path: Assets/FIRE_MUZ/WarFX/_Effects (Mobile)/Fire/No Smoke/WFXMR_Fire Natural (No Smoke).prefab
  artifactKey: Guid(cb074760d265371429c786718a7ca5e8) Importer(2089858483,192608db42251d675da83286b1cce702)
Start importing Assets/FIRE_MUZ/WarFX/_Effects (Mobile)/Fire/No Smoke/WFXMR_Fire Natural (No Smoke).prefab using Guid(cb074760d265371429c786718a7ca5e8) Importer(2089858483,192608db42251d675da83286b1cce702) (ScriptedImporter) -> (artifact id: '27b0cf022971304ee1bcbbcb35fbc3ce') in 0.0281465 seconds
Number of updated asset objects reloaded before import = 0Number of asset objects unloaded after import = 11

========================================================================
Received Import Request.
  Time since last request: 0.000014 seconds.
  path: Assets/FIRE_MUZ/WarFX/Mobile/Textures/Flames/WFXM_T_FlameThrower Stream.tga
  artifactKey: Guid(2d79bd5c0ba916f4eaef7a2026471516) Importer(2089858483,192608db42251d675da83286b1cce702)
Start importing Assets/FIRE_MUZ/WarFX/Mobile/Textures/Flames/WFXM_T_FlameThrower Stream.tga using Guid(2d79bd5c0ba916f4eaef7a2026471516) Importer(2089858483,192608db42251d675da83286b1cce702) (ScriptedImporter) -> (artifact id: '62b2236ac94ff727d8777854cf77cae0') in 0.0095627 seconds
Number of updated asset objects reloaded before import = 0Number of asset objects unloaded after import = 1

========================================================================
Received Import Request.
  Time since last request: 0.000122 seconds.
  path: Assets/FIRE_MUZ/WarFX/Desktop/Materials/Smoke/WFX_M_ExplosiveSmoke.mat
  artifactKey: Guid(c4934188b933304409ce48e07d589342) Importer(2089858483,192608db42251d675da83286b1cce702)
Start importing Assets/FIRE_MUZ/WarFX/Desktop/Materials/Smoke/WFX_M_ExplosiveSmoke.mat using Guid(c4934188b933304409ce48e07d589342) Importer(2089858483,192608db42251d675da83286b1cce702) (ScriptedImporter) -> (artifact id: '4386b80e867c5727dd374b19038da4f0') in 0.0043934 seconds
Number of updated asset objects reloaded before import = 0Number of asset objects unloaded after import = 2

========================================================================
Received Import Request.
  Time since last request: 0.000072 seconds.
  path: Assets/FIRE_MUZ/WarFX/_Effects/Fire/Black Smoke/WFX_GazFireBig (Black Smoke).prefab
  artifactKey: Guid(977bc30ff641de44bbf012f86491b775) Importer(2089858483,192608db42251d675da83286b1cce702)
Start importing Assets/FIRE_MUZ/WarFX/_Effects/Fire/Black Smoke/WFX_GazFireBig (Black Smoke).prefab using Guid(977bc30ff641de44bbf012f86491b775) Importer(2089858483,192608db42251d675da83286b1cce702) (ScriptedImporter) -> (artifact id: '42e102ad0e62afdb83ead39c56fbb664') in 0.0270978 seconds
Number of updated asset objects reloaded before import = 0Number of asset objects unloaded after import = 15

========================================================================
Received Import Request.
  Time since last request: 0.000017 seconds.
  path: Assets/FIRE_MUZ/WarFX/_Effects/Fire/Gray Smoke/WFX_Fire Natural Broad (Gray Smoke).prefab
  artifactKey: Guid(46db5b1dc2de2384da9a75fc063273be) Importer(2089858483,192608db42251d675da83286b1cce702)
Start importing Assets/FIRE_MUZ/WarFX/_Effects/Fire/Gray Smoke/WFX_Fire Natural Broad (Gray Smoke).prefab using Guid(46db5b1dc2de2384da9a75fc063273be) Importer(2089858483,192608db42251d675da83286b1cce702) (ScriptedImporter) -> (artifact id: '979f9d7740bb28b5befc664e39fbf37d') in 0.0278511 seconds
Number of updated asset objects reloaded before import = 0Number of asset objects unloaded after import = 15

========================================================================
Received Import Request.
  Time since last request: 0.000026 seconds.
  path: Assets/FIRE_MUZ/WarFX/_Effects/Smoke/Color Variants/WFX_SmokeGrenade AlphaBlend Blue.prefab
  artifactKey: Guid(bc0b2f96facec664db900c70be366a48) Importer(2089858483,192608db42251d675da83286b1cce702)
Start importing Assets/FIRE_MUZ/WarFX/_Effects/Smoke/Color Variants/WFX_SmokeGrenade AlphaBlend Blue.prefab using Guid(bc0b2f96facec664db900c70be366a48) Importer(2089858483,192608db42251d675da83286b1cce702) (ScriptedImporter) -> (artifact id: 'd1388d04d765686742bbeb71603d3ca9') in 0.0240141 seconds
Number of updated asset objects reloaded before import = 0Number of asset objects unloaded after import = 11

========================================================================
Received Import Request.
  Time since last request: 0.000015 seconds.
  path: Assets/FIRE_MUZ/WarFX/Mobile/Materials/MuzzleFlashes/WFXM_M_MF Side RIFLE2.mat
  artifactKey: Guid(6b4877ee772cac5478355df5ed9d778f) Importer(2089858483,192608db42251d675da83286b1cce702)
Start importing Assets/FIRE_MUZ/WarFX/Mobile/Materials/MuzzleFlashes/WFXM_M_MF Side RIFLE2.mat using Guid(6b4877ee772cac5478355df5ed9d778f) Importer(2089858483,192608db42251d675da83286b1cce702) (ScriptedImporter) -> (artifact id: '3983faed478172493e427f9dd621b2be') in 0.0060879 seconds
Number of updated asset objects reloaded before import = 0Number of asset objects unloaded after import = 2

========================================================================
Received Import Request.
  Time since last request: 0.000015 seconds.
  path: Assets/FIRE_MUZ/WarFX/Desktop/Materials/Flames/WFX_M_FlameThrower Stream.mat
  artifactKey: Guid(1371a6078902c7b4faaebd2d94e436d4) Importer(2089858483,192608db42251d675da83286b1cce702)
Start importing Assets/FIRE_MUZ/WarFX/Desktop/Materials/Flames/WFX_M_FlameThrower Stream.mat using Guid(1371a6078902c7b4faaebd2d94e436d4) Importer(2089858483,192608db42251d675da83286b1cce702) (ScriptedImporter) -> (artifact id: 'e7f8f569caee2b3672f9cb784a35b8c5') in 0.0044404 seconds
Number of updated asset objects reloaded before import = 0Number of asset objects unloaded after import = 2

========================================================================
Received Import Request.
  Time since last request: 0.000048 seconds.
  path: Assets/FIRE_MUZ/WarFX/_Effects/Smoke/Color Variants/WFX_SmokeGrenade AlphaBlend Purple.prefab
  artifactKey: Guid(7cde0416639579a4787e7142ede5fd5f) Importer(2089858483,192608db42251d675da83286b1cce702)
Start importing Assets/FIRE_MUZ/WarFX/_Effects/Smoke/Color Variants/WFX_SmokeGrenade AlphaBlend Purple.prefab using Guid(7cde0416639579a4787e7142ede5fd5f) Importer(2089858483,192608db42251d675da83286b1cce702) (ScriptedImporter) -> (artifact id: '0df1edbb96e34e8a3889ced55eddbb70') in 0.0268835 seconds
Number of updated asset objects reloaded before import = 0Number of asset objects unloaded after import = 11

========================================================================
Received Import Request.
  Time since last request: 0.000059 seconds.
  path: Assets/FIRE_MUZ/WarFX/Desktop/Textures/MuzzleFlashes/WFX_T_MF Sparks RIFLE1 A8.tga
  artifactKey: Guid(9bece53dc19e3a040bcb3277a7721499) Importer(2089858483,192608db42251d675da83286b1cce702)
Start importing Assets/FIRE_MUZ/WarFX/Desktop/Textures/MuzzleFlashes/WFX_T_MF Sparks RIFLE1 A8.tga using Guid(9bece53dc19e3a040bcb3277a7721499) Importer(2089858483,192608db42251d675da83286b1cce702) (ScriptedImporter) -> (artifact id: '523e3f661a91c464501d44e31010f651') in 0.0099596 seconds
Number of updated asset objects reloaded before import = 0Number of asset objects unloaded after import = 1

========================================================================
Received Import Request.
  Time since last request: 0.000246 seconds.
  path: Assets/FIRE_MUZ/WarFX/Mobile/Materials/Flames/WFXM_M_StarFlames.mat
  artifactKey: Guid(ca50e5d898bcba4489bb430ccdc2135e) Importer(2089858483,192608db42251d675da83286b1cce702)
Start importing Assets/FIRE_MUZ/WarFX/Mobile/Materials/Flames/WFXM_M_StarFlames.mat using Guid(ca50e5d898bcba4489bb430ccdc2135e) Importer(2089858483,192608db42251d675da83286b1cce702) (ScriptedImporter) -> (artifact id: '228b579895715b3194d54d26e77b61c6') in 0.0043231 seconds
Number of updated asset objects reloaded before import = 0Number of asset objects unloaded after import = 2

========================================================================
Received Import Request.
  Time since last request: 0.000015 seconds.
  path: Assets/FIRE_MUZ/WarFX/Desktop/Materials/Misc/WFX_M_GlowPalet Add.mat
  artifactKey: Guid(0f995b3145e0e7247a42da6cef1dbf23) Importer(2089858483,192608db42251d675da83286b1cce702)
Start importing Assets/FIRE_MUZ/WarFX/Desktop/Materials/Misc/WFX_M_GlowPalet Add.mat using Guid(0f995b3145e0e7247a42da6cef1dbf23) Importer(2089858483,192608db42251d675da83286b1cce702) (ScriptedImporter) -> (artifact id: '6c26c393a2b176bf12b6a14c38f8df12') in 0.0046893 seconds
Number of updated asset objects reloaded before import = 0Number of asset objects unloaded after import = 2

========================================================================
Received Import Request.
  Time since last request: 0.000068 seconds.
  path: Assets/FIRE_MUZ/WarFX/Mobile/Textures/Flames/WFXM_T_FlamesSmall 4frm.tga
  artifactKey: Guid(3306c33d592bee140a52099c1882241a) Importer(2089858483,192608db42251d675da83286b1cce702)
Start importing Assets/FIRE_MUZ/WarFX/Mobile/Textures/Flames/WFXM_T_FlamesSmall 4frm.tga using Guid(3306c33d592bee140a52099c1882241a) Importer(2089858483,192608db42251d675da83286b1cce702) (ScriptedImporter) -> (artifact id: '1e5b7ad2425ff95f7652c236a0a673a7') in 0.0077808 seconds
Number of updated asset objects reloaded before import = 0Number of asset objects unloaded after import = 1

========================================================================
Received Import Request.
  Time since last request: 0.000199 seconds.
  path: Assets/FIRE_MUZ/WarFX/Mobile/Textures/MuzzleFlashes/WFXM_T_MF Side RIFLE2 A8.png
  artifactKey: Guid(c1f93861bd2b8a4498997334a868b1a5) Importer(2089858483,192608db42251d675da83286b1cce702)
Start importing Assets/FIRE_MUZ/WarFX/Mobile/Textures/MuzzleFlashes/WFXM_T_MF Side RIFLE2 A8.png using Guid(c1f93861bd2b8a4498997334a868b1a5) Importer(2089858483,192608db42251d675da83286b1cce702) (ScriptedImporter) -> (artifact id: '30fe110b0d85017b4aeabfca154a003e') in 0.0080279 seconds
Number of updated asset objects reloaded before import = 0Number of asset objects unloaded after import = 1

========================================================================
Received Import Request.
  Time since last request: 0.000034 seconds.
  path: Assets/FIRE_MUZ/WarFX/Mobile/Materials/MuzzleFlashes/WFXM_M_MF FrontRear RIFLE2.mat
  artifactKey: Guid(8a122265722d0b548a0873d2129e8993) Importer(2089858483,192608db42251d675da83286b1cce702)
Start importing Assets/FIRE_MUZ/WarFX/Mobile/Materials/MuzzleFlashes/WFXM_M_MF FrontRear RIFLE2.mat using Guid(8a122265722d0b548a0873d2129e8993) Importer(2089858483,192608db42251d675da83286b1cce702) (ScriptedImporter) -> (artifact id: 'ae4a9f8b4f3e70167df6497da1ec2ac8') in 0.0048892 seconds
Number of updated asset objects reloaded before import = 0Number of asset objects unloaded after import = 2

========================================================================
Received Import Request.
  Time since last request: 0.000019 seconds.
  path: Assets/FIRE_MUZ/WarFX/Desktop/Textures/Smoke/WFX_T_SmokeSpikeStretched A8.tga
  artifactKey: Guid(0f3f5635b6a7c0c4c9723fd09fa51d5a) Importer(2089858483,192608db42251d675da83286b1cce702)
Start importing Assets/FIRE_MUZ/WarFX/Desktop/Textures/Smoke/WFX_T_SmokeSpikeStretched A8.tga using Guid(0f3f5635b6a7c0c4c9723fd09fa51d5a) Importer(2089858483,192608db42251d675da83286b1cce702) (ScriptedImporter) -> (artifact id: '52993066f6c3f30c5dd8b79ed8be9a10') in 0.0075419 seconds
Number of updated asset objects reloaded before import = 0Number of asset objects unloaded after import = 1

========================================================================
Received Import Request.
  Time since last request: 0.042834 seconds.
  path: Assets/FIRE_MUZ/WarFX/_Effects (Mobile)/MuzzleFlashes/Sprites/WFXMR_MF Spr RIFLE1.prefab
  artifactKey: Guid(2f7910242354c78419d50ac9e64b496f) Importer(2089858483,192608db42251d675da83286b1cce702)
Start importing Assets/FIRE_MUZ/WarFX/_Effects (Mobile)/MuzzleFlashes/Sprites/WFXMR_MF Spr RIFLE1.prefab using Guid(2f7910242354c78419d50ac9e64b496f) Importer(2089858483,192608db42251d675da83286b1cce702) (ScriptedImporter) -> (artifact id: '2e7deb0f15ec475f9cc6745a174bb609') in 0.0240928 seconds
Number of updated asset objects reloaded before import = 0Number of asset objects unloaded after import = 21

========================================================================
Received Import Request.
  Time since last request: 0.000012 seconds.
  path: Assets/Samples/XR Interaction Toolkit/3.0.8/Starter Assets/TunnelingVignette/TunnelingVignetteHemisphere.fbx
  artifactKey: Guid(5833e680dc0f7ae47aec6b4286570484) Importer(2089858483,192608db42251d675da83286b1cce702)
Start importing Assets/Samples/XR Interaction Toolkit/3.0.8/Starter Assets/TunnelingVignette/TunnelingVignetteHemisphere.fbx using Guid(5833e680dc0f7ae47aec6b4286570484) Importer(2089858483,192608db42251d675da83286b1cce702) (ScriptedImporter) -> (artifact id: '7aaadb88e81e3e6a680dbd790057868a') in 0.013116 seconds
Number of updated asset objects reloaded before import = 0Number of asset objects unloaded after import = 7

========================================================================
Received Import Request.
  Time since last request: 0.000082 seconds.
  path: Assets/Samples/XR Interaction Toolkit/3.0.8/Hands Interaction Demo/DatumPresets/Menu Controller Follow Preset.asset
  artifactKey: Guid(2899508b1645c5e4fa421b4217da9539) Importer(2089858483,192608db42251d675da83286b1cce702)
Start importing Assets/Samples/XR Interaction Toolkit/3.0.8/Hands Interaction Demo/DatumPresets/Menu Controller Follow Preset.asset using Guid(2899508b1645c5e4fa421b4217da9539) Importer(2089858483,192608db42251d675da83286b1cce702) (ScriptedImporter) -> (artifact id: '635e2e4189203869c008361fe6f660a0') in 0.0068114 seconds
Number of updated asset objects reloaded before import = 0Number of asset objects unloaded after import = 1

========================================================================
Received Import Request.
  Time since last request: 0.000302 seconds.
  path: Assets/FIRE_MUZ/WarFX/_Effects/Bullet Impacts/+ Bullet Hole/Unlit/WFX_BImpact Wood NoCollision + Hole Unlit.prefab
  artifactKey: Guid(9bdf482976052a647946e8159033a295) Importer(2089858483,192608db42251d675da83286b1cce702)
Start importing Assets/FIRE_MUZ/WarFX/_Effects/Bullet Impacts/+ Bullet Hole/Unlit/WFX_BImpact Wood NoCollision + Hole Unlit.prefab using Guid(9bdf482976052a647946e8159033a295) Importer(2089858483,192608db42251d675da83286b1cce702) (ScriptedImporter) -> (artifact id: 'b28de07352c11fa42e85cc357b640ee0') in 0.0289961 seconds
Number of updated asset objects reloaded before import = 0Number of asset objects unloaded after import = 21

========================================================================
Received Import Request.
  Time since last request: 0.000015 seconds.
  path: Assets/FIRE_MUZ/WarFX/_Effects/Bullet Impacts/+ Bullet Hole/Lit/WFX_BImpact Concrete + Hole Lit.prefab
  artifactKey: Guid(9e95c7b2183a4f345aaf86846f8f1918) Importer(2089858483,192608db42251d675da83286b1cce702)
Start importing Assets/FIRE_MUZ/WarFX/_Effects/Bullet Impacts/+ Bullet Hole/Lit/WFX_BImpact Concrete + Hole Lit.prefab using Guid(9e95c7b2183a4f345aaf86846f8f1918) Importer(2089858483,192608db42251d675da83286b1cce702) (ScriptedImporter) -> (artifact id: '01f957a11a116ad37a9865edae50f970') in 0.0267439 seconds
Number of updated asset objects reloaded before import = 0Number of asset objects unloaded after import = 21

========================================================================
Received Import Request.
  Time since last request: 0.000017 seconds.
  path: Assets/FIRE_MUZ/WarFX/_Effects (Mobile)/Bullet Impacts/+ Bullet Hole/Lit/WFXMR_BImpact Wood NoCollision + Hole Lit.prefab
  artifactKey: Guid(133ce51c43895d8478487fdabceb2e64) Importer(2089858483,192608db42251d675da83286b1cce702)
Start importing Assets/FIRE_MUZ/WarFX/_Effects (Mobile)/Bullet Impacts/+ Bullet Hole/Lit/WFXMR_BImpact Wood NoCollision + Hole Lit.prefab using Guid(133ce51c43895d8478487fdabceb2e64) Importer(2089858483,192608db42251d675da83286b1cce702) (ScriptedImporter) -> (artifact id: 'e838066a0b18740d0c947f1abaa5eb03') in 0.0320586 seconds
Number of updated asset objects reloaded before import = 0Number of asset objects unloaded after import = 21

========================================================================
Received Import Request.
  Time since last request: 0.000014 seconds.
  path: Assets/Samples/XR Hands/1.5.1/HandVisualizer/Prefabs/Left Hand Tracking.prefab
  artifactKey: Guid(b3ed8a0a703ebd34a9e44ed3d9f1fcf6) Importer(2089858483,192608db42251d675da83286b1cce702)
Start importing Assets/Samples/XR Hands/1.5.1/HandVisualizer/Prefabs/Left Hand Tracking.prefab using Guid(b3ed8a0a703ebd34a9e44ed3d9f1fcf6) Importer(2089858483,192608db42251d675da83286b1cce702) (ScriptedImporter) -> (artifact id: '10db55c2381d0e9576d3d0842744a50b') in 0.018159 seconds
Number of updated asset objects reloaded before import = 0Number of asset objects unloaded after import = 122

========================================================================
Received Import Request.
  Time since last request: 0.000013 seconds.
  path: Assets/FIRE_MUZ/WarFX/_Effects (Mobile)/Bullet Impacts/+ Bullet Hole/Lit/WFXMR_BImpact Wood + Hole Lit.prefab
  artifactKey: Guid(7499aeb6567134b4dbfadc6051f4546d) Importer(2089858483,192608db42251d675da83286b1cce702)
Start importing Assets/FIRE_MUZ/WarFX/_Effects (Mobile)/Bullet Impacts/+ Bullet Hole/Lit/WFXMR_BImpact Wood + Hole Lit.prefab using Guid(7499aeb6567134b4dbfadc6051f4546d) Importer(2089858483,192608db42251d675da83286b1cce702) (ScriptedImporter) -> (artifact id: 'ba25a768d4b56e8c8d42f1ed1d272daa') in 0.0318495 seconds
Number of updated asset objects reloaded before import = 0Number of asset objects unloaded after import = 21

========================================================================
Received Import Request.
  Time since last request: 0.000014 seconds.
  path: Assets/Samples/XR Interaction Toolkit/3.0.8/Hands Interaction Demo/Shaders/Unity_Hand_HDR.shadergraph
  artifactKey: Guid(0f2e4d0d30e2b93488dce2f0124a9b44) Importer(2089858483,192608db42251d675da83286b1cce702)
Start importing Assets/Samples/XR Interaction Toolkit/3.0.8/Hands Interaction Demo/Shaders/Unity_Hand_HDR.shadergraph using Guid(0f2e4d0d30e2b93488dce2f0124a9b44) Importer(2089858483,192608db42251d675da83286b1cce702) (ScriptedImporter) -> (artifact id: '5e0bcb02f2ce61e4f49dd73bb77a9ab5') in 0.189999 seconds
Number of updated asset objects reloaded before import = 0Number of asset objects unloaded after import = 4

========================================================================
Received Import Request.
  Time since last request: 0.000022 seconds.
  path: Assets/Samples/XR Interaction Toolkit/3.0.8/Starter Assets/DemoSceneAssets/Models/Primitive_Cylinder.fbx
  artifactKey: Guid(73b694bb0f61cd14e9e1ed7b578ac09a) Importer(2089858483,192608db42251d675da83286b1cce702)
Start importing Assets/Samples/XR Interaction Toolkit/3.0.8/Starter Assets/DemoSceneAssets/Models/Primitive_Cylinder.fbx using Guid(73b694bb0f61cd14e9e1ed7b578ac09a) Importer(2089858483,192608db42251d675da83286b1cce702) (ScriptedImporter) -> (artifact id: 'e4737a67d18bda2217141e8acdcf6932') in 0.0114444 seconds
Number of updated asset objects reloaded before import = 0Number of asset objects unloaded after import = 8

========================================================================
Received Import Request.
  Time since last request: 0.000041 seconds.
  path: Assets/Samples/XR Interaction Toolkit/3.0.8/Starter Assets/Presets/XRI Default Left Grab Move.preset
  artifactKey: Guid(e2e08fffc3edfbb47a429bae0c5a6343) Importer(2089858483,192608db42251d675da83286b1cce702)
Start importing Assets/Samples/XR Interaction Toolkit/3.0.8/Starter Assets/Presets/XRI Default Left Grab Move.preset using Guid(e2e08fffc3edfbb47a429bae0c5a6343) Importer(2089858483,192608db42251d675da83286b1cce702) (ScriptedImporter) -> (artifact id: '93e465ee3219efddaba25ea393964068') in 0.0111227 seconds
Number of updated asset objects reloaded before import = 0Number of asset objects unloaded after import = 3

========================================================================
Received Import Request.
  Time since last request: 0.000077 seconds.
  path: Assets/Samples/XR Interaction Toolkit/3.0.8/Hands Interaction Demo/HandsDemoSceneAssets/Scripts/ObjectResetPlane.cs
  artifactKey: Guid(54ce4268a4182384da360e6e2654d3a6) Importer(2089858483,192608db42251d675da83286b1cce702)
Start importing Assets/Samples/XR Interaction Toolkit/3.0.8/Hands Interaction Demo/HandsDemoSceneAssets/Scripts/ObjectResetPlane.cs using Guid(54ce4268a4182384da360e6e2654d3a6) Importer(2089858483,192608db42251d675da83286b1cce702) (ScriptedImporter) -> (artifact id: '3596d4225d68378600b1e62cf538ff0c') in 0.0027578 seconds
Number of updated asset objects reloaded before import = 0Number of asset objects unloaded after import = 0

========================================================================
Received Import Request.
  Time since last request: 0.000459 seconds.
  path: Assets/Samples/XR Interaction Toolkit/3.0.8/Starter Assets/DemoSceneAssets/Materials/Concrete Grey.mat
  artifactKey: Guid(842f1b88643f1bb458ba6243088e344e) Importer(2089858483,192608db42251d675da83286b1cce702)
Start importing Assets/Samples/XR Interaction Toolkit/3.0.8/Starter Assets/DemoSceneAssets/Materials/Concrete Grey.mat using Guid(842f1b88643f1bb458ba6243088e344e) Importer(2089858483,192608db42251d675da83286b1cce702) (ScriptedImporter) -> (artifact id: '51b309ee86bc99d0e7f5b3749d06c2eb') in 0.0357043 seconds
Number of updated asset objects reloaded before import = 0Number of asset objects unloaded after import = 3

========================================================================
Received Import Request.
  Time since last request: 0.000168 seconds.
  path: Assets/Samples/XR Interaction Toolkit/3.0.8/Starter Assets/DemoSceneAssets/Models/Primitive_Torus.fbx
  artifactKey: Guid(f077c919501a44778a0c2edb6eb1a54a) Importer(2089858483,192608db42251d675da83286b1cce702)
Start importing Assets/Samples/XR Interaction Toolkit/3.0.8/Starter Assets/DemoSceneAssets/Models/Primitive_Torus.fbx using Guid(f077c919501a44778a0c2edb6eb1a54a) Importer(2089858483,192608db42251d675da83286b1cce702) (ScriptedImporter) -> (artifact id: '50cd3d1ee3d2e9bb159902ad62289da0') in 0.0115402 seconds
Number of updated asset objects reloaded before import = 0Number of asset objects unloaded after import = 8

========================================================================
Received Import Request.
  Time since last request: 0.000148 seconds.
  path: Assets/Samples/XR Interaction Toolkit/3.0.8/Starter Assets/DemoSceneAssets/Models/PushButton.fbx
  artifactKey: Guid(7ab6f3b0fd1a6ba41b2a47766c16613f) Importer(2089858483,192608db42251d675da83286b1cce702)
Start importing Assets/Samples/XR Interaction Toolkit/3.0.8/Starter Assets/DemoSceneAssets/Models/PushButton.fbx using Guid(7ab6f3b0fd1a6ba41b2a47766c16613f) Importer(2089858483,192608db42251d675da83286b1cce702) (ScriptedImporter) -> (artifact id: 'b2cd800e8847af2c38924b128fe29ef5') in 0.0093056 seconds
Number of updated asset objects reloaded before import = 0Number of asset objects unloaded after import = 18

========================================================================
Received Import Request.
  Time since last request: 0.000089 seconds.
  path: Assets/Samples/XR Interaction Toolkit/3.0.8/Hands Interaction Demo/HandsDemoSceneAssets/Materials/AccentButton.mat
  artifactKey: Guid(53c16fb5d5c516b40a1f6a8fc34132f3) Importer(2089858483,192608db42251d675da83286b1cce702)
Start importing Assets/Samples/XR Interaction Toolkit/3.0.8/Hands Interaction Demo/HandsDemoSceneAssets/Materials/AccentButton.mat using Guid(53c16fb5d5c516b40a1f6a8fc34132f3) Importer(2089858483,192608db42251d675da83286b1cce702) (ScriptedImporter) -> (artifact id: '85c6e211a025c07bf283b00e09fff6cd') in 0.0043337 seconds
Number of updated asset objects reloaded before import = 0Number of asset objects unloaded after import = 1

========================================================================
Received Import Request.
  Time since last request: 0.000273 seconds.
  path: Assets/Samples/XR Interaction Toolkit/3.0.8/Starter Assets/DemoSceneAssets/Models/Primitive_Torus_Cut.fbx
  artifactKey: Guid(46c1c422ff6897f49a404b012dc924d3) Importer(2089858483,192608db42251d675da83286b1cce702)
Start importing Assets/Samples/XR Interaction Toolkit/3.0.8/Starter Assets/DemoSceneAssets/Models/Primitive_Torus_Cut.fbx using Guid(46c1c422ff6897f49a404b012dc924d3) Importer(2089858483,192608db42251d675da83286b1cce702) (ScriptedImporter) -> (artifact id: '9c3d7ebba9fde8d1dd5e1f46c18b5636') in 0.0122031 seconds
Number of updated asset objects reloaded before import = 0Number of asset objects unloaded after import = 8

========================================================================
Received Import Request.
  Time since last request: 0.000243 seconds.
  path: Assets/Samples/XR Interaction Toolkit/3.0.8/Starter Assets/Presets/XRI Default Continuous Move.preset
  artifactKey: Guid(27c5945ad36f6f147bc402250679a228) Importer(2089858483,192608db42251d675da83286b1cce702)
Start importing Assets/Samples/XR Interaction Toolkit/3.0.8/Starter Assets/Presets/XRI Default Continuous Move.preset using Guid(27c5945ad36f6f147bc402250679a228) Importer(2089858483,192608db42251d675da83286b1cce702) (ScriptedImporter) -> (artifact id: '7f0e9458a36a7ebd9a139c85ec4ad66e') in 0.0063919 seconds
Number of updated asset objects reloaded before import = 0Number of asset objects unloaded after import = 4

========================================================================
Received Import Request.
  Time since last request: 0.000318 seconds.
  path: Assets/Samples/XR Interaction Toolkit/3.0.8/Starter Assets/Materials/FresnelHighlight.mat
  artifactKey: Guid(f5ccd52dc494e054fbe7d7161dcabe25) Importer(2089858483,192608db42251d675da83286b1cce702)
Start importing Assets/Samples/XR Interaction Toolkit/3.0.8/Starter Assets/Materials/FresnelHighlight.mat using Guid(f5ccd52dc494e054fbe7d7161dcabe25) Importer(2089858483,192608db42251d675da83286b1cce702) (ScriptedImporter) -> (artifact id: 'f3ae81fbea42d077c42b2b5200107fa7') in 0.0059933 seconds
Number of updated asset objects reloaded before import = 0Number of asset objects unloaded after import = 1

========================================================================
Received Import Request.
  Time since last request: 0.000045 seconds.
  path: Assets/Samples/XR Interaction Toolkit/3.0.8/Hands Interaction Demo/HandsDemoSceneAssets/Models/Primitives/Cube.fbx
  artifactKey: Guid(7cf3ac7bcd2e5471fb54d5f5da9aad56) Importer(2089858483,192608db42251d675da83286b1cce702)
Start importing Assets/Samples/XR Interaction Toolkit/3.0.8/Hands Interaction Demo/HandsDemoSceneAssets/Models/Primitives/Cube.fbx using Guid(7cf3ac7bcd2e5471fb54d5f5da9aad56) Importer(2089858483,192608db42251d675da83286b1cce702) (ScriptedImporter) -> (artifact id: 'f27f8c964a79597ef78f2b2a45bd570a') in 0.0145042 seconds
Number of updated asset objects reloaded before import = 0Number of asset objects unloaded after import = 8

========================================================================
Received Import Request.
  Time since last request: 0.000253 seconds.
  path: Assets/Samples/XR Interaction Toolkit/3.0.8/Starter Assets/DemoSceneAssets/Prefabs/Interactables/Torus-Cut.prefab
  artifactKey: Guid(833cb867d186193418fc107735ae3139) Importer(2089858483,192608db42251d675da83286b1cce702)
Start importing Assets/Samples/XR Interaction Toolkit/3.0.8/Starter Assets/DemoSceneAssets/Prefabs/Interactables/Torus-Cut.prefab using Guid(833cb867d186193418fc107735ae3139) Importer(2089858483,192608db42251d675da83286b1cce702) (ScriptedImporter) -> (artifact id: '12b16c901e5fc9c6aaac9d2a0f630246') in 0.0396537 seconds
Number of updated asset objects reloaded before import = 0Number of asset objects unloaded after import = 22

========================================================================
Received Import Request.
  Time since last request: 0.000119 seconds.
  path: Assets/Samples/XR Interaction Toolkit/3.0.8/Hands Interaction Demo/HandsDemoSceneAssets/Models/Primitives/Cylinder.fbx
  artifactKey: Guid(bf65382e5e6d14e7f8140e4204ce07e2) Importer(2089858483,192608db42251d675da83286b1cce702)
Start importing Assets/Samples/XR Interaction Toolkit/3.0.8/Hands Interaction Demo/HandsDemoSceneAssets/Models/Primitives/Cylinder.fbx using Guid(bf65382e5e6d14e7f8140e4204ce07e2) Importer(2089858483,192608db42251d675da83286b1cce702) (ScriptedImporter) -> (artifact id: '6b8b438392fd31127e3488a761a17a40') in 0.0081912 seconds
Number of updated asset objects reloaded before import = 0Number of asset objects unloaded after import = 8

========================================================================
Received Import Request.
  Time since last request: 0.000099 seconds.
  path: Assets/Samples/XR Interaction Toolkit/3.0.8/Starter Assets/DemoSceneAssets/Scripts/IncrementUIText.cs
  artifactKey: Guid(ba6ff5e7c92519444bc2a7ca46558963) Importer(2089858483,192608db42251d675da83286b1cce702)
Start importing Assets/Samples/XR Interaction Toolkit/3.0.8/Starter Assets/DemoSceneAssets/Scripts/IncrementUIText.cs using Guid(ba6ff5e7c92519444bc2a7ca46558963) Importer(2089858483,192608db42251d675da83286b1cce702) (ScriptedImporter) -> (artifact id: '60d26c66e6fe05f28cdca073c22a4ab2') in 0.003281 seconds
Number of updated asset objects reloaded before import = 0Number of asset objects unloaded after import = 0

========================================================================
Received Import Request.
  Time since last request: 0.000332 seconds.
  path: Assets/Samples/XR Interaction Toolkit/3.0.8/Starter Assets/Prefabs/Affordances/PokePointerAffordance.prefab
  artifactKey: Guid(bb91fcbcb3cc896468b372b1c762bfab) Importer(2089858483,192608db42251d675da83286b1cce702)
Start importing Assets/Samples/XR Interaction Toolkit/3.0.8/Starter Assets/Prefabs/Affordances/PokePointerAffordance.prefab using Guid(bb91fcbcb3cc896468b372b1c762bfab) Importer(2089858483,192608db42251d675da83286b1cce702) (ScriptedImporter) -> (artifact id: 'bb2f09bb370c01e4ea1208dd98d37461') in 0.005176 seconds
Number of updated asset objects reloaded before import = 0Number of asset objects unloaded after import = 15

========================================================================
Received Import Request.
  Time since last request: 0.000204 seconds.
  path: Assets/Samples/XR Interaction Toolkit/3.0.8/XR Device Simulator/UI/General/Gripper.png
  artifactKey: Guid(17689808316e14280ad508a625c4c88f) Importer(2089858483,192608db42251d675da83286b1cce702)
Start importing Assets/Samples/XR Interaction Toolkit/3.0.8/XR Device Simulator/UI/General/Gripper.png using Guid(17689808316e14280ad508a625c4c88f) Importer(2089858483,192608db42251d675da83286b1cce702) (ScriptedImporter) -> (artifact id: '6be3efba4b7d5710c9a1cff41e0d0120') in 0.0114302 seconds
Number of updated asset objects reloaded before import = 0Number of asset objects unloaded after import = 3

========================================================================
Received Import Request.
  Time since last request: 0.000053 seconds.
  path: Assets/Samples/XR Interaction Toolkit/3.0.8/XR Device Simulator/UI/Hands/Hand_Grab.png
  artifactKey: Guid(bd6b9153aa3b96f49b238bbf6ae68b80) Importer(2089858483,192608db42251d675da83286b1cce702)
Start importing Assets/Samples/XR Interaction Toolkit/3.0.8/XR Device Simulator/UI/Hands/Hand_Grab.png using Guid(bd6b9153aa3b96f49b238bbf6ae68b80) Importer(2089858483,192608db42251d675da83286b1cce702) (ScriptedImporter) -> (artifact id: 'e24a3c3fbac1a1fd7003a2be1c832d84') in 0.0089104 seconds
Number of updated asset objects reloaded before import = 0Number of asset objects unloaded after import = 3

========================================================================
Received Import Request.
  Time since last request: 0.000042 seconds.
  path: Assets/Samples/XR Interaction Toolkit/3.0.8/Starter Assets/DemoSceneAssets/Prefabs/Climb/Ladder.prefab
  artifactKey: Guid(b3830b3b2f190ee46a9c88433e985221) Importer(2089858483,192608db42251d675da83286b1cce702)
Start importing Assets/Samples/XR Interaction Toolkit/3.0.8/Starter Assets/DemoSceneAssets/Prefabs/Climb/Ladder.prefab using Guid(b3830b3b2f190ee46a9c88433e985221) Importer(2089858483,192608db42251d675da83286b1cce702) (ScriptedImporter) -> (artifact id: '47696ad6fed60f34ec3b30a0107e45ef') in 0.0108254 seconds
Number of updated asset objects reloaded before import = 0Number of asset objects unloaded after import = 141

========================================================================
Received Import Request.
  Time since last request: 0.000018 seconds.
  path: Assets/Samples/XR Interaction Toolkit/3.0.8/XR Device Simulator/UI/ControllerDevice/xr_ctlr.png
  artifactKey: Guid(7d7a2f6c5e996e24388af5a8227afdcf) Importer(2089858483,192608db42251d675da83286b1cce702)
Start importing Assets/Samples/XR Interaction Toolkit/3.0.8/XR Device Simulator/UI/ControllerDevice/xr_ctlr.png using Guid(7d7a2f6c5e996e24388af5a8227afdcf) Importer(2089858483,192608db42251d675da83286b1cce702) (ScriptedImporter) -> (artifact id: 'faf99e6664937df3ec2b65f0214a57d7') in 0.0089803 seconds
Number of updated asset objects reloaded before import = 0Number of asset objects unloaded after import = 3

========================================================================
Received Import Request.
  Time since last request: 0.000098 seconds.
  path: Assets/Samples/XR Interaction Toolkit/3.0.8/Hands Interaction Demo/Textures/CombinedFingerIndexHighlight.png
  artifactKey: Guid(323e734c56102e643a829e6f33533314) Importer(2089858483,192608db42251d675da83286b1cce702)
Start importing Assets/Samples/XR Interaction Toolkit/3.0.8/Hands Interaction Demo/Textures/CombinedFingerIndexHighlight.png using Guid(323e734c56102e643a829e6f33533314) Importer(2089858483,192608db42251d675da83286b1cce702) (ScriptedImporter) -> (artifact id: 'd37c964178089cdf7c48f1e885c84569') in 0.0075775 seconds
Number of updated asset objects reloaded before import = 0Number of asset objects unloaded after import = 1

========================================================================
Received Import Request.
  Time since last request: 0.000378 seconds.
  path: Assets/Samples/XR Interaction Toolkit/3.0.8/Starter Assets/DemoSceneAssets/Prefabs/Gaze Interactables.prefab
  artifactKey: Guid(e05cd47ab8981f64badd3bfe29af8f4e) Importer(2089858483,192608db42251d675da83286b1cce702)
Start importing Assets/Samples/XR Interaction Toolkit/3.0.8/Starter Assets/DemoSceneAssets/Prefabs/Gaze Interactables.prefab using Guid(e05cd47ab8981f64badd3bfe29af8f4e) Importer(2089858483,192608db42251d675da83286b1cce702) (ScriptedImporter) -> (artifact id: '484e07aa78ce76a9e662c9832da18f4d') in 0.0091485 seconds
Number of updated asset objects reloaded before import = 0Number of asset objects unloaded after import = 41

========================================================================
Received Import Request.
  Time since last request: 0.000012 seconds.
  path: Assets/Samples/XR Interaction Toolkit/3.0.8/XR Device Simulator/UI/HeadDevice/HMD_d.png
  artifactKey: Guid(177f60e6b21ff774093004ca330b2241) Importer(2089858483,192608db42251d675da83286b1cce702)
Start importing Assets/Samples/XR Interaction Toolkit/3.0.8/XR Device Simulator/UI/HeadDevice/HMD_d.png using Guid(177f60e6b21ff774093004ca330b2241) Importer(2089858483,192608db42251d675da83286b1cce702) (ScriptedImporter) -> (artifact id: '097a1769168dee3305bada30973c59ef') in 0.0088585 seconds
Number of updated asset objects reloaded before import = 0Number of asset objects unloaded after import = 3

========================================================================
Received Import Request.
  Time since last request: 0.000388 seconds.
  path: Assets/Samples/XR Interaction Toolkit/3.0.8/Starter Assets/DemoSceneAssets/Prefabs/Interactables/Push Button.prefab
  artifactKey: Guid(76f3439a0ae796e4b81bee3f91f888ee) Importer(2089858483,192608db42251d675da83286b1cce702)
Start importing Assets/Samples/XR Interaction Toolkit/3.0.8/Starter Assets/DemoSceneAssets/Prefabs/Interactables/Push Button.prefab using Guid(76f3439a0ae796e4b81bee3f91f888ee) Importer(2089858483,192608db42251d675da83286b1cce702) (ScriptedImporter) -> (artifact id: '5e3a4c74dc4b5a002e4e0c89d40270e7') in 0.0238334 seconds
Number of updated asset objects reloaded before import = 0Number of asset objects unloaded after import = 30

========================================================================
Received Import Request.
  Time since last request: 0.000013 seconds.
  path: Assets/Samples/XR Interaction Toolkit/3.0.8/Starter Assets/DemoSceneAssets/Prefabs/Teleport/Teleport Area.prefab
  artifactKey: Guid(beb4e2871579447497fe41dfb108e2cd) Importer(2089858483,192608db42251d675da83286b1cce702)
Start importing Assets/Samples/XR Interaction Toolkit/3.0.8/Starter Assets/DemoSceneAssets/Prefabs/Teleport/Teleport Area.prefab using Guid(beb4e2871579447497fe41dfb108e2cd) Importer(2089858483,192608db42251d675da83286b1cce702) (ScriptedImporter) -> (artifact id: 'a20d5563c8c2c79a7fa7f657cc063614') in 0.017642 seconds
Number of updated asset objects reloaded before import = 0Number of asset objects unloaded after import = 10

========================================================================
Received Import Request.
  Time since last request: 0.000080 seconds.
  path: Assets/Samples/XR Interaction Toolkit/3.0.8/Starter Assets/Scripts/MaterialPipelineHandler.cs
  artifactKey: Guid(e7883133e628dff4a86f50c082f77055) Importer(2089858483,192608db42251d675da83286b1cce702)
Start importing Assets/Samples/XR Interaction Toolkit/3.0.8/Starter Assets/Scripts/MaterialPipelineHandler.cs using Guid(e7883133e628dff4a86f50c082f77055) Importer(2089858483,192608db42251d675da83286b1cce702) (ScriptedImporter) -> (artifact id: 'b84d911fdb5bb479d29cf6b14d795ad2') in 0.0030692 seconds
Number of updated asset objects reloaded before import = 0Number of asset objects unloaded after import = 0

========================================================================
Received Import Request.
  Time since last request: 0.000083 seconds.
  path: Assets/Samples/XR Interaction Toolkit/3.0.8/Starter Assets/Presets/XRI Default XR UI Input Module.preset
  artifactKey: Guid(2c3e7ff9ab352b74da862a5a8779b276) Importer(2089858483,192608db42251d675da83286b1cce702)
Start importing Assets/Samples/XR Interaction Toolkit/3.0.8/Starter Assets/Presets/XRI Default XR UI Input Module.preset using Guid(2c3e7ff9ab352b74da862a5a8779b276) Importer(2089858483,192608db42251d675da83286b1cce702) (ScriptedImporter) -> (artifact id: '1559ca73991fa9dfb6960331637315e7') in 0.0080312 seconds
Number of updated asset objects reloaded before import = 0Number of asset objects unloaded after import = 10

========================================================================
Received Import Request.
  Time since last request: 0.000132 seconds.
  path: Assets/Samples/XR Interaction Toolkit/3.0.8/Starter Assets/Scripts/DynamicMoveProvider.cs
  artifactKey: Guid(9b1e8c997df241c1a67045eeac79b41b) Importer(2089858483,192608db42251d675da83286b1cce702)
Start importing Assets/Samples/XR Interaction Toolkit/3.0.8/Starter Assets/Scripts/DynamicMoveProvider.cs using Guid(9b1e8c997df241c1a67045eeac79b41b) Importer(2089858483,192608db42251d675da83286b1cce702) (ScriptedImporter) -> (artifact id: '3b9e6471f511190ea2c153aff6f97e76') in 0.0032989 seconds
Number of updated asset objects reloaded before import = 0Number of asset objects unloaded after import = 0

========================================================================
Received Import Request.
  Time since last request: 0.000138 seconds.
  path: Assets/Samples/XR Hands/1.5.1/HandVisualizer/Materials/White.mat
  artifactKey: Guid(c3474c208278e814cb8d1c29aa806e81) Importer(2089858483,192608db42251d675da83286b1cce702)
Start importing Assets/Samples/XR Hands/1.5.1/HandVisualizer/Materials/White.mat using Guid(c3474c208278e814cb8d1c29aa806e81) Importer(2089858483,192608db42251d675da83286b1cce702) (ScriptedImporter) -> (artifact id: 'faf1b7d6453d87b7618af8b2699c4cf1') in 0.0042602 seconds
Number of updated asset objects reloaded before import = 0Number of asset objects unloaded after import = 1

========================================================================
Received Import Request.
  Time since last request: 0.000073 seconds.
  path: Assets/Samples/XR Interaction Toolkit/3.0.8/XR Device Simulator/Scripts/XRDeviceSimulatorControllerUI.cs
  artifactKey: Guid(a907ece591e731e49b5d7be45f089972) Importer(2089858483,192608db42251d675da83286b1cce702)
Start importing Assets/Samples/XR Interaction Toolkit/3.0.8/XR Device Simulator/Scripts/XRDeviceSimulatorControllerUI.cs using Guid(a907ece591e731e49b5d7be45f089972) Importer(2089858483,192608db42251d675da83286b1cce702) (ScriptedImporter) -> (artifact id: '91b2e16c7058a82e735c05bdc70f2c61') in 0.0031115 seconds
Number of updated asset objects reloaded before import = 0Number of asset objects unloaded after import = 0

========================================================================
Received Import Request.
  Time since last request: 0.000107 seconds.
  path: Assets/Samples/XR Interaction Toolkit/3.0.8/Hands Interaction Demo/Scripts/PokeGestureDetector.cs
  artifactKey: Guid(dbac611a2982409ab5f5e604f53bcad0) Importer(2089858483,192608db42251d675da83286b1cce702)
Start importing Assets/Samples/XR Interaction Toolkit/3.0.8/Hands Interaction Demo/Scripts/PokeGestureDetector.cs using Guid(dbac611a2982409ab5f5e604f53bcad0) Importer(2089858483,192608db42251d675da83286b1cce702) (ScriptedImporter) -> (artifact id: 'e0e48e7c5d20b9d9cc5a94b61ae8502c') in 0.0025958 seconds
Number of updated asset objects reloaded before import = 0Number of asset objects unloaded after import = 0

========================================================================
Received Import Request.
  Time since last request: 0.000186 seconds.
  path: Assets/Samples/XR Interaction Toolkit/3.0.8/Hands Interaction Demo/Shaders/Subgraphs/AllFingerHighlights.shadersubgraph
  artifactKey: Guid(31b878b1ba6f0f548bacb4ee6ae992e9) Importer(2089858483,192608db42251d675da83286b1cce702)
Start importing Assets/Samples/XR Interaction Toolkit/3.0.8/Hands Interaction Demo/Shaders/Subgraphs/AllFingerHighlights.shadersubgraph using Guid(31b878b1ba6f0f548bacb4ee6ae992e9) Importer(2089858483,192608db42251d675da83286b1cce702) (ScriptedImporter) -> (artifact id: '89e9a3dc06f2b60bde131d9a2fa9ad94') in 0.01173 seconds
Number of updated asset objects reloaded before import = 0Number of asset objects unloaded after import = 1

========================================================================
Received Import Request.
  Time since last request: 0.000111 seconds.
  path: Assets/FIRE_MUZ/WarFX/_Effects (Mobile)/Bullet Impacts/+ Bullet Hole/Lit/WFXMR_BImpact Concrete + Hole Lit.prefab
  artifactKey: Guid(1713e531a06d4d547acdc97e2f7f03e6) Importer(2089858483,192608db42251d675da83286b1cce702)
Start importing Assets/FIRE_MUZ/WarFX/_Effects (Mobile)/Bullet Impacts/+ Bullet Hole/Lit/WFXMR_BImpact Concrete + Hole Lit.prefab using Guid(1713e531a06d4d547acdc97e2f7f03e6) Importer(2089858483,192608db42251d675da83286b1cce702) (ScriptedImporter) -> (artifact id: '453dacd49990a85b96ed9a3eb506d44c') in 0.0277358 seconds
Number of updated asset objects reloaded before import = 0Number of asset objects unloaded after import = 21

========================================================================
Received Import Request.
  Time since last request: 0.000159 seconds.
  path: Assets/Samples/XR Interaction Toolkit/3.0.8/Hands Interaction Demo/HandsDemoSceneAssets/Materials/Controls_Black.mat
  artifactKey: Guid(f95c205049f12cc4cb5bd57dbded286c) Importer(2089858483,192608db42251d675da83286b1cce702)
Start importing Assets/Samples/XR Interaction Toolkit/3.0.8/Hands Interaction Demo/HandsDemoSceneAssets/Materials/Controls_Black.mat using Guid(f95c205049f12cc4cb5bd57dbded286c) Importer(2089858483,192608db42251d675da83286b1cce702) (ScriptedImporter) -> (artifact id: '850399560aa2b5b9f910c2f32b502450') in 0.005309 seconds
Number of updated asset objects reloaded before import = 0Number of asset objects unloaded after import = 1

========================================================================
Received Import Request.
  Time since last request: 0.000212 seconds.
  path: Assets/Samples/XR Interaction Toolkit/3.0.8/Hands Interaction Demo/AffordanceThemes/PinchPointEdgeStrength.asset
  artifactKey: Guid(2d9d4878bfb037248af1d243a0638dd0) Importer(2089858483,192608db42251d675da83286b1cce702)
Start importing Assets/Samples/XR Interaction Toolkit/3.0.8/Hands Interaction Demo/AffordanceThemes/PinchPointEdgeStrength.asset using Guid(2d9d4878bfb037248af1d243a0638dd0) Importer(2089858483,192608db42251d675da83286b1cce702) (ScriptedImporter) -> (artifact id: '736dc744c2106d30eafb9d4b931b7223') in 0.0061603 seconds
Number of updated asset objects reloaded before import = 0Number of asset objects unloaded after import = 1

========================================================================
Received Import Request.
  Time since last request: 0.000246 seconds.
  path: Assets/Samples/XR Interaction Toolkit/3.0.8/Starter Assets/DemoSceneAssets/Prefabs/Teleportation Environment.prefab
  artifactKey: Guid(3e07eccb5e6f459d886de95044adb1d9) Importer(2089858483,192608db42251d675da83286b1cce702)
Start importing Assets/Samples/XR Interaction Toolkit/3.0.8/Starter Assets/DemoSceneAssets/Prefabs/Teleportation Environment.prefab using Guid(3e07eccb5e6f459d886de95044adb1d9) Importer(2089858483,192608db42251d675da83286b1cce702) (ScriptedImporter) -> (artifact id: '5d5ca40aded5815d38d998a3bdf1cfe5') in 0.0094979 seconds
Number of updated asset objects reloaded before import = 0Number of asset objects unloaded after import = 103

========================================================================
Received Import Request.
  Time since last request: 0.000091 seconds.
  path: Assets/Samples/XR Interaction Toolkit/3.0.8/Hands Interaction Demo/HandsDemoSceneAssets/Affordances/Audio.asset
  artifactKey: Guid(57def9352cdee8548bfc9ebc6a55914a) Importer(2089858483,192608db42251d675da83286b1cce702)
Start importing Assets/Samples/XR Interaction Toolkit/3.0.8/Hands Interaction Demo/HandsDemoSceneAssets/Affordances/Audio.asset using Guid(57def9352cdee8548bfc9ebc6a55914a) Importer(2089858483,192608db42251d675da83286b1cce702) (ScriptedImporter) -> (artifact id: 'c42571baf3bb82524c634b56e65b1656') in 0.0066541 seconds
Number of updated asset objects reloaded before import = 0Number of asset objects unloaded after import = 3

========================================================================
Received Import Request.
  Time since last request: 0.000014 seconds.
  path: Assets/Samples/XR Hands/1.5.1/HandVisualizer/Scripts/HandVisualizer.cs
  artifactKey: Guid(2e9813c68d7d6f44282ace8bd2d1fd46) Importer(2089858483,192608db42251d675da83286b1cce702)
Start importing Assets/Samples/XR Hands/1.5.1/HandVisualizer/Scripts/HandVisualizer.cs using Guid(2e9813c68d7d6f44282ace8bd2d1fd46) Importer(2089858483,192608db42251d675da83286b1cce702) (ScriptedImporter) -> (artifact id: 'fed81b2ecd97ba509647431620967f9a') in 0.0027107 seconds
Number of updated asset objects reloaded before import = 0Number of asset objects unloaded after import = 0

========================================================================
Received Import Request.
  Time since last request: 0.000121 seconds.
  path: Assets/Samples/XR Interaction Toolkit/3.0.8/Starter Assets/DemoSceneAssets/Audio/Button Pop.wav
  artifactKey: Guid(16fba6d30ed741d4a9fdd6e79ee2f3ac) Importer(2089858483,192608db42251d675da83286b1cce702)
Start importing Assets/Samples/XR Interaction Toolkit/3.0.8/Starter Assets/DemoSceneAssets/Audio/Button Pop.wav using Guid(16fba6d30ed741d4a9fdd6e79ee2f3ac) Importer(2089858483,192608db42251d675da83286b1cce702) (ScriptedImporter) -> (artifact id: '896cce982a845d571b5dd665fb5d8af9') in 0.0202439 seconds
Number of updated asset objects reloaded before import = 0Number of asset objects unloaded after import = 1

========================================================================
Received Import Request.
  Time since last request: 0.000222 seconds.
  path: Assets/Samples/XR Interaction Toolkit/3.0.8/Starter Assets/Presets/XRI Default Dynamic Move.preset
  artifactKey: Guid(da25954ba1a2e604294f2ccda1d6372c) Importer(2089858483,192608db42251d675da83286b1cce702)
Start importing Assets/Samples/XR Interaction Toolkit/3.0.8/Starter Assets/Presets/XRI Default Dynamic Move.preset using Guid(da25954ba1a2e604294f2ccda1d6372c) Importer(2089858483,192608db42251d675da83286b1cce702) (ScriptedImporter) -> (artifact id: '10101a2e612482e21a348cea23a847fe') in 0.0076607 seconds
Number of updated asset objects reloaded before import = 0Number of asset objects unloaded after import = 4

========================================================================
Received Import Request.
  Time since last request: 0.000098 seconds.
  path: Assets/Samples/XR Interaction Toolkit/3.0.8/XR Device Simulator/UI/HeadDevice/MoveRotateTool.png
  artifactKey: Guid(139237a044d8e4255b40bb472c842087) Importer(2089858483,192608db42251d675da83286b1cce702)
Start importing Assets/Samples/XR Interaction Toolkit/3.0.8/XR Device Simulator/UI/HeadDevice/MoveRotateTool.png using Guid(139237a044d8e4255b40bb472c842087) Importer(2089858483,192608db42251d675da83286b1cce702) (ScriptedImporter) -> (artifact id: '41d01dc8ed5a1118de213871acfe498d') in 0.0105395 seconds
Number of updated asset objects reloaded before import = 0Number of asset objects unloaded after import = 3

========================================================================
Received Import Request.
  Time since last request: 0.000213 seconds.
  path: Assets/Samples/XR Interaction Toolkit/3.0.8/Hands Interaction Demo/HandsDemoSceneAssets/Audio/ButtonClick.wav
  artifactKey: Guid(eeeda5dce5e1d344f8e2f6195f16cb38) Importer(2089858483,192608db42251d675da83286b1cce702)
Start importing Assets/Samples/XR Interaction Toolkit/3.0.8/Hands Interaction Demo/HandsDemoSceneAssets/Audio/ButtonClick.wav using Guid(eeeda5dce5e1d344f8e2f6195f16cb38) Importer(2089858483,192608db42251d675da83286b1cce702) (ScriptedImporter) -> (artifact id: '364acff338d2f18f9ad5bf58611ab2b2') in 0.0216019 seconds
Number of updated asset objects reloaded before import = 0Number of asset objects unloaded after import = 1

========================================================================
Received Import Request.
  Time since last request: 0.000254 seconds.
  path: Assets/Samples/XR Interaction Toolkit/3.0.8/Starter Assets/Animations/Climb Teleport Arrow.controller
  artifactKey: Guid(db6239f7ccb29ca4aac63126c6a35e7d) Importer(2089858483,192608db42251d675da83286b1cce702)
Start importing Assets/Samples/XR Interaction Toolkit/3.0.8/Starter Assets/Animations/Climb Teleport Arrow.controller using Guid(db6239f7ccb29ca4aac63126c6a35e7d) Importer(2089858483,192608db42251d675da83286b1cce702) (ScriptedImporter) -> (artifact id: '5427d3a049d0c3afc6707b54af2aa54d') in 0.0039249 seconds
Number of updated asset objects reloaded before import = 0Number of asset objects unloaded after import = 4

========================================================================
Received Import Request.
  Time since last request: 0.000019 seconds.
  path: Assets/Samples/XR Interaction Toolkit/3.0.8/Starter Assets/DemoSceneAssets/Sprites/Round Radius 4 Outline.png
  artifactKey: Guid(b7bad1260586fa746a0b67e930892936) Importer(2089858483,192608db42251d675da83286b1cce702)
Start importing Assets/Samples/XR Interaction Toolkit/3.0.8/Starter Assets/DemoSceneAssets/Sprites/Round Radius 4 Outline.png using Guid(b7bad1260586fa746a0b67e930892936) Importer(2089858483,192608db42251d675da83286b1cce702) (ScriptedImporter) -> (artifact id: 'ff2f3e1d72412c23034651bb9e8475f2') in 0.0075514 seconds
Number of updated asset objects reloaded before import = 0Number of asset objects unloaded after import = 3

========================================================================
Received Import Request.
  Time since last request: 0.000050 seconds.
  path: Assets/Samples/XR Interaction Toolkit/3.0.8/Starter Assets/Animations/ArrowBounce.anim
  artifactKey: Guid(ebfa13455423c254e943b87bf6e1f310) Importer(2089858483,192608db42251d675da83286b1cce702)
Start importing Assets/Samples/XR Interaction Toolkit/3.0.8/Starter Assets/Animations/ArrowBounce.anim using Guid(ebfa13455423c254e943b87bf6e1f310) Importer(2089858483,192608db42251d675da83286b1cce702) (ScriptedImporter) -> (artifact id: '79310ae7629203cc6283b422214dd2e9') in 0.0045144 seconds
Number of updated asset objects reloaded before import = 0Number of asset objects unloaded after import = 1

========================================================================
Received Import Request.
  Time since last request: 0.000199 seconds.
  path: Assets/Samples/XR Interaction Toolkit/3.0.8/Hands Interaction Demo/AffordanceThemes/PinchPointColor.asset
  artifactKey: Guid(1468864c36cbf39428681b1f0d9ef149) Importer(2089858483,192608db42251d675da83286b1cce702)
Start importing Assets/Samples/XR Interaction Toolkit/3.0.8/Hands Interaction Demo/AffordanceThemes/PinchPointColor.asset using Guid(1468864c36cbf39428681b1f0d9ef149) Importer(2089858483,192608db42251d675da83286b1cce702) (ScriptedImporter) -> (artifact id: '4f27610c799f4b93ea34e226a40778f1') in 0.0038157 seconds
Number of updated asset objects reloaded before import = 0Number of asset objects unloaded after import = 1

========================================================================
Received Import Request.
  Time since last request: 0.000095 seconds.
  path: Assets/Samples/XR Interaction Toolkit/3.0.8/Hands Interaction Demo/AffordanceThemes/PinchPointBlendShape.asset
  artifactKey: Guid(fbf5c74e21f572740881de5634f1ce9c) Importer(2089858483,192608db42251d675da83286b1cce702)
Start importing Assets/Samples/XR Interaction Toolkit/3.0.8/Hands Interaction Demo/AffordanceThemes/PinchPointBlendShape.asset using Guid(fbf5c74e21f572740881de5634f1ce9c) Importer(2089858483,192608db42251d675da83286b1cce702) (ScriptedImporter) -> (artifact id: '78983bd9ec0a07b11163597fafa4ac85') in 0.0034835 seconds
Number of updated asset objects reloaded before import = 0Number of asset objects unloaded after import = 1

========================================================================
Received Import Request.
  Time since last request: 0.000129 seconds.
  path: Assets/Samples/XR Interaction Toolkit/3.0.8/Hands Interaction Demo/Prefabs/PinchPointStabilized.prefab
  artifactKey: Guid(88b12c0ca81d9a34eac32a1e1bd19b1c) Importer(2089858483,192608db42251d675da83286b1cce702)
Start importing Assets/Samples/XR Interaction Toolkit/3.0.8/Hands Interaction Demo/Prefabs/PinchPointStabilized.prefab using Guid(88b12c0ca81d9a34eac32a1e1bd19b1c) Importer(2089858483,192608db42251d675da83286b1cce702) (ScriptedImporter) -> (artifact id: '0e8c5acf4151fb59dc149c2deb3c55a3') in 0.0431596 seconds
Number of updated asset objects reloaded before import = 0Number of asset objects unloaded after import = 26

========================================================================
Received Import Request.
  Time since last request: 0.000015 seconds.
  path: Assets/FIRE_MUZ/WarFX/_Effects/Bullet Impacts/+ Bullet Hole/Unlit/WFX_BImpact Concrete + Hole Unlit.prefab
  artifactKey: Guid(94a130fb17f1cae4388a8fe1d8bd3055) Importer(2089858483,192608db42251d675da83286b1cce702)
Start importing Assets/FIRE_MUZ/WarFX/_Effects/Bullet Impacts/+ Bullet Hole/Unlit/WFX_BImpact Concrete + Hole Unlit.prefab using Guid(94a130fb17f1cae4388a8fe1d8bd3055) Importer(2089858483,192608db42251d675da83286b1cce702) (ScriptedImporter) -> (artifact id: 'ea617d8a8e04fb9aae900c216626e214') in 0.0255804 seconds
Number of updated asset objects reloaded before import = 0Number of asset objects unloaded after import = 21

========================================================================
Received Import Request.
  Time since last request: 0.000016 seconds.
  path: Assets/Samples/XR Interaction Toolkit/3.0.8/Hands Interaction Demo/Prefabs/HandPokeInteractorAffordances.prefab
  artifactKey: Guid(eed9e61964b17194d94ce56bffabb610) Importer(2089858483,192608db42251d675da83286b1cce702)
Start importing Assets/Samples/XR Interaction Toolkit/3.0.8/Hands Interaction Demo/Prefabs/HandPokeInteractorAffordances.prefab using Guid(eed9e61964b17194d94ce56bffabb610) Importer(2089858483,192608db42251d675da83286b1cce702) (ScriptedImporter) -> (artifact id: '5405fbe2b7baa39a95f3edda2ea3ea37') in 0.0162296 seconds
Number of updated asset objects reloaded before import = 0Number of asset objects unloaded after import = 10

========================================================================
Received Import Request.
  Time since last request: 0.000070 seconds.
  path: Assets/FIRE_MUZ/WarFX/_Effects (Mobile)/Bullet Impacts/+ Bullet Hole/Lit/WFXMR_BImpact Metal + Hole Lit.prefab
  artifactKey: Guid(3d2cab718e7acb04e8e3c2759bbab3ee) Importer(2089858483,192608db42251d675da83286b1cce702)
Start importing Assets/FIRE_MUZ/WarFX/_Effects (Mobile)/Bullet Impacts/+ Bullet Hole/Lit/WFXMR_BImpact Metal + Hole Lit.prefab using Guid(3d2cab718e7acb04e8e3c2759bbab3ee) Importer(2089858483,192608db42251d675da83286b1cce702) (ScriptedImporter) -> (artifact id: '55ae8cfe51c4647218023eebe00be0f1') in 0.0266882 seconds
Number of updated asset objects reloaded before import = 0Number of asset objects unloaded after import = 17

========================================================================
Received Import Request.
  Time since last request: 0.000018 seconds.
  path: Assets/Samples/XR Interaction Toolkit/3.0.8/Starter Assets/DemoSceneAssets/Prefabs/Interactables/Confetti.prefab
  artifactKey: Guid(7942e6544a2b2ae48bcf988d9aed838d) Importer(2089858483,192608db42251d675da83286b1cce702)
Start importing Assets/Samples/XR Interaction Toolkit/3.0.8/Starter Assets/DemoSceneAssets/Prefabs/Interactables/Confetti.prefab using Guid(7942e6544a2b2ae48bcf988d9aed838d) Importer(2089858483,192608db42251d675da83286b1cce702) (ScriptedImporter) -> (artifact id: 'fce433d1651767faeb1483640fd93daf') in 0.0229382 seconds
Number of updated asset objects reloaded before import = 0Number of asset objects unloaded after import = 6

========================================================================
Received Import Request.
  Time since last request: 0.000033 seconds.
  path: Assets/FIRE_MUZ/WarFX/_Effects (Mobile)/Bullet Impacts/+ Bullet Hole/Unlit/WFXMR_BImpact Concrete NoCollision + Hole Unlit.prefab
  artifactKey: Guid(2b4ffdf4a64f87d4ca3c0de925e6d343) Importer(2089858483,192608db42251d675da83286b1cce702)
Start importing Assets/FIRE_MUZ/WarFX/_Effects (Mobile)/Bullet Impacts/+ Bullet Hole/Unlit/WFXMR_BImpact Concrete NoCollision + Hole Unlit.prefab using Guid(2b4ffdf4a64f87d4ca3c0de925e6d343) Importer(2089858483,192608db42251d675da83286b1cce702) (ScriptedImporter) -> (artifact id: '8492006bcc09e56492a24f84f8461362') in 0.0277439 seconds
Number of updated asset objects reloaded before import = 0Number of asset objects unloaded after import = 21

========================================================================
Received Import Request.
  Time since last request: 0.000014 seconds.
  path: Assets/Samples/XR Interaction Toolkit/3.0.8/Starter Assets/Models/UniversalController.fbx
  artifactKey: Guid(147ae308eec018b40a7b312ae58f44c7) Importer(2089858483,192608db42251d675da83286b1cce702)
Start importing Assets/Samples/XR Interaction Toolkit/3.0.8/Starter Assets/Models/UniversalController.fbx using Guid(147ae308eec018b40a7b312ae58f44c7) Importer(2089858483,192608db42251d675da83286b1cce702) (ScriptedImporter) -> (artifact id: '15a5f3af4d97a700683a57b030d6e4be') in 0.0177214 seconds
Number of updated asset objects reloaded before import = 0Number of asset objects unloaded after import = 51

========================================================================
Received Import Request.
  Time since last request: 0.000017 seconds.
  path: Assets/Samples/XR Interaction Toolkit/3.0.8/Starter Assets/DemoSceneAssets/Sprites/Circle_60x60 Outline 4.png
  artifactKey: Guid(2f8349570a152884fb6cf7ebdc8c18b3) Importer(2089858483,192608db42251d675da83286b1cce702)
Start importing Assets/Samples/XR Interaction Toolkit/3.0.8/Starter Assets/DemoSceneAssets/Sprites/Circle_60x60 Outline 4.png using Guid(2f8349570a152884fb6cf7ebdc8c18b3) Importer(2089858483,192608db42251d675da83286b1cce702) (ScriptedImporter) -> (artifact id: 'd1ce4dd57961eff691470cef4452af32') in 0.0072315 seconds
Number of updated asset objects reloaded before import = 0Number of asset objects unloaded after import = 3

========================================================================
Received Import Request.
  Time since last request: 0.000060 seconds.
  path: Assets/Samples/XR Interaction Toolkit/3.0.8/XR Device Simulator/UI/ControllerDevice/ControllerRight.png
  artifactKey: Guid(17c263f6077f14b218b13656aacd9551) Importer(2089858483,192608db42251d675da83286b1cce702)
Start importing Assets/Samples/XR Interaction Toolkit/3.0.8/XR Device Simulator/UI/ControllerDevice/ControllerRight.png using Guid(17c263f6077f14b218b13656aacd9551) Importer(2089858483,192608db42251d675da83286b1cce702) (ScriptedImporter) -> (artifact id: '2d3b32b1c509e687b4176209dc1ad94b') in 0.0121754 seconds
Number of updated asset objects reloaded before import = 0Number of asset objects unloaded after import = 3

========================================================================
Received Import Request.
  Time since last request: 0.000167 seconds.
  path: Assets/Samples/XR Interaction Toolkit/3.0.8/Starter Assets/Prefabs/Interactors/Ray Interactor.prefab
  artifactKey: Guid(ad818c36731146e994540a1896ad8f24) Importer(2089858483,192608db42251d675da83286b1cce702)
Start importing Assets/Samples/XR Interaction Toolkit/3.0.8/Starter Assets/Prefabs/Interactors/Ray Interactor.prefab using Guid(ad818c36731146e994540a1896ad8f24) Importer(2089858483,192608db42251d675da83286b1cce702) (ScriptedImporter) -> (artifact id: 'eaae202e3363d1281382cefceb3fb6cd') in 0.0839192 seconds
Number of updated asset objects reloaded before import = 0Number of asset objects unloaded after import = 10

Editor requested this worker to shutdown with reason: Scaling down because of idle timeout
AssetImportWorker is now disconnected from the server
Process exiting
Exiting without the bug reporter. Application will terminate with return code 0