Using pre-set license
Built from '6000.0/release' branch; Version is '6000.0.44f1 (101c91f3a8fb) revision 1055889'; Using compiler version '193933523'; Build Type 'Release'
OS: 'Windows 11  (10.0.26100) 64bit Professional' Language: 'zh' Physical Memory: 16087 MB
BatchMode: 1, IsHumanControllingUs: 0, StartBugReporterOnCrash: 0, Is64bit: 1, IsPro: 1

COMMAND LINE ARGUMENTS:
C:\Program Files\Unity\Hub\Editor\6000.0.44f1\Editor\Unity.exe
-adb2
-batchMode
-noUpm
-name
AssetImportWorker6
-projectPath
D:/VR_DOOM
-logFile
Logs/AssetImportWorker6.log
-srvPort
62575
-job-worker-count
11
-background-job-worker-count
8
-gc-helper-count
1
Successfully changed project path to: D:/VR_DOOM
D:/VR_DOOM
[UnityMemory] Configuration Parameters - Can be set up in boot.config
    "memorysetup-bucket-allocator-granularity=16"
    "memorysetup-bucket-allocator-bucket-count=8"
    "memorysetup-bucket-allocator-block-size=33554432"
    "memorysetup-bucket-allocator-block-count=8"
    "memorysetup-main-allocator-block-size=16777216"
    "memorysetup-thread-allocator-block-size=16777216"
    "memorysetup-gfx-main-allocator-block-size=16777216"
    "memorysetup-gfx-thread-allocator-block-size=16777216"
    "memorysetup-cache-allocator-block-size=4194304"
    "memorysetup-typetree-allocator-block-size=2097152"
    "memorysetup-profiler-bucket-allocator-granularity=16"
    "memorysetup-profiler-bucket-allocator-bucket-count=8"
    "memorysetup-profiler-bucket-allocator-block-size=33554432"
    "memorysetup-profiler-bucket-allocator-block-count=8"
    "memorysetup-profiler-allocator-block-size=16777216"
    "memorysetup-profiler-editor-allocator-block-size=1048576"
    "memorysetup-temp-allocator-size-main=16777216"
    "memorysetup-job-temp-allocator-block-size=2097152"
    "memorysetup-job-temp-allocator-block-size-background=1048576"
    "memorysetup-job-temp-allocator-reduction-small-platforms=262144"
    "memorysetup-allocator-temp-initial-block-size-main=262144"
    "memorysetup-allocator-temp-initial-block-size-worker=262144"
    "memorysetup-temp-allocator-size-background-worker=32768"
    "memorysetup-temp-allocator-size-job-worker=262144"
    "memorysetup-temp-allocator-size-preload-manager=33554432"
    "memorysetup-temp-allocator-size-nav-mesh-worker=65536"
    "memorysetup-temp-allocator-size-audio-worker=65536"
    "memorysetup-temp-allocator-size-cloud-worker=32768"
    "memorysetup-temp-allocator-size-gi-baking-worker=262144"
    "memorysetup-temp-allocator-size-gi-baking-worker=262144"
    "memorysetup-temp-allocator-size-gi-baking-worker=262144"
    "memorysetup-temp-allocator-size-gi-baking-worker=262144"
    "memorysetup-temp-allocator-size-gi-baking-worker=262144"
    "memorysetup-temp-allocator-size-gfx=262144"
Player connection [32700]  Target information:

Player connection [32700]  * "[IP] 172.18.144.1 [Port] 0 [Flags] 2 [Guid] 2221805328 [EditorId] 2221805328 [Version] 1048832 [Id] WindowsEditor(7,LAPTOP-ULV95APN) [Debug] 1 [PackageName] WindowsEditor [ProjectName] Editor" 

Player connection [32700]  * "[IP] 192.168.14.1 [Port] 0 [Flags] 2 [Guid] 2221805328 [EditorId] 2221805328 [Version] 1048832 [Id] WindowsEditor(7,LAPTOP-ULV95APN) [Debug] 1 [PackageName] WindowsEditor [ProjectName] Editor" 

Player connection [32700]  * "[IP] 192.168.77.1 [Port] 0 [Flags] 2 [Guid] 2221805328 [EditorId] 2221805328 [Version] 1048832 [Id] WindowsEditor(7,LAPTOP-ULV95APN) [Debug] 1 [PackageName] WindowsEditor [ProjectName] Editor" 

Player connection [32700]  * "[IP] 192.168.0.102 [Port] 0 [Flags] 2 [Guid] 2221805328 [EditorId] 2221805328 [Version] 1048832 [Id] WindowsEditor(7,LAPTOP-ULV95APN) [Debug] 1 [PackageName] WindowsEditor [ProjectName] Editor" 

Player connection [32700] Host joined multi-casting on [225.0.0.222:54997]...
Player connection [32700] Host joined alternative multi-casting on [225.0.0.222:34997]...
JobSystem: Creating JobQueue using job-worker-count value 11
Input System module state changed to: Initialized.
[Physics::Module] Initialized fallback backend.
[Physics::Module] Id: 0xdecafbad
Library Redirect Path: Library/
[Physics::Module] Selected backend.
[Physics::Module] Name: PhysX
[Physics::Module] Id: 0xf2b8ea05
[Physics::Module] SDK Version: 4.1.2
[Physics::Module] Integration Version: 1.0.0
[Physics::Module] Threading Mode: Multi-Threaded
Refreshing native plugins compatible for Editor in 11.41 ms, found 13 plugins.
Preloading 1 native plugins for Editor in 0.87 ms.
Initialize engine version: 6000.0.44f1 (101c91f3a8fb)
[Subsystems] Discovering subsystems at path C:/Program Files/Unity/Hub/Editor/6000.0.44f1/Editor/Data/Resources/UnitySubsystems
[Subsystems] Discovering subsystems at path D:/VR_DOOM/Assets
GfxDevice: creating device client; kGfxThreadingModeNonThreaded
Direct3D:
    Version:  Direct3D 11.0 [level 11.1]
    Renderer: NVIDIA GeForce RTX 4070 Laptop GPU (ID=0x2860)
    Vendor:   NVIDIA
    VRAM:     7948 MB
    Driver:   32.0.15.7649
Shader 'WFX/Transparent Diffuse': fallback shader 'Particles/Alpha Blended' not found
Shader 'WFX/Transparent Specular': fallback shader 'Particles/Alpha Blended' not found
Initialize mono
Mono path[0] = 'C:/Program Files/Unity/Hub/Editor/6000.0.44f1/Editor/Data/Managed'
Mono path[1] = 'C:/Program Files/Unity/Hub/Editor/6000.0.44f1/Editor/Data/MonoBleedingEdge/lib/mono/unityjit-win32'
Mono config path = 'C:/Program Files/Unity/Hub/Editor/6000.0.44f1/Editor/Data/MonoBleedingEdge/etc'
Using monoOptions --debugger-agent=transport=dt_socket,embedding=1,server=y,suspend=n,address=127.0.0.1:56060
Begin MonoManager ReloadAssembly
Registering precompiled unity dll's ...
Register platform support module: C:/Program Files/Unity/Hub/Editor/6000.0.44f1/Editor/Data/PlaybackEngines/WindowsStandaloneSupport/UnityEditor.WindowsStandalone.Extensions.dll
Register platform support module: C:/Program Files/Unity/Hub/Editor/6000.0.44f1/Editor/Data/PlaybackEngines/AndroidPlayer/UnityEditor.Android.Extensions.dll
Registered in 0.002628 seconds.
- Loaded All Assemblies, in  0.301 seconds
Native extension for Android target not found
Android Extension - Scanning For ADB Devices 314 ms
Native extension for WindowsStandalone target not found
Mono: successfully reloaded assembly
- Finished resetting the current domain, in  0.635 seconds
Domain Reload Profiling: 934ms
	BeginReloadAssembly (114ms)
		ExecutionOrderSort (0ms)
		DisableScriptedObjects (0ms)
		BackupInstance (0ms)
		ReleaseScriptingObjects (0ms)
		CreateAndSetChildDomain (1ms)
	RebuildCommonClasses (27ms)
	RebuildNativeTypeToScriptingClass (8ms)
	initialDomainReloadingComplete (36ms)
	LoadAllAssembliesAndSetupDomain (114ms)
		LoadAssemblies (112ms)
		RebuildTransferFunctionScriptingTraits (0ms)
		AnalyzeDomain (111ms)
			TypeCache.Refresh (110ms)
				TypeCache.ScanAssembly (100ms)
			BuildScriptInfoCaches (0ms)
			ResolveRequiredComponents (0ms)
	FinalizeReload (635ms)
		ReleaseScriptCaches (0ms)
		RebuildScriptCaches (0ms)
		SetupLoadedEditorAssemblies (599ms)
			LogAssemblyErrors (0ms)
			InitializePlatformSupportModulesInManaged (381ms)
			SetLoadedEditorAssemblies (4ms)
			BeforeProcessingInitializeOnLoad (50ms)
			ProcessInitializeOnLoadAttributes (107ms)
			ProcessInitializeOnLoadMethodAttributes (56ms)
			AfterProcessingInitializeOnLoad (0ms)
			EditorAssembliesLoaded (0ms)
		ExecutionOrderSort2 (0ms)
		AwakeInstancesAfterBackupRestoration (0ms)
========================================================================
Worker process is ready to serve import requests
Import Worker Mode flag is 0x00
Begin MonoManager ReloadAssembly
Symbol file LoadedFromMemory is not a mono symbol file
- Loaded All Assemblies, in  0.768 seconds
Refreshing native plugins compatible for Editor in 7.21 ms, found 13 plugins.
Native extension for Android target not found
Native extension for WindowsStandalone target not found
Package Manager log level set to [2]
[Package Manager] Failed to launch server process. Reason: Unity was launched with the -noUpm command-line argument
[Package Manager] Unable to send message (not connected to server process).
[Package Manager] Cannot connect to Unity Package Manager local server
System.Reflection.TargetInvocationException: Exception has been thrown by the target of an invocation. ---> System.NullReferenceException: Object reference not set to an instance of an object
  at Unity.XR.Oculus.OculusLoader.AssetPathToAbsolutePath (System.String assetPath) [0x0003d] in .\Library\PackageCache\com.unity.xr.oculus@f23ad2c521e1\Runtime\OculusLoader.cs:312 
  at Unity.XR.Oculus.OculusLoader.EditorLoadOVRPlugin () [0x0008c] in .\Library\PackageCache\com.unity.xr.oculus@f23ad2c521e1\Runtime\OculusLoader.cs:297 
  at (wrapper managed-to-native) System.Reflection.RuntimeMethodInfo.InternalInvoke(System.Reflection.RuntimeMethodInfo,object,object[],System.Exception&)
  at System.Reflection.RuntimeMethodInfo.Invoke (System.Object obj, System.Reflection.BindingFlags invokeAttr, System.Reflection.Binder binder, System.Object[] parameters, System.Globalization.CultureInfo culture) [0x0006a] in <314938d17f3848e8ac683e11b27f62ee>:0 
   --- End of inner exception stack trace ---
  at System.Reflection.RuntimeMethodInfo.Invoke (System.Object obj, System.Reflection.BindingFlags invokeAttr, System.Reflection.Binder binder, System.Object[] parameters, System.Globalization.CultureInfo culture) [0x00083] in <314938d17f3848e8ac683e11b27f62ee>:0 
  at System.Reflection.MethodBase.Invoke (System.Object obj, System.Object[] parameters) [0x00000] in <314938d17f3848e8ac683e11b27f62ee>:0 
  at UnityEditor.EditorAssemblies.ProcessInitializeOnLoadMethodAttributes () [0x00056] in <0a4d86c6e1e443e4b37da89bc22f5b9c>:0 
UnityEngine.Debug:ExtractStackTraceNoAlloc (byte*,int,string)
UnityEngine.StackTraceUtility:ExtractStackTrace ()
UnityEngine.DebugLogHandler:Internal_Log (UnityEngine.LogType,UnityEngine.LogOption,string,UnityEngine.Object)
UnityEngine.DebugLogHandler:LogFormat (UnityEngine.LogType,UnityEngine.Object,string,object[])
UnityEngine.Logger:Log (UnityEngine.LogType,object)
UnityEngine.Debug:LogError (object)
UnityEditor.EditorAssemblies:ProcessInitializeOnLoadMethodAttributes ()

[Package Manager] Failed to launch server process. Reason: Unity was launched with the -noUpm command-line argument
[Package Manager] Unable to send message (not connected to server process).
[Package Manager] Cannot connect to Unity Package Manager local server
Failed to get package versions: Cannot connect to Unity Package Manager local server
UnityEngine.Debug:ExtractStackTraceNoAlloc (byte*,int,string)
UnityEngine.StackTraceUtility:ExtractStackTrace ()
UnityEngine.DebugLogHandler:Internal_Log (UnityEngine.LogType,UnityEngine.LogOption,string,UnityEngine.Object)
UnityEngine.DebugLogHandler:LogFormat (UnityEngine.LogType,UnityEngine.Object,string,object[])
UnityEngine.Logger:Log (UnityEngine.LogType,object)
UnityEngine.Debug:LogWarning (object)
Unity.XR.CoreUtils.Editor.PackageVersionUtility:UpdatePackageVersions () (at ./Library/PackageCache/com.unity.xr.core-utils@5b282bc7378d/Editor/ProjectValidation/PackageVersionUtility.cs:59)
Unity.XR.CoreUtils.Editor.PackageVersionUtility:GetPackageVersion (string) (at ./Library/PackageCache/com.unity.xr.core-utils@5b282bc7378d/Editor/ProjectValidation/PackageVersionUtility.cs:77)
UnityEditor.XR.Interaction.Toolkit.Samples.Hands.Editor.HandsSampleProjectValidation:.cctor () (at Assets/Samples/XR Interaction Toolkit/3.0.8/Hands Interaction Demo/Editor/Scripts/HandsSampleProjectValidation.cs:34)
System.Reflection.RuntimeMethodInfo:Invoke (object,System.Reflection.BindingFlags,System.Reflection.Binder,object[],System.Globalization.CultureInfo)
System.Reflection.MethodBase:Invoke (object,object[])
UnityEditor.EditorAssemblies:ProcessInitializeOnLoadMethodAttributes ()

(Filename: ./Library/PackageCache/com.unity.xr.core-utils@5b282bc7378d/Editor/ProjectValidation/PackageVersionUtility.cs Line: 59)

[MODES] ModeService[none].Initialize
[MODES] ModeService[none].LoadModes
[MODES] Loading mode Default (0) for mode-current-id-VR_DOOM
Mono: successfully reloaded assembly
[Package Manager] Failed to launch server process. Reason: Unity was launched with the -noUpm command-line argument
[Package Manager] Unable to send message (not connected to server process).
[Package Manager] Cannot connect to Unity Package Manager local server
[Package Manager] Failed to launch server process. Reason: Unity was launched with the -noUpm command-line argument
[Package Manager] Unable to send message (not connected to server process).
[Package Manager] Cannot connect to Unity Package Manager local server
- Finished resetting the current domain, in  0.693 seconds
Domain Reload Profiling: 1458ms
	BeginReloadAssembly (153ms)
		ExecutionOrderSort (0ms)
		DisableScriptedObjects (5ms)
		BackupInstance (0ms)
		ReleaseScriptingObjects (0ms)
		CreateAndSetChildDomain (27ms)
	RebuildCommonClasses (41ms)
	RebuildNativeTypeToScriptingClass (10ms)
	initialDomainReloadingComplete (37ms)
	LoadAllAssembliesAndSetupDomain (522ms)
		LoadAssemblies (350ms)
		RebuildTransferFunctionScriptingTraits (0ms)
		AnalyzeDomain (264ms)
			TypeCache.Refresh (198ms)
				TypeCache.ScanAssembly (178ms)
			BuildScriptInfoCaches (56ms)
			ResolveRequiredComponents (7ms)
	FinalizeReload (694ms)
		ReleaseScriptCaches (0ms)
		RebuildScriptCaches (0ms)
		SetupLoadedEditorAssemblies (581ms)
			LogAssemblyErrors (0ms)
			InitializePlatformSupportModulesInManaged (11ms)
			SetLoadedEditorAssemblies (5ms)
			BeforeProcessingInitializeOnLoad (93ms)
			ProcessInitializeOnLoadAttributes (349ms)
			ProcessInitializeOnLoadMethodAttributes (119ms)
			AfterProcessingInitializeOnLoad (4ms)
			EditorAssembliesLoaded (0ms)
		ExecutionOrderSort2 (0ms)
		AwakeInstancesAfterBackupRestoration (4ms)
Shader 'WFX/Transparent Diffuse': fallback shader 'Particles/Alpha Blended' not found
Shader 'WFX/Transparent Specular': fallback shader 'Particles/Alpha Blended' not found
Launched and connected shader compiler UnityShaderCompiler.exe after 0.02 seconds
Refreshing native plugins compatible for Editor in 8.84 ms, found 13 plugins.
Preloading 1 native plugins for Editor in 0.08 ms.
Unloading 132 Unused Serialized files (Serialized files now loaded: 0)
Unloading 7067 unused Assets / (4.6 MB). Loaded Objects now: 7597.
Memory consumption went from 162.8 MB to 158.2 MB.
Total: 9.337400 ms (FindLiveObjects: 1.309600 ms CreateObjectMapping: 0.303600 ms MarkObjects: 5.795800 ms  DeleteObjects: 1.927200 ms)

========================================================================
Received Import Request.
  Time since last request: 52342.407453 seconds.
  path: Assets/MonsterMutant 7/Animations/MutantMonster2@death3.fbx
  artifactKey: Guid(acad1f31035032a428c9c1d2366d94d7) Importer(2089858483,192608db42251d675da83286b1cce702)
Start importing Assets/MonsterMutant 7/Animations/MutantMonster2@death3.fbx using Guid(acad1f31035032a428c9c1d2366d94d7) Importer(2089858483,192608db42251d675da83286b1cce702) (ScriptedImporter) -> (artifact id: 'be6c0f8cd6a8cbf6933d993fa6a95efd') in 0.1792494 seconds
Number of updated asset objects reloaded before import = 0Number of asset objects unloaded after import = 369

========================================================================
Received Import Request.
  Time since last request: 0.000025 seconds.
  path: Assets/TextMesh Pro/Shaders/TMPro_Mobile.cginc
  artifactKey: Guid(c334973cef89a9840b0b0c507e0377ab) Importer(2089858483,192608db42251d675da83286b1cce702)
Start importing Assets/TextMesh Pro/Shaders/TMPro_Mobile.cginc using Guid(c334973cef89a9840b0b0c507e0377ab) Importer(2089858483,192608db42251d675da83286b1cce702) (ScriptedImporter) -> (artifact id: 'a3c30560f4d731574cebaa3f73882327') in 0.005556 seconds
Number of updated asset objects reloaded before import = 0Number of asset objects unloaded after import = 1

========================================================================
Received Import Request.
  Time since last request: 0.000138 seconds.
  path: Assets/MonsterMutant 7/Materials/Mat_MonsterMutant7_Skin4.mat
  artifactKey: Guid(b2faa45d48ba7cd4e86b154c1f92a9fb) Importer(2089858483,192608db42251d675da83286b1cce702)
Start importing Assets/MonsterMutant 7/Materials/Mat_MonsterMutant7_Skin4.mat using Guid(b2faa45d48ba7cd4e86b154c1f92a9fb) Importer(2089858483,192608db42251d675da83286b1cce702) (ScriptedImporter) -> (artifact id: 'b85a4e6c77f08a4ab18f024c432f5667') in 0.142988 seconds
Number of updated asset objects reloaded before import = 0Number of asset objects unloaded after import = 6

========================================================================
Received Import Request.
  Time since last request: 0.000023 seconds.
  path: Assets/MonsterMutant 7/Animations/MutantMonster2@run2.fbx
  artifactKey: Guid(a3dac22e1b8039446a8cdf7b41bf2118) Importer(2089858483,192608db42251d675da83286b1cce702)
Start importing Assets/MonsterMutant 7/Animations/MutantMonster2@run2.fbx using Guid(a3dac22e1b8039446a8cdf7b41bf2118) Importer(2089858483,192608db42251d675da83286b1cce702) (ScriptedImporter) -> (artifact id: '36a67c85acfd067868f7861d75aca2a6') in 0.0124572 seconds
Number of updated asset objects reloaded before import = 0Number of asset objects unloaded after import = 369

========================================================================
Received Import Request.
  Time since last request: 0.000023 seconds.
  path: Assets/MonsterMutant 7/Animations/MutantMonster2@death1.fbx
  artifactKey: Guid(c1fab1f73c368b0499af28bc4aa0c3df) Importer(2089858483,192608db42251d675da83286b1cce702)
Start importing Assets/MonsterMutant 7/Animations/MutantMonster2@death1.fbx using Guid(c1fab1f73c368b0499af28bc4aa0c3df) Importer(2089858483,192608db42251d675da83286b1cce702) (ScriptedImporter) -> (artifact id: 'a9498865eb61c38bc19e35d186fdd0f3') in 0.0138058 seconds
Number of updated asset objects reloaded before import = 0Number of asset objects unloaded after import = 369

========================================================================
Received Import Request.
  Time since last request: 0.000015 seconds.
  path: Assets/XR/Settings/OpenXR Package Settings.asset
  artifactKey: Guid(1f47fcdf358874d8bae077e7b5b01e2b) Importer(2089858483,192608db42251d675da83286b1cce702)
Start importing Assets/XR/Settings/OpenXR Package Settings.asset using Guid(1f47fcdf358874d8bae077e7b5b01e2b) Importer(2089858483,192608db42251d675da83286b1cce702) (ScriptedImporter) -> (artifact id: 'c0c854a777b08f008f6296459fd2ebb7') in 0.0563319 seconds
Number of updated asset objects reloaded before import = 0Number of asset objects unloaded after import = 1

========================================================================
Received Import Request.
  Time since last request: 0.000067 seconds.
  path: Assets/Prop/AmmoBox/AmmoBox.FBX
  artifactKey: Guid(45fb3b613218da844b047d1f9349e0d6) Importer(2089858483,192608db42251d675da83286b1cce702)
Start importing Assets/Prop/AmmoBox/AmmoBox.FBX using Guid(45fb3b613218da844b047d1f9349e0d6) Importer(2089858483,192608db42251d675da83286b1cce702) (ScriptedImporter) -> (artifact id: '9eae279aa0f8f230033503dc0b346428') in 0.0104398 seconds
Number of updated asset objects reloaded before import = 0Number of asset objects unloaded after import = 15

========================================================================
Received Import Request.
  Time since last request: 0.000309 seconds.
  path: Assets/TextMesh Pro/Shaders/TMP_Sprite.shader
  artifactKey: Guid(cf81c85f95fe47e1a27f6ae460cf182c) Importer(2089858483,192608db42251d675da83286b1cce702)
Start importing Assets/TextMesh Pro/Shaders/TMP_Sprite.shader using Guid(cf81c85f95fe47e1a27f6ae460cf182c) Importer(2089858483,192608db42251d675da83286b1cce702) (ScriptedImporter) -> (artifact id: '46704008c1fb80a098fd849ea181070d') in 0.0072832 seconds
Number of updated asset objects reloaded before import = 0Number of asset objects unloaded after import = 1

========================================================================
Received Import Request.
  Time since last request: 0.000100 seconds.
  path: Assets/EnemyRobots/Particles/Smoke.prefab
  artifactKey: Guid(7130b0ee03a0e6644a91afb929e7ab2d) Importer(2089858483,192608db42251d675da83286b1cce702)
Start importing Assets/EnemyRobots/Particles/Smoke.prefab using Guid(7130b0ee03a0e6644a91afb929e7ab2d) Importer(2089858483,192608db42251d675da83286b1cce702) (ScriptedImporter) -> (artifact id: '16fa9aa2cd5798e366472667c76137c8') in 0.0754249 seconds
Number of updated asset objects reloaded before import = 0Number of asset objects unloaded after import = 17

========================================================================
Received Import Request.
  Time since last request: 0.000013 seconds.
  path: Assets/MonsterMutant 7/Animations/MutantMonster2@attack2.fbx
  artifactKey: Guid(af515c54dfd377849bb96c40962eeb8b) Importer(2089858483,192608db42251d675da83286b1cce702)
Start importing Assets/MonsterMutant 7/Animations/MutantMonster2@attack2.fbx using Guid(af515c54dfd377849bb96c40962eeb8b) Importer(2089858483,192608db42251d675da83286b1cce702) (ScriptedImporter) -> (artifact id: '38987fc334139ec6a2de9827382e73f6') in 0.0155963 seconds
Number of updated asset objects reloaded before import = 0Number of asset objects unloaded after import = 369

========================================================================
Received Import Request.
  Time since last request: 0.000019 seconds.
  path: Assets/MonsterMutant 7/Animations/MutantMonster2@idle4.fbx
  artifactKey: Guid(f99826cf125796c48986fb76573937c1) Importer(2089858483,192608db42251d675da83286b1cce702)
Start importing Assets/MonsterMutant 7/Animations/MutantMonster2@idle4.fbx using Guid(f99826cf125796c48986fb76573937c1) Importer(2089858483,192608db42251d675da83286b1cce702) (ScriptedImporter) -> (artifact id: '794d6703f6a4854ed96d6b2e40e54566') in 0.0147174 seconds
Number of updated asset objects reloaded before import = 0Number of asset objects unloaded after import = 373

========================================================================
Received Import Request.
  Time since last request: 0.000015 seconds.
  path: Assets/Doomloader/music/E1M2.ogg
  artifactKey: Guid(83c41b4feb9bbc1448d2c7dab8c1e946) Importer(2089858483,192608db42251d675da83286b1cce702)
Start importing Assets/Doomloader/music/E1M2.ogg using Guid(83c41b4feb9bbc1448d2c7dab8c1e946) Importer(2089858483,192608db42251d675da83286b1cce702) (ScriptedImporter) -> (artifact id: '82bb24dca54452cb4280cc7e329916c9') in 0.0272634 seconds
Number of updated asset objects reloaded before import = 0Number of asset objects unloaded after import = 1

========================================================================
Received Import Request.
  Time since last request: 0.000140 seconds.
  path: Assets/TextMesh Pro/Shaders/TMP_SDF-Surface-Mobile.shader
  artifactKey: Guid(85187c2149c549c5b33f0cdb02836b17) Importer(2089858483,192608db42251d675da83286b1cce702)
Start importing Assets/TextMesh Pro/Shaders/TMP_SDF-Surface-Mobile.shader using Guid(85187c2149c549c5b33f0cdb02836b17) Importer(2089858483,192608db42251d675da83286b1cce702) (ScriptedImporter) -> (artifact id: '9094a3721b1c9141fe3406fdf2a5cf0f') in 0.0050372 seconds
Number of updated asset objects reloaded before import = 0Number of asset objects unloaded after import = 1

========================================================================
Received Import Request.
  Time since last request: 0.000103 seconds.
  path: Assets/Scenes/Game_Lobby.unity
  artifactKey: Guid(9c153fcdeb33542ff9c0c87d671d23b4) Importer(2089858483,192608db42251d675da83286b1cce702)
Start importing Assets/Scenes/Game_Lobby.unity using Guid(9c153fcdeb33542ff9c0c87d671d23b4) Importer(2089858483,192608db42251d675da83286b1cce702) (ScriptedImporter) -> (artifact id: '42eb7fbcafc305b179be0ec52b558206') in 0.0635955 seconds
Number of updated asset objects reloaded before import = 0Number of asset objects unloaded after import = 1

========================================================================
Received Import Request.
  Time since last request: 0.000138 seconds.
  path: Assets/TextMesh Pro/Resources/Fonts & Materials/LiberationSans SDF - Outline.mat
  artifactKey: Guid(79459efec17a4d00a321bdcc27bbc385) Importer(2089858483,192608db42251d675da83286b1cce702)
Start importing Assets/TextMesh Pro/Resources/Fonts & Materials/LiberationSans SDF - Outline.mat using Guid(79459efec17a4d00a321bdcc27bbc385) Importer(2089858483,192608db42251d675da83286b1cce702) (ScriptedImporter) -> (artifact id: '1a5ac21ed65a1adea486ee1ce587e5b2') in 0.0197912 seconds
Number of updated asset objects reloaded before import = 0Number of asset objects unloaded after import = 2

========================================================================
Received Import Request.
  Time since last request: 0.000016 seconds.
  path: Assets/MonsterMutant 7/Texture/textures skin4 body v2/4_Emission.tga
  artifactKey: Guid(1bc6db4ae94994243b73ce54ac93a019) Importer(2089858483,192608db42251d675da83286b1cce702)
Start importing Assets/MonsterMutant 7/Texture/textures skin4 body v2/4_Emission.tga using Guid(1bc6db4ae94994243b73ce54ac93a019) Importer(2089858483,192608db42251d675da83286b1cce702) (ScriptedImporter) -> (artifact id: 'd97c4214b9c2bfe86f24fbb417e7088a') in 0.0360407 seconds
Number of updated asset objects reloaded before import = 0Number of asset objects unloaded after import = 1

========================================================================
Received Import Request.
  Time since last request: 0.000117 seconds.
  path: Assets/MonsterMutant 7/Texture/textures skin1 body v2/1_metalic+gloss.tga
  artifactKey: Guid(b12ef0cd0da2c754dafb71abe1d65889) Importer(2089858483,192608db42251d675da83286b1cce702)
Start importing Assets/MonsterMutant 7/Texture/textures skin1 body v2/1_metalic+gloss.tga using Guid(b12ef0cd0da2c754dafb71abe1d65889) Importer(2089858483,192608db42251d675da83286b1cce702) (ScriptedImporter) -> (artifact id: '29061a4449e7d1a81e11fc49b942c164') in 0.0348794 seconds
Number of updated asset objects reloaded before import = 0Number of asset objects unloaded after import = 1

========================================================================
Received Import Request.
  Time since last request: 0.000127 seconds.
  path: Assets/Map/doom-classic-first-level-e1m1/textures/BIGDOOR4.png
  artifactKey: Guid(24edec4ce6c0842c2b1b495fc3a9ead9) Importer(2089858483,192608db42251d675da83286b1cce702)
Start importing Assets/Map/doom-classic-first-level-e1m1/textures/BIGDOOR4.png using Guid(24edec4ce6c0842c2b1b495fc3a9ead9) Importer(2089858483,192608db42251d675da83286b1cce702) (ScriptedImporter) -> (artifact id: 'cf79d725bf55d8c43e830df34b416527') in 0.0089829 seconds
Number of updated asset objects reloaded before import = 0Number of asset objects unloaded after import = 1

========================================================================
Received Import Request.
  Time since last request: 0.000049 seconds.
  path: Assets/Map/doom-classic-first-level-e1m1/textures/BROWN96.png
  artifactKey: Guid(f2678c5fd170d4ebdb7aecb129513a70) Importer(2089858483,192608db42251d675da83286b1cce702)
Start importing Assets/Map/doom-classic-first-level-e1m1/textures/BROWN96.png using Guid(f2678c5fd170d4ebdb7aecb129513a70) Importer(2089858483,192608db42251d675da83286b1cce702) (ScriptedImporter) -> (artifact id: '2fd3d3f649f2ca8d06abb8c60c3d80ca') in 0.0078172 seconds
Number of updated asset objects reloaded before import = 0Number of asset objects unloaded after import = 1

========================================================================
Received Import Request.
  Time since last request: 0.000101 seconds.
  path: Assets/MonsterMutant 7/Texture/textures skin2 body v2/2_metalic+gloss.tga
  artifactKey: Guid(a4de1fe869b3f5545b06b9681687bc30) Importer(2089858483,192608db42251d675da83286b1cce702)
Start importing Assets/MonsterMutant 7/Texture/textures skin2 body v2/2_metalic+gloss.tga using Guid(a4de1fe869b3f5545b06b9681687bc30) Importer(2089858483,192608db42251d675da83286b1cce702) (ScriptedImporter) -> (artifact id: 'c51ea1a359e156e951c09e5400016da9') in 0.0251517 seconds
Number of updated asset objects reloaded before import = 0Number of asset objects unloaded after import = 1

========================================================================
Received Import Request.
  Time since last request: 0.000069 seconds.
  path: Assets/XRI/Settings/Resources/InteractionLayerSettings.asset
  artifactKey: Guid(34bc00e7f029346ab858a30199d5c52e) Importer(2089858483,192608db42251d675da83286b1cce702)
Start importing Assets/XRI/Settings/Resources/InteractionLayerSettings.asset using Guid(34bc00e7f029346ab858a30199d5c52e) Importer(2089858483,192608db42251d675da83286b1cce702) (ScriptedImporter) -> (artifact id: 'cb106f35ff07a2a65534283bc1ea7b97') in 0.006107 seconds
Number of updated asset objects reloaded before import = 0Number of asset objects unloaded after import = 1

========================================================================
Received Import Request.
  Time since last request: 0.000144 seconds.
  path: Assets/Map/doom-classic-first-level-e1m1/Materials/BROWN1.mat
  artifactKey: Guid(c4e81014bd42afd4ca713cd03d214e71) Importer(2089858483,192608db42251d675da83286b1cce702)
Start importing Assets/Map/doom-classic-first-level-e1m1/Materials/BROWN1.mat using Guid(c4e81014bd42afd4ca713cd03d214e71) Importer(2089858483,192608db42251d675da83286b1cce702) (ScriptedImporter) -> (artifact id: '7253c4afa2c5610d40b4f2ea35722ca3') in 0.0069186 seconds
Number of updated asset objects reloaded before import = 0Number of asset objects unloaded after import = 2

========================================================================
Received Import Request.
  Time since last request: 0.000053 seconds.
  path: Assets/Prop/AmmoBox/Materials/AmmoBox.mat
  artifactKey: Guid(644d55a5e31414a4e85d01cfef9ab1ee) Importer(2089858483,192608db42251d675da83286b1cce702)
Start importing Assets/Prop/AmmoBox/Materials/AmmoBox.mat using Guid(644d55a5e31414a4e85d01cfef9ab1ee) Importer(2089858483,192608db42251d675da83286b1cce702) (ScriptedImporter) -> (artifact id: 'a5603e01f84a8735efa35029d7d1a79c') in 0.0098355 seconds
Number of updated asset objects reloaded before import = 0Number of asset objects unloaded after import = 3

========================================================================
Received Import Request.
  Time since last request: 0.000050 seconds.
  path: Assets/Map/doom-classic-first-level-e1m1/textures/COMPTILE.png
  artifactKey: Guid(f3be0af3f3bfc4ceeb20f6feb47a2ba0) Importer(2089858483,192608db42251d675da83286b1cce702)
Start importing Assets/Map/doom-classic-first-level-e1m1/textures/COMPTILE.png using Guid(f3be0af3f3bfc4ceeb20f6feb47a2ba0) Importer(2089858483,192608db42251d675da83286b1cce702) (ScriptedImporter) -> (artifact id: '51e7f5522aa9b99a57e0d48c8f142686') in 0.0068242 seconds
Number of updated asset objects reloaded before import = 0Number of asset objects unloaded after import = 1

========================================================================
Received Import Request.
  Time since last request: 0.000037 seconds.
  path: Assets/Prop/Medkit/Prefabs/Firstaid_2.prefab
  artifactKey: Guid(bf58252b67b807e4eb830e9401bb344d) Importer(2089858483,192608db42251d675da83286b1cce702)
Start importing Assets/Prop/Medkit/Prefabs/Firstaid_2.prefab using Guid(bf58252b67b807e4eb830e9401bb344d) Importer(2089858483,192608db42251d675da83286b1cce702) (ScriptedImporter) -> (artifact id: '9bb5713e8c88d7b56bda366928717cb8') in 0.0160889 seconds
Number of updated asset objects reloaded before import = 0Number of asset objects unloaded after import = 9

========================================================================
Received Import Request.
  Time since last request: 0.000015 seconds.
  path: Assets/MonsterMutant 7/Texture/textures skin1 body v2/1_Normal.tga
  artifactKey: Guid(cfe60dfe41f309c4db1d000b885ce379) Importer(2089858483,192608db42251d675da83286b1cce702)
Start importing Assets/MonsterMutant 7/Texture/textures skin1 body v2/1_Normal.tga using Guid(cfe60dfe41f309c4db1d000b885ce379) Importer(2089858483,192608db42251d675da83286b1cce702) (ScriptedImporter) -> (artifact id: 'c9bdc422685aed10371fc736c6fbf1a5') in 0.0409227 seconds
Number of updated asset objects reloaded before import = 0Number of asset objects unloaded after import = 1

========================================================================
Received Import Request.
  Time since last request: 0.000106 seconds.
  path: Assets/MonsterMutant 7/Texture/textures skin2 body v2/2_Albedo.tga
  artifactKey: Guid(91ccaee65aaf10844a7fbd6fdb5f0b9f) Importer(2089858483,192608db42251d675da83286b1cce702)
Start importing Assets/MonsterMutant 7/Texture/textures skin2 body v2/2_Albedo.tga using Guid(91ccaee65aaf10844a7fbd6fdb5f0b9f) Importer(2089858483,192608db42251d675da83286b1cce702) (ScriptedImporter) -> (artifact id: 'f7c810ccf2ed562ac55e7cdad5bc42d9') in 0.0191299 seconds
Number of updated asset objects reloaded before import = 0Number of asset objects unloaded after import = 1

========================================================================
Received Import Request.
  Time since last request: 0.000058 seconds.
  path: Assets/FIRE_MUZ/WarFX/Shaders/WFX_S Particle Add A8.shader
  artifactKey: Guid(76840267cd7c0e64292ec296b1769b24) Importer(2089858483,192608db42251d675da83286b1cce702)
Start importing Assets/FIRE_MUZ/WarFX/Shaders/WFX_S Particle Add A8.shader using Guid(76840267cd7c0e64292ec296b1769b24) Importer(2089858483,192608db42251d675da83286b1cce702) (ScriptedImporter) -> (artifact id: 'e15bc8152080b680099c1f2a53fb4cc2') in 0.0057313 seconds
Number of updated asset objects reloaded before import = 0Number of asset objects unloaded after import = 1

========================================================================
Received Import Request.
  Time since last request: 0.000115 seconds.
  path: Assets/Map/doom-classic-first-level-e1m1/textures/SW1STRTN.png
  artifactKey: Guid(3104fecd5772a46ecbf64d0dfe1695fb) Importer(2089858483,192608db42251d675da83286b1cce702)
Start importing Assets/Map/doom-classic-first-level-e1m1/textures/SW1STRTN.png using Guid(3104fecd5772a46ecbf64d0dfe1695fb) Importer(2089858483,192608db42251d675da83286b1cce702) (ScriptedImporter) -> (artifact id: '7f4a42a12a9c1acd15d8703482599788') in 0.0100709 seconds
Number of updated asset objects reloaded before import = 0Number of asset objects unloaded after import = 1

========================================================================
Received Import Request.
  Time since last request: 0.000304 seconds.
  path: Assets/MonsterMutant 7/Texture/textures skin4 body v2/4_Occlusion.tga
  artifactKey: Guid(5a37b6ea76d70c54892d818833943ffa) Importer(2089858483,192608db42251d675da83286b1cce702)
Start importing Assets/MonsterMutant 7/Texture/textures skin4 body v2/4_Occlusion.tga using Guid(5a37b6ea76d70c54892d818833943ffa) Importer(2089858483,192608db42251d675da83286b1cce702) (ScriptedImporter) -> (artifact id: '0168ced297e32836c4fd27e9135e55a1') in 0.0180887 seconds
Number of updated asset objects reloaded before import = 0Number of asset objects unloaded after import = 1

========================================================================
Received Import Request.
  Time since last request: 0.000237 seconds.
  path: Assets/Map/doom-classic-first-level-e1m1/textures/EXITDOOR.png
  artifactKey: Guid(e7d353a967d564d7c871bedd1fe2a35c) Importer(2089858483,192608db42251d675da83286b1cce702)
Start importing Assets/Map/doom-classic-first-level-e1m1/textures/EXITDOOR.png using Guid(e7d353a967d564d7c871bedd1fe2a35c) Importer(2089858483,192608db42251d675da83286b1cce702) (ScriptedImporter) -> (artifact id: 'fc0e3eff55f63123a15baa9dc66e9318') in 0.0095907 seconds
Number of updated asset objects reloaded before import = 0Number of asset objects unloaded after import = 1

========================================================================
Received Import Request.
  Time since last request: 0.000179 seconds.
  path: Assets/Prop/Medkit/Textures/firstaid_Metallic_Smoothness.tga
  artifactKey: Guid(0b26261b80626a2418c8a70a872c1fa4) Importer(2089858483,192608db42251d675da83286b1cce702)
Start importing Assets/Prop/Medkit/Textures/firstaid_Metallic_Smoothness.tga using Guid(0b26261b80626a2418c8a70a872c1fa4) Importer(2089858483,192608db42251d675da83286b1cce702) (ScriptedImporter) -> (artifact id: 'b4be45ddfca6f048e3530bedc62ef56f') in 0.0139511 seconds
Number of updated asset objects reloaded before import = 0Number of asset objects unloaded after import = 1

========================================================================
Received Import Request.
  Time since last request: 0.000119 seconds.
  path: Assets/Map/doom-classic-first-level-e1m1/textures/LITE3.png
  artifactKey: Guid(23904823e245d4e23bee10ed869f1122) Importer(2089858483,192608db42251d675da83286b1cce702)
Start importing Assets/Map/doom-classic-first-level-e1m1/textures/LITE3.png using Guid(23904823e245d4e23bee10ed869f1122) Importer(2089858483,192608db42251d675da83286b1cce702) (ScriptedImporter) -> (artifact id: '6bc5b8bd945398bc7131ed9823b8a58b') in 0.0063364 seconds
Number of updated asset objects reloaded before import = 0Number of asset objects unloaded after import = 1

========================================================================
Received Import Request.
  Time since last request: 0.000063 seconds.
  path: Assets/MonsterMutant 7/Texture/textures skin2 body v2/2_Emission.tga
  artifactKey: Guid(6f276d18ecf2c1841a03f6c25395f1c0) Importer(2089858483,192608db42251d675da83286b1cce702)
Start importing Assets/MonsterMutant 7/Texture/textures skin2 body v2/2_Emission.tga using Guid(6f276d18ecf2c1841a03f6c25395f1c0) Importer(2089858483,192608db42251d675da83286b1cce702) (ScriptedImporter) -> (artifact id: '4e7575f961c5e3d21f4295bdbf1f23de') in 0.0133079 seconds
Number of updated asset objects reloaded before import = 0Number of asset objects unloaded after import = 1

========================================================================
Received Import Request.
  Time since last request: 0.000096 seconds.
  path: Assets/MonsterMutant 7/Texture/textures skin4 body v2/4_Albedo.tga
  artifactKey: Guid(483287a5f3e25ae44a4be2e1271b9f8f) Importer(2089858483,192608db42251d675da83286b1cce702)
Start importing Assets/MonsterMutant 7/Texture/textures skin4 body v2/4_Albedo.tga using Guid(483287a5f3e25ae44a4be2e1271b9f8f) Importer(2089858483,192608db42251d675da83286b1cce702) (ScriptedImporter) -> (artifact id: '370b3fae9383529bb2cfe2369491172d') in 0.0207472 seconds
Number of updated asset objects reloaded before import = 0Number of asset objects unloaded after import = 1

========================================================================
Received Import Request.
  Time since last request: 0.000280 seconds.
  path: Assets/MonsterMutant 7/Texture/textures skin2 body v2/2_Normal.tga
  artifactKey: Guid(4f177e3db0c016e4998799cdffe744b8) Importer(2089858483,192608db42251d675da83286b1cce702)
Start importing Assets/MonsterMutant 7/Texture/textures skin2 body v2/2_Normal.tga using Guid(4f177e3db0c016e4998799cdffe744b8) Importer(2089858483,192608db42251d675da83286b1cce702) (ScriptedImporter) -> (artifact id: '73da84a0050895beb43e188063e76fa1') in 0.024615 seconds
Number of updated asset objects reloaded before import = 0Number of asset objects unloaded after import = 1

========================================================================
Received Import Request.
  Time since last request: 0.000091 seconds.
  path: Assets/Map/doom-classic-first-level-e1m1/textures/COMPTALL.png
  artifactKey: Guid(e6771d4d0fa5b40cd8e3f312dfcc5db1) Importer(2089858483,192608db42251d675da83286b1cce702)
Start importing Assets/Map/doom-classic-first-level-e1m1/textures/COMPTALL.png using Guid(e6771d4d0fa5b40cd8e3f312dfcc5db1) Importer(2089858483,192608db42251d675da83286b1cce702) (ScriptedImporter) -> (artifact id: '89460b7bdae402ad42fa5070576b0fc2') in 0.0089029 seconds
Number of updated asset objects reloaded before import = 0Number of asset objects unloaded after import = 1

========================================================================
Received Import Request.
  Time since last request: 0.000101 seconds.
  path: Assets/Map/doom-classic-first-level-e1m1/textures/CEIL5_2.png
  artifactKey: Guid(8e271f26069694d529707178c514608e) Importer(2089858483,192608db42251d675da83286b1cce702)
Start importing Assets/Map/doom-classic-first-level-e1m1/textures/CEIL5_2.png using Guid(8e271f26069694d529707178c514608e) Importer(2089858483,192608db42251d675da83286b1cce702) (ScriptedImporter) -> (artifact id: '1a21e8a18e77c5b495ed6b56d72fa2ad') in 0.0076555 seconds
Number of updated asset objects reloaded before import = 0Number of asset objects unloaded after import = 1

========================================================================
Received Import Request.
  Time since last request: 0.000078 seconds.
  path: Assets/Map/doom-classic-first-level-e1m1/Materials/FLOOR4_8.mat
  artifactKey: Guid(6871f2874cb8373489ef9f76b8fc91b5) Importer(2089858483,192608db42251d675da83286b1cce702)
Start importing Assets/Map/doom-classic-first-level-e1m1/Materials/FLOOR4_8.mat using Guid(6871f2874cb8373489ef9f76b8fc91b5) Importer(2089858483,192608db42251d675da83286b1cce702) (ScriptedImporter) -> (artifact id: '46fe806951930da96990cb2ff714f91e') in 0.0045505 seconds
Number of updated asset objects reloaded before import = 0Number of asset objects unloaded after import = 2

========================================================================
Received Import Request.
  Time since last request: 0.000058 seconds.
  path: Assets/EnemyRobots/Prefabs/CannonMachine.prefab
  artifactKey: Guid(1310908f07bd0d24aa8aaddbb080dbb4) Importer(2089858483,192608db42251d675da83286b1cce702)
Start importing Assets/EnemyRobots/Prefabs/CannonMachine.prefab using Guid(1310908f07bd0d24aa8aaddbb080dbb4) Importer(2089858483,192608db42251d675da83286b1cce702) (ScriptedImporter) -> (artifact id: '6877013e7e9c005ea24a520f0b97dda5') in 0.0129611 seconds
Number of updated asset objects reloaded before import = 0Number of asset objects unloaded after import = 55

========================================================================
Received Import Request.
  Time since last request: 0.000020 seconds.
  path: Assets/TextMesh Pro/Sprites/EmojiOne Attribution.txt
  artifactKey: Guid(381dcb09d5029d14897e55f98031fca5) Importer(2089858483,192608db42251d675da83286b1cce702)
Start importing Assets/TextMesh Pro/Sprites/EmojiOne Attribution.txt using Guid(381dcb09d5029d14897e55f98031fca5) Importer(2089858483,192608db42251d675da83286b1cce702) (ScriptedImporter) -> (artifact id: '58c5d51295e9448fdeabd503b19ec6b1') in 0.0037795 seconds
Number of updated asset objects reloaded before import = 0Number of asset objects unloaded after import = 1

========================================================================
Received Import Request.
  Time since last request: 0.000063 seconds.
  path: Assets/MonsterMutant 7/Materials/Mat_MonsterMutant7_Skin1.mat
  artifactKey: Guid(a540b7e0771a487438f2e7d3027d8a31) Importer(2089858483,192608db42251d675da83286b1cce702)
Start importing Assets/MonsterMutant 7/Materials/Mat_MonsterMutant7_Skin1.mat using Guid(a540b7e0771a487438f2e7d3027d8a31) Importer(2089858483,192608db42251d675da83286b1cce702) (ScriptedImporter) -> (artifact id: '3cf5e88ddf9e0ff9e7cb68e948e3cfbf') in 0.066273 seconds
Number of updated asset objects reloaded before import = 0Number of asset objects unloaded after import = 6

========================================================================
Received Import Request.
  Time since last request: 0.310848 seconds.
  path: Assets/EnemyRobots/Textures/CannonMachine/CannonMachine/CannonMachine_BaseColor.png
  artifactKey: Guid(783e9fed09850a743af8e6a0e6d851d7) Importer(2089858483,192608db42251d675da83286b1cce702)
Start importing Assets/EnemyRobots/Textures/CannonMachine/CannonMachine/CannonMachine_BaseColor.png using Guid(783e9fed09850a743af8e6a0e6d851d7) Importer(2089858483,192608db42251d675da83286b1cce702) (ScriptedImporter) -> (artifact id: 'f8597942296f77e9d7b9ddec8f11c73c') in 0.0115811 seconds
Number of updated asset objects reloaded before import = 0Number of asset objects unloaded after import = 1

========================================================================
Received Import Request.
  Time since last request: 0.000146 seconds.
  path: Assets/Samples/XR Hands/1.5.1/HandVisualizer/Unity.XR.Hands.Samples.VisualizerSample.asmdef
  artifactKey: Guid(60e576d96416ac94182fe26f63acf9ff) Importer(2089858483,192608db42251d675da83286b1cce702)
Start importing Assets/Samples/XR Hands/1.5.1/HandVisualizer/Unity.XR.Hands.Samples.VisualizerSample.asmdef using Guid(60e576d96416ac94182fe26f63acf9ff) Importer(2089858483,192608db42251d675da83286b1cce702) (ScriptedImporter) -> (artifact id: '44395ff38603d6e88cad7d49f1edc587') in 0.003797 seconds
Number of updated asset objects reloaded before import = 0Number of asset objects unloaded after import = 1

========================================================================
Received Import Request.
  Time since last request: 0.000195 seconds.
  path: Assets/FIRE_MUZ/WarFX/Demo/Assets/WFX_Demo_T_Metal.tga
  artifactKey: Guid(a0e33cc5ebc3c214d906f6d5cc5aa18a) Importer(2089858483,192608db42251d675da83286b1cce702)
Start importing Assets/FIRE_MUZ/WarFX/Demo/Assets/WFX_Demo_T_Metal.tga using Guid(a0e33cc5ebc3c214d906f6d5cc5aa18a) Importer(2089858483,192608db42251d675da83286b1cce702) (ScriptedImporter) -> (artifact id: '57e306a7def0d8a66e91198528db3fd2') in 0.0067375 seconds
Number of updated asset objects reloaded before import = 0Number of asset objects unloaded after import = 1

========================================================================
Received Import Request.
  Time since last request: 0.000265 seconds.
  path: Assets/FIRE_MUZ/WarFX/_Effects (Mobile)/Fire/WFXMR_GazFireBig (Purple).prefab
  artifactKey: Guid(99912b6bbb720824baca3259bb8d7b33) Importer(2089858483,192608db42251d675da83286b1cce702)
Start importing Assets/FIRE_MUZ/WarFX/_Effects (Mobile)/Fire/WFXMR_GazFireBig (Purple).prefab using Guid(99912b6bbb720824baca3259bb8d7b33) Importer(2089858483,192608db42251d675da83286b1cce702) (ScriptedImporter) -> (artifact id: '6c4df209f1ade0299f6ef439e83ad14c') in 0.0315561 seconds
Number of updated asset objects reloaded before import = 0Number of asset objects unloaded after import = 15

========================================================================
Received Import Request.
  Time since last request: 0.000167 seconds.
  path: Assets/FIRE_MUZ/WarFX/Demo/UI Canvas/CFX Demo Btn Camera H.png
  artifactKey: Guid(90cdb91b8028d984b9adf63a23402f86) Importer(2089858483,192608db42251d675da83286b1cce702)
Start importing Assets/FIRE_MUZ/WarFX/Demo/UI Canvas/CFX Demo Btn Camera H.png using Guid(90cdb91b8028d984b9adf63a23402f86) Importer(2089858483,192608db42251d675da83286b1cce702) (ScriptedImporter) -> (artifact id: '897252606a3cec927d6b0a24ee601ec6') in 0.0144052 seconds
Number of updated asset objects reloaded before import = 0Number of asset objects unloaded after import = 3

========================================================================
Received Import Request.
  Time since last request: 0.000063 seconds.
  path: Assets/FIRE_MUZ/WarFX/_Effects (Mobile)/Fire/WFXMR_GazFireBig (Green).prefab
  artifactKey: Guid(80c0dbff78cd8674db70406cfc8b1519) Importer(2089858483,192608db42251d675da83286b1cce702)
Start importing Assets/FIRE_MUZ/WarFX/_Effects (Mobile)/Fire/WFXMR_GazFireBig (Green).prefab using Guid(80c0dbff78cd8674db70406cfc8b1519) Importer(2089858483,192608db42251d675da83286b1cce702) (ScriptedImporter) -> (artifact id: '51b5c5316981147164dc56cf23e2b17f') in 0.0261639 seconds
Number of updated asset objects reloaded before import = 0Number of asset objects unloaded after import = 15

========================================================================
Received Import Request.
  Time since last request: 0.000109 seconds.
  path: Assets/FIRE_MUZ/WarFX/_Effects (Mobile)/Bullet Impacts/WFXMR_BImpact Metal.prefab
  artifactKey: Guid(e74af37e539075d428c1f7bd8cdb781d) Importer(2089858483,192608db42251d675da83286b1cce702)
Start importing Assets/FIRE_MUZ/WarFX/_Effects (Mobile)/Bullet Impacts/WFXMR_BImpact Metal.prefab using Guid(e74af37e539075d428c1f7bd8cdb781d) Importer(2089858483,192608db42251d675da83286b1cce702) (ScriptedImporter) -> (artifact id: '6d8b4dc4dbaa2082ce409746d64375d9') in 0.0291741 seconds
Number of updated asset objects reloaded before import = 0Number of asset objects unloaded after import = 11

========================================================================
Received Import Request.
  Time since last request: 0.000034 seconds.
  path: Assets/FIRE_MUZ/WarFX/_Effects (Mobile)/Bullet Impacts/WFXMR_BImpact Concrete NoCollision.prefab
  artifactKey: Guid(f04e15e9b0b32f24b9e87868e8bfbeea) Importer(2089858483,192608db42251d675da83286b1cce702)
Start importing Assets/FIRE_MUZ/WarFX/_Effects (Mobile)/Bullet Impacts/WFXMR_BImpact Concrete NoCollision.prefab using Guid(f04e15e9b0b32f24b9e87868e8bfbeea) Importer(2089858483,192608db42251d675da83286b1cce702) (ScriptedImporter) -> (artifact id: '984bb840eacda1e81a6e141e7050e7f1') in 0.0286627 seconds
Number of updated asset objects reloaded before import = 0Number of asset objects unloaded after import = 15

========================================================================
Received Import Request.
  Time since last request: 0.000018 seconds.
  path: Assets/FIRE_MUZ/WarFX/_Effects/Fire/WFX_GazFireBig (Blue).prefab
  artifactKey: Guid(cdd71635203c8ed47a18dcefce87463e) Importer(2089858483,192608db42251d675da83286b1cce702)
Start importing Assets/FIRE_MUZ/WarFX/_Effects/Fire/WFX_GazFireBig (Blue).prefab using Guid(cdd71635203c8ed47a18dcefce87463e) Importer(2089858483,192608db42251d675da83286b1cce702) (ScriptedImporter) -> (artifact id: 'c9b1ca539cd9f0ff47c8f5e7532c26d1') in 0.0251353 seconds
Number of updated asset objects reloaded before import = 0Number of asset objects unloaded after import = 15

========================================================================
Received Import Request.
  Time since last request: 0.000030 seconds.
  path: Assets/FIRE_MUZ/WarFX/Demo/UI Canvas/CFX Demo Btn SlowMo.png
  artifactKey: Guid(5ec8fc5d939ea2244985ca77a114c9d0) Importer(2089858483,192608db42251d675da83286b1cce702)
Start importing Assets/FIRE_MUZ/WarFX/Demo/UI Canvas/CFX Demo Btn SlowMo.png using Guid(5ec8fc5d939ea2244985ca77a114c9d0) Importer(2089858483,192608db42251d675da83286b1cce702) (ScriptedImporter) -> (artifact id: '21546db6d64f096563247f78ca85c1d8') in 0.0087045 seconds
Number of updated asset objects reloaded before import = 0Number of asset objects unloaded after import = 3

========================================================================
Received Import Request.
  Time since last request: 0.000054 seconds.
  path: Assets/FIRE_MUZ/WarFX/Demo/Assets/WFX_Demo_M_Wood.mat
  artifactKey: Guid(c4b3df7d7d9b4194aad9879ce91ea700) Importer(2089858483,192608db42251d675da83286b1cce702)
Start importing Assets/FIRE_MUZ/WarFX/Demo/Assets/WFX_Demo_M_Wood.mat using Guid(c4b3df7d7d9b4194aad9879ce91ea700) Importer(2089858483,192608db42251d675da83286b1cce702) (ScriptedImporter) -> (artifact id: '245d6b8e269e6dcf4fbbcc27010cd68b') in 0.0067159 seconds
Number of updated asset objects reloaded before import = 0Number of asset objects unloaded after import = 3

========================================================================
Received Import Request.
  Time since last request: 0.000057 seconds.
  path: Assets/FIRE_MUZ/WarFX/_Effects (Mobile)/Fire/WFXMR_FlameThrower Big.prefab
  artifactKey: Guid(3f06cc5630765384d94a7bf00f84b113) Importer(2089858483,192608db42251d675da83286b1cce702)
Start importing Assets/FIRE_MUZ/WarFX/_Effects (Mobile)/Fire/WFXMR_FlameThrower Big.prefab using Guid(3f06cc5630765384d94a7bf00f84b113) Importer(2089858483,192608db42251d675da83286b1cce702) (ScriptedImporter) -> (artifact id: '882552416f4af5a3379bffddf7b26071') in 0.0243397 seconds
Number of updated asset objects reloaded before import = 0Number of asset objects unloaded after import = 11

========================================================================
Received Import Request.
  Time since last request: 0.000017 seconds.
  path: Assets/FIRE_MUZ/WarFX/_Effects/Fire/WFX_FlameThrower Looped.prefab
  artifactKey: Guid(21f6aea0c9b788c4b9b6275efc33d0f9) Importer(2089858483,192608db42251d675da83286b1cce702)
Start importing Assets/FIRE_MUZ/WarFX/_Effects/Fire/WFX_FlameThrower Looped.prefab using Guid(21f6aea0c9b788c4b9b6275efc33d0f9) Importer(2089858483,192608db42251d675da83286b1cce702) (ScriptedImporter) -> (artifact id: '846c5e7afdc8073d19fdc25c106b2dc6') in 0.0236135 seconds
Number of updated asset objects reloaded before import = 0Number of asset objects unloaded after import = 11

========================================================================
Received Import Request.
  Time since last request: 0.000013 seconds.
  path: Assets/FIRE_MUZ/WarFX/_Effects/Smoke/WFX_SmokeGrenade AlphaBlend Black.prefab
  artifactKey: Guid(6f8449a4663a4fd44b6140772d4f39f9) Importer(2089858483,192608db42251d675da83286b1cce702)
Start importing Assets/FIRE_MUZ/WarFX/_Effects/Smoke/WFX_SmokeGrenade AlphaBlend Black.prefab using Guid(6f8449a4663a4fd44b6140772d4f39f9) Importer(2089858483,192608db42251d675da83286b1cce702) (ScriptedImporter) -> (artifact id: '61166ba5acbc9c92ac0e583480dafb0c') in 0.0237102 seconds
Number of updated asset objects reloaded before import = 0Number of asset objects unloaded after import = 11

========================================================================
Received Import Request.
  Time since last request: 0.000045 seconds.
  path: Assets/FIRE_MUZ/WarFX/_Effects/Bullet Impacts/WFX_BImpact Concrete NoCollision.prefab
  artifactKey: Guid(20b31fcfaed0cb842a56fbbe2419428f) Importer(2089858483,192608db42251d675da83286b1cce702)
Start importing Assets/FIRE_MUZ/WarFX/_Effects/Bullet Impacts/WFX_BImpact Concrete NoCollision.prefab using Guid(20b31fcfaed0cb842a56fbbe2419428f) Importer(2089858483,192608db42251d675da83286b1cce702) (ScriptedImporter) -> (artifact id: '69a5369522bcea43d016b6ff89432595') in 0.0240773 seconds
Number of updated asset objects reloaded before import = 0Number of asset objects unloaded after import = 15

========================================================================
Received Import Request.
  Time since last request: 0.000015 seconds.
  path: Assets/FIRE_MUZ/WarFX/_Effects (Mobile)/Fire/WFXMR_GazFireBig (Blue).prefab
  artifactKey: Guid(55700a754af55ac429f02417b245ae86) Importer(2089858483,192608db42251d675da83286b1cce702)
Start importing Assets/FIRE_MUZ/WarFX/_Effects (Mobile)/Fire/WFXMR_GazFireBig (Blue).prefab using Guid(55700a754af55ac429f02417b245ae86) Importer(2089858483,192608db42251d675da83286b1cce702) (ScriptedImporter) -> (artifact id: 'e0b453ccb13345d371b5718b3b8c74af') in 0.0255071 seconds
Number of updated asset objects reloaded before import = 0Number of asset objects unloaded after import = 15

========================================================================
Received Import Request.
  Time since last request: 0.000015 seconds.
  path: Assets/FIRE_MUZ/WarFX/Demo/Assets/WFX_Demo_New.cs
  artifactKey: Guid(6b322923f82d20c4ba75b8657b00331b) Importer(2089858483,192608db42251d675da83286b1cce702)
Start importing Assets/FIRE_MUZ/WarFX/Demo/Assets/WFX_Demo_New.cs using Guid(6b322923f82d20c4ba75b8657b00331b) Importer(2089858483,192608db42251d675da83286b1cce702) (ScriptedImporter) -> (artifact id: 'b63b1dbec4324cd94b70d81b0d3f84df') in 0.0031718 seconds
Number of updated asset objects reloaded before import = 0Number of asset objects unloaded after import = 0

========================================================================
Received Import Request.
  Time since last request: 0.000086 seconds.
  path: Assets/FIRE_MUZ/WarFX/_Effects (Mobile)/Explosions/WFXMR_ExplosiveSmoke.prefab
  artifactKey: Guid(e4704660d196fac40802911e12ac76f1) Importer(2089858483,192608db42251d675da83286b1cce702)
Start importing Assets/FIRE_MUZ/WarFX/_Effects (Mobile)/Explosions/WFXMR_ExplosiveSmoke.prefab using Guid(e4704660d196fac40802911e12ac76f1) Importer(2089858483,192608db42251d675da83286b1cce702) (ScriptedImporter) -> (artifact id: '8d5c5eb7934b138692de9f7f0d9c9a8a') in 0.0304485 seconds
Number of updated asset objects reloaded before import = 0Number of asset objects unloaded after import = 27

========================================================================
Received Import Request.
  Time since last request: 0.000021 seconds.
  path: Assets/FIRE_MUZ/WarFX/Demo/Assets/WFX_Demo_M_M4.mat
  artifactKey: Guid(59a86acc489cd454cbc07c4848d68ef3) Importer(2089858483,192608db42251d675da83286b1cce702)
Start importing Assets/FIRE_MUZ/WarFX/Demo/Assets/WFX_Demo_M_M4.mat using Guid(59a86acc489cd454cbc07c4848d68ef3) Importer(2089858483,192608db42251d675da83286b1cce702) (ScriptedImporter) -> (artifact id: 'ae207dddc980abc3747ba6ac54bb0dc4') in 0.0052794 seconds
Number of updated asset objects reloaded before import = 0Number of asset objects unloaded after import = 3

========================================================================
Received Import Request.
  Time since last request: 0.000014 seconds.
  path: Assets/FIRE_MUZ/WarFX/Demo/Assets/WFX_Demo_DeleteAfterDelay.cs
  artifactKey: Guid(cce2a86394e858c419a5d614b1036533) Importer(2089858483,192608db42251d675da83286b1cce702)
Start importing Assets/FIRE_MUZ/WarFX/Demo/Assets/WFX_Demo_DeleteAfterDelay.cs using Guid(cce2a86394e858c419a5d614b1036533) Importer(2089858483,192608db42251d675da83286b1cce702) (ScriptedImporter) -> (artifact id: 'fcaf10a78ac93dfa3b2f1c9f42fa8317') in 0.0028751 seconds
Number of updated asset objects reloaded before import = 0Number of asset objects unloaded after import = 0

========================================================================
Received Import Request.
  Time since last request: 0.000104 seconds.
  path: Assets/FIRE_MUZ/WarFX/_Effects/Explosions/WFX_Explosion Small.prefab
  artifactKey: Guid(5332791ebce075d4a9e56f4581e7fb47) Importer(2089858483,192608db42251d675da83286b1cce702)
Start importing Assets/FIRE_MUZ/WarFX/_Effects/Explosions/WFX_Explosion Small.prefab using Guid(5332791ebce075d4a9e56f4581e7fb47) Importer(2089858483,192608db42251d675da83286b1cce702) (ScriptedImporter) -> (artifact id: 'a766a9f00ca2f72a1c31033fe1252acf') in 0.0324376 seconds
Number of updated asset objects reloaded before import = 0Number of asset objects unloaded after import = 39

========================================================================
Received Import Request.
  Time since last request: 0.000018 seconds.
  path: Assets/FIRE_MUZ/WarFX/_Effects/Explosions/WFX_Explosion Simple.prefab
  artifactKey: Guid(7075bd5fe1480184695a32611c15da57) Importer(2089858483,192608db42251d675da83286b1cce702)
Start importing Assets/FIRE_MUZ/WarFX/_Effects/Explosions/WFX_Explosion Simple.prefab using Guid(7075bd5fe1480184695a32611c15da57) Importer(2089858483,192608db42251d675da83286b1cce702) (ScriptedImporter) -> (artifact id: '8779e4c39876b496f070e039c8899251') in 0.0271721 seconds
Number of updated asset objects reloaded before import = 0Number of asset objects unloaded after import = 27

========================================================================
Received Import Request.
  Time since last request: 0.000026 seconds.
  path: Assets/FIRE_MUZ/WarFX/_Effects (Mobile)/Explosions/WFXMR_ExplosiveSmoke Big Alt.prefab
  artifactKey: Guid(d609d5ebc845aca409f72e9c6a56dc60) Importer(2089858483,192608db42251d675da83286b1cce702)
Start importing Assets/FIRE_MUZ/WarFX/_Effects (Mobile)/Explosions/WFXMR_ExplosiveSmoke Big Alt.prefab using Guid(d609d5ebc845aca409f72e9c6a56dc60) Importer(2089858483,192608db42251d675da83286b1cce702) (ScriptedImporter) -> (artifact id: 'c41b0cec73107ee3c7f0daffd1e94213') in 0.0290566 seconds
Number of updated asset objects reloaded before import = 0Number of asset objects unloaded after import = 27

========================================================================
Received Import Request.
  Time since last request: 0.000018 seconds.
  path: Assets/FIRE_MUZ/WarFX/_Effects (Mobile)/Bullet Impacts/WFXMR_BImpact Wood.prefab
  artifactKey: Guid(855f647f81ad9774a905ff23fdc26618) Importer(2089858483,192608db42251d675da83286b1cce702)
Start importing Assets/FIRE_MUZ/WarFX/_Effects (Mobile)/Bullet Impacts/WFXMR_BImpact Wood.prefab using Guid(855f647f81ad9774a905ff23fdc26618) Importer(2089858483,192608db42251d675da83286b1cce702) (ScriptedImporter) -> (artifact id: '76401f9620ee36db050efe1aa8c9eb7f') in 0.0234013 seconds
Number of updated asset objects reloaded before import = 0Number of asset objects unloaded after import = 15

========================================================================
Received Import Request.
  Time since last request: 0.000017 seconds.
  path: Assets/FIRE_MUZ/WarFX/_Effects (Mobile)/Explosions/WFXMR_Explosion Simple.prefab
  artifactKey: Guid(8f611da60097c85438a2947021f045cf) Importer(2089858483,192608db42251d675da83286b1cce702)
Start importing Assets/FIRE_MUZ/WarFX/_Effects (Mobile)/Explosions/WFXMR_Explosion Simple.prefab using Guid(8f611da60097c85438a2947021f045cf) Importer(2089858483,192608db42251d675da83286b1cce702) (ScriptedImporter) -> (artifact id: '455480c020add993dd112a5eff0c677c') in 0.0279125 seconds
Number of updated asset objects reloaded before import = 0Number of asset objects unloaded after import = 27

========================================================================
Received Import Request.
  Time since last request: 0.000021 seconds.
  path: Assets/FIRE_MUZ/WarFX/_Effects (Mobile)/Explosions/WFXMR_Explosion.prefab
  artifactKey: Guid(084c6a87873fd6e4da7978a01aa18b34) Importer(2089858483,192608db42251d675da83286b1cce702)
Start importing Assets/FIRE_MUZ/WarFX/_Effects (Mobile)/Explosions/WFXMR_Explosion.prefab using Guid(084c6a87873fd6e4da7978a01aa18b34) Importer(2089858483,192608db42251d675da83286b1cce702) (ScriptedImporter) -> (artifact id: '9d009835d7fa994f079b17a3e972538e') in 0.0339481 seconds
Number of updated asset objects reloaded before import = 0Number of asset objects unloaded after import = 39

========================================================================
Received Import Request.
  Time since last request: 0.000018 seconds.
  path: Assets/FIRE_MUZ/WarFX/_Effects/Explosions/WFX_ExplosiveSmoke Small.prefab
  artifactKey: Guid(2e7e92bc7175b744ea40878dedfa79e4) Importer(2089858483,192608db42251d675da83286b1cce702)
Start importing Assets/FIRE_MUZ/WarFX/_Effects/Explosions/WFX_ExplosiveSmoke Small.prefab using Guid(2e7e92bc7175b744ea40878dedfa79e4) Importer(2089858483,192608db42251d675da83286b1cce702) (ScriptedImporter) -> (artifact id: '76de2884400c249a55a9a75fec53bff7') in 0.0282997 seconds
Number of updated asset objects reloaded before import = 0Number of asset objects unloaded after import = 27

========================================================================
Received Import Request.
  Time since last request: 0.000018 seconds.
  path: Assets/FIRE_MUZ/WarFX/_Effects (Mobile)/MuzzleFlashes/!MuzzleFlash Differences.txt
  artifactKey: Guid(1670e5f7dde5d794787d81b1a3048aa4) Importer(2089858483,192608db42251d675da83286b1cce702)
Start importing Assets/FIRE_MUZ/WarFX/_Effects (Mobile)/MuzzleFlashes/!MuzzleFlash Differences.txt using Guid(1670e5f7dde5d794787d81b1a3048aa4) Importer(2089858483,192608db42251d675da83286b1cce702) (ScriptedImporter) -> (artifact id: '9e0b10f6966964d08f4e9b359368b728') in 0.0026724 seconds
Number of updated asset objects reloaded before import = 0Number of asset objects unloaded after import = 1

========================================================================
Received Import Request.
  Time since last request: 0.098616 seconds.
  path: Assets/FIRE_MUZ/WarFX/Desktop/Materials/Bullet Holes/WFX_BulletHole Metal.mat
  artifactKey: Guid(042184d6004731842a52c613f8df564d) Importer(2089858483,192608db42251d675da83286b1cce702)
Start importing Assets/FIRE_MUZ/WarFX/Desktop/Materials/Bullet Holes/WFX_BulletHole Metal.mat using Guid(042184d6004731842a52c613f8df564d) Importer(2089858483,192608db42251d675da83286b1cce702) (ScriptedImporter) -> (artifact id: '706d38d9ef0ef98163ee06d3d153b50a') in 0.0039709 seconds
Number of updated asset objects reloaded before import = 0Number of asset objects unloaded after import = 2

========================================================================
Received Import Request.
  Time since last request: 0.000029 seconds.
  path: Assets/FIRE_MUZ/WarFX/Desktop/Materials/MuzzleFlashes/WFX_M_MF Side RIFLE1.mat
  artifactKey: Guid(cef9a0c8b14aecf4096e3ff65ed281fb) Importer(2089858483,192608db42251d675da83286b1cce702)
Start importing Assets/FIRE_MUZ/WarFX/Desktop/Materials/MuzzleFlashes/WFX_M_MF Side RIFLE1.mat using Guid(cef9a0c8b14aecf4096e3ff65ed281fb) Importer(2089858483,192608db42251d675da83286b1cce702) (ScriptedImporter) -> (artifact id: '04dd9ccfa6b6047b85544a47c68bae78') in 0.0050114 seconds
Number of updated asset objects reloaded before import = 0Number of asset objects unloaded after import = 2

========================================================================
Received Import Request.
  Time since last request: 0.000141 seconds.
  path: Assets/FIRE_MUZ/WarFX/_Effects (Mobile)/Fire/Gray Smoke/WFXMR_Fire Natural Broad (Gray Smoke).prefab
  artifactKey: Guid(6653f15cda5958544adcee9813458b88) Importer(2089858483,192608db42251d675da83286b1cce702)
Start importing Assets/FIRE_MUZ/WarFX/_Effects (Mobile)/Fire/Gray Smoke/WFXMR_Fire Natural Broad (Gray Smoke).prefab using Guid(6653f15cda5958544adcee9813458b88) Importer(2089858483,192608db42251d675da83286b1cce702) (ScriptedImporter) -> (artifact id: 'ec10d6114ae108d17eb84366ffb01b12') in 0.0269344 seconds
Number of updated asset objects reloaded before import = 0Number of asset objects unloaded after import = 15

========================================================================
Received Import Request.
  Time since last request: 0.000014 seconds.
  path: Assets/FIRE_MUZ/WarFX/Mobile/Textures/Misc/WFXM_T_Sparks Metal A8.png
  artifactKey: Guid(667b83d02e5a08448aea68ca3e97a606) Importer(2089858483,192608db42251d675da83286b1cce702)
Start importing Assets/FIRE_MUZ/WarFX/Mobile/Textures/Misc/WFXM_T_Sparks Metal A8.png using Guid(667b83d02e5a08448aea68ca3e97a606) Importer(2089858483,192608db42251d675da83286b1cce702) (ScriptedImporter) -> (artifact id: '5217fea492867e67349379225c686b9c') in 0.009163 seconds
Number of updated asset objects reloaded before import = 0Number of asset objects unloaded after import = 1

========================================================================
Received Import Request.
  Time since last request: 0.000261 seconds.
  path: Assets/FIRE_MUZ/WarFX/Desktop/Textures/Smoke/WFX_T_SmokeLoopAlpha.tga
  artifactKey: Guid(a222b3d2c604e1946af11e01d29efdee) Importer(2089858483,192608db42251d675da83286b1cce702)
Start importing Assets/FIRE_MUZ/WarFX/Desktop/Textures/Smoke/WFX_T_SmokeLoopAlpha.tga using Guid(a222b3d2c604e1946af11e01d29efdee) Importer(2089858483,192608db42251d675da83286b1cce702) (ScriptedImporter) -> (artifact id: 'e16cbd8892e2a17d8ede8f8ae0e8dcda') in 0.0074863 seconds
Number of updated asset objects reloaded before import = 0Number of asset objects unloaded after import = 1

========================================================================
Received Import Request.
  Time since last request: 0.000121 seconds.
  path: Assets/FIRE_MUZ/WarFX/Mobile/Materials/Smoke/WFXM_M_ExplosiveSmoke.mat
  artifactKey: Guid(de58791328b0aa24fbc546436e2ab448) Importer(2089858483,192608db42251d675da83286b1cce702)
Start importing Assets/FIRE_MUZ/WarFX/Mobile/Materials/Smoke/WFXM_M_ExplosiveSmoke.mat using Guid(de58791328b0aa24fbc546436e2ab448) Importer(2089858483,192608db42251d675da83286b1cce702) (ScriptedImporter) -> (artifact id: '3c1181462c1a43f3c101a099b455f055') in 0.0045546 seconds
Number of updated asset objects reloaded before import = 0Number of asset objects unloaded after import = 2

========================================================================
Received Import Request.
  Time since last request: 0.000014 seconds.
  path: Assets/FIRE_MUZ/WarFX/Desktop/Materials/Flames/WFX_M_NukeFlames ScrollAdd.mat
  artifactKey: Guid(9d5f92a71e0e19a4a99c1f7785e13a17) Importer(2089858483,192608db42251d675da83286b1cce702)
Start importing Assets/FIRE_MUZ/WarFX/Desktop/Materials/Flames/WFX_M_NukeFlames ScrollAdd.mat using Guid(9d5f92a71e0e19a4a99c1f7785e13a17) Importer(2089858483,192608db42251d675da83286b1cce702) (ScriptedImporter) -> (artifact id: '25b781bd5fb499f2eeb52e41b6a4f69b') in 0.0053535 seconds
Number of updated asset objects reloaded before import = 0Number of asset objects unloaded after import = 2

========================================================================
Received Import Request.
  Time since last request: 0.000025 seconds.
  path: Assets/FIRE_MUZ/WarFX/Mobile/Materials/Flames/WFXM_M_ExplosionFlames Add.mat
  artifactKey: Guid(48a925b6c99a1dc41b7efda3989ecde2) Importer(2089858483,192608db42251d675da83286b1cce702)
Start importing Assets/FIRE_MUZ/WarFX/Mobile/Materials/Flames/WFXM_M_ExplosionFlames Add.mat using Guid(48a925b6c99a1dc41b7efda3989ecde2) Importer(2089858483,192608db42251d675da83286b1cce702) (ScriptedImporter) -> (artifact id: '576253582f6dfbf018acd5002569c392') in 0.0063635 seconds
Number of updated asset objects reloaded before import = 0Number of asset objects unloaded after import = 2

========================================================================
Received Import Request.
  Time since last request: 0.000020 seconds.
  path: Assets/FIRE_MUZ/WarFX/Mobile/Materials/Bullet Holes/WFXM_BulletHole Wood Lighted.mat
  artifactKey: Guid(22e274cec6ea8674cb2d4015a3fe1770) Importer(2089858483,192608db42251d675da83286b1cce702)
Start importing Assets/FIRE_MUZ/WarFX/Mobile/Materials/Bullet Holes/WFXM_BulletHole Wood Lighted.mat using Guid(22e274cec6ea8674cb2d4015a3fe1770) Importer(2089858483,192608db42251d675da83286b1cce702) (ScriptedImporter) -> (artifact id: '5bc75bace393a703bbaacf697443a611') in 0.0047934 seconds
Number of updated asset objects reloaded before import = 0Number of asset objects unloaded after import = 2

========================================================================
Received Import Request.
  Time since last request: 0.000049 seconds.
  path: Assets/FIRE_MUZ/WarFX/_Effects (Mobile)/Fire/No Smoke/WFXMR_Fire Natural Broad (No Smoke).prefab
  artifactKey: Guid(34fd02ac9d79ecc48959596089be08ca) Importer(2089858483,192608db42251d675da83286b1cce702)
Start importing Assets/FIRE_MUZ/WarFX/_Effects (Mobile)/Fire/No Smoke/WFXMR_Fire Natural Broad (No Smoke).prefab using Guid(34fd02ac9d79ecc48959596089be08ca) Importer(2089858483,192608db42251d675da83286b1cce702) (ScriptedImporter) -> (artifact id: '933c6a56f861b9f5aec9536d8a0175f4') in 0.023532 seconds
Number of updated asset objects reloaded before import = 0Number of asset objects unloaded after import = 11

========================================================================
Received Import Request.
  Time since last request: 0.000096 seconds.
  path: Assets/FIRE_MUZ/WarFX/Mobile/Textures/Smoke/WFXM_T_SmokeSpikeStretched A8.tga
  artifactKey: Guid(3d5bde7f288675e46aa301ac5bb9a959) Importer(2089858483,192608db42251d675da83286b1cce702)
Start importing Assets/FIRE_MUZ/WarFX/Mobile/Textures/Smoke/WFXM_T_SmokeSpikeStretched A8.tga using Guid(3d5bde7f288675e46aa301ac5bb9a959) Importer(2089858483,192608db42251d675da83286b1cce702) (ScriptedImporter) -> (artifact id: '9de1fa1776290b9b8ec4cc6084feb0f3') in 0.0083957 seconds
Number of updated asset objects reloaded before import = 0Number of asset objects unloaded after import = 1

========================================================================
Received Import Request.
  Time since last request: 0.000279 seconds.
  path: Assets/FIRE_MUZ/WarFX/Desktop/Textures/Misc/WFX_T_Debris Wood.tga
  artifactKey: Guid(6499ec80e8fac904592dfa142f3436ae) Importer(2089858483,192608db42251d675da83286b1cce702)
Start importing Assets/FIRE_MUZ/WarFX/Desktop/Textures/Misc/WFX_T_Debris Wood.tga using Guid(6499ec80e8fac904592dfa142f3436ae) Importer(2089858483,192608db42251d675da83286b1cce702) (ScriptedImporter) -> (artifact id: 'fe88a8cc25d5c92cd71309703129447c') in 0.0068755 seconds
Number of updated asset objects reloaded before import = 0Number of asset objects unloaded after import = 1

========================================================================
Received Import Request.
  Time since last request: 0.000059 seconds.
  path: Assets/FIRE_MUZ/WarFX/Desktop/Materials/MuzzleFlashes/WFX_M_MF FrontRear RIFLE3.mat
  artifactKey: Guid(28045a2b25553844db8bb7a4668049f4) Importer(2089858483,192608db42251d675da83286b1cce702)
Start importing Assets/FIRE_MUZ/WarFX/Desktop/Materials/MuzzleFlashes/WFX_M_MF FrontRear RIFLE3.mat using Guid(28045a2b25553844db8bb7a4668049f4) Importer(2089858483,192608db42251d675da83286b1cce702) (ScriptedImporter) -> (artifact id: '54454d1f2db8894f23fda69b995657d7') in 0.0060729 seconds
Number of updated asset objects reloaded before import = 0Number of asset objects unloaded after import = 2

========================================================================
Received Import Request.
  Time since last request: 0.000053 seconds.
  path: Assets/FIRE_MUZ/WarFX/_Effects/MuzzleFlashes/FPS/WFX_MF FPS RIFLE3.prefab
  artifactKey: Guid(8eaaa4f553116f44b8459bc24201c514) Importer(2089858483,192608db42251d675da83286b1cce702)
Start importing Assets/FIRE_MUZ/WarFX/_Effects/MuzzleFlashes/FPS/WFX_MF FPS RIFLE3.prefab using Guid(8eaaa4f553116f44b8459bc24201c514) Importer(2089858483,192608db42251d675da83286b1cce702) (ScriptedImporter) -> (artifact id: 'b83ee6c49fdc6b38e6e8856d4fe77075') in 0.0293141 seconds
Number of updated asset objects reloaded before import = 0Number of asset objects unloaded after import = 20

========================================================================
Received Import Request.
  Time since last request: 0.000031 seconds.
  path: Assets/FIRE_MUZ/WarFX/Mobile/Textures/Misc/WFXM_T_GlowCircle A8.png
  artifactKey: Guid(7c2db9e29dacb944d83a81c1168acd36) Importer(2089858483,192608db42251d675da83286b1cce702)
Start importing Assets/FIRE_MUZ/WarFX/Mobile/Textures/Misc/WFXM_T_GlowCircle A8.png using Guid(7c2db9e29dacb944d83a81c1168acd36) Importer(2089858483,192608db42251d675da83286b1cce702) (ScriptedImporter) -> (artifact id: '6b98b58516e709f7213aa2cdbfbcf323') in 0.0070998 seconds
Number of updated asset objects reloaded before import = 0Number of asset objects unloaded after import = 1

========================================================================
Received Import Request.
  Time since last request: 0.000037 seconds.
  path: Assets/FIRE_MUZ/WarFX/Desktop/Textures/Misc/WFX_T_StretchPalet A8.png
  artifactKey: Guid(16aa7f45fd438dd41a1e882bd67f5701) Importer(2089858483,192608db42251d675da83286b1cce702)
Start importing Assets/FIRE_MUZ/WarFX/Desktop/Textures/Misc/WFX_T_StretchPalet A8.png using Guid(16aa7f45fd438dd41a1e882bd67f5701) Importer(2089858483,192608db42251d675da83286b1cce702) (ScriptedImporter) -> (artifact id: '3676aef0ed521b756ff2e8244581dd0e') in 0.0069758 seconds
Number of updated asset objects reloaded before import = 0Number of asset objects unloaded after import = 1

========================================================================
Received Import Request.
  Time since last request: 0.000040 seconds.
  path: Assets/FIRE_MUZ/WarFX/Desktop/Materials/Smoke/WFX_M_SmokeGrenadeWhite.mat
  artifactKey: Guid(8125e28080ea54248a42c7c6494cd5b4) Importer(2089858483,192608db42251d675da83286b1cce702)
Start importing Assets/FIRE_MUZ/WarFX/Desktop/Materials/Smoke/WFX_M_SmokeGrenadeWhite.mat using Guid(8125e28080ea54248a42c7c6494cd5b4) Importer(2089858483,192608db42251d675da83286b1cce702) (ScriptedImporter) -> (artifact id: 'e625fc1a5224a1979769de9e80b8c99a') in 0.0041816 seconds
Number of updated asset objects reloaded before import = 0Number of asset objects unloaded after import = 2

========================================================================
Received Import Request.
  Time since last request: 0.000047 seconds.
  path: Assets/FIRE_MUZ/WarFX/_Effects/MuzzleFlashes/4Planes/WFX_MF 4P RIFLE1.prefab
  artifactKey: Guid(c888f0c922d622147bbdbe2ca794142b) Importer(2089858483,192608db42251d675da83286b1cce702)
Start importing Assets/FIRE_MUZ/WarFX/_Effects/MuzzleFlashes/4Planes/WFX_MF 4P RIFLE1.prefab using Guid(c888f0c922d622147bbdbe2ca794142b) Importer(2089858483,192608db42251d675da83286b1cce702) (ScriptedImporter) -> (artifact id: '990eb7050d08b979cb63e68e1fba4dab') in 0.034395 seconds
Number of updated asset objects reloaded before import = 0Number of asset objects unloaded after import = 31

========================================================================
Received Import Request.
  Time since last request: 0.000016 seconds.
  path: Assets/FIRE_MUZ/WarFX/Mobile/Materials/Smoke/WFXM_M_Smoke SoftMult.mat
  artifactKey: Guid(fe481424cfe6854488d84d32d6408432) Importer(2089858483,192608db42251d675da83286b1cce702)
Start importing Assets/FIRE_MUZ/WarFX/Mobile/Materials/Smoke/WFXM_M_Smoke SoftMult.mat using Guid(fe481424cfe6854488d84d32d6408432) Importer(2089858483,192608db42251d675da83286b1cce702) (ScriptedImporter) -> (artifact id: '00a50dd4c7c381c93735f7e8c1fb9fb0') in 0.0045323 seconds
Number of updated asset objects reloaded before import = 0Number of asset objects unloaded after import = 2

========================================================================
Received Import Request.
  Time since last request: 0.000018 seconds.
  path: Assets/FIRE_MUZ/WarFX/_Effects/MuzzleFlashes/Sprites/WFX_MF Spr RIFLE2.prefab
  artifactKey: Guid(eb553b67921c92649ac7dbbc561e2047) Importer(2089858483,192608db42251d675da83286b1cce702)
Start importing Assets/FIRE_MUZ/WarFX/_Effects/MuzzleFlashes/Sprites/WFX_MF Spr RIFLE2.prefab using Guid(eb553b67921c92649ac7dbbc561e2047) Importer(2089858483,192608db42251d675da83286b1cce702) (ScriptedImporter) -> (artifact id: 'ea1ec4140ebce2de6b33b5c9f5ce4c0c') in 0.0247349 seconds
Number of updated asset objects reloaded before import = 0Number of asset objects unloaded after import = 23

========================================================================
Received Import Request.
  Time since last request: 0.000019 seconds.
  path: Assets/FIRE_MUZ/WarFX/_Effects/Bullet Impacts/+ Bullet Hole/WFX_BImpact Sand + Hole.prefab
  artifactKey: Guid(0b24f31f464fa614a84acdeac974ed6b) Importer(2089858483,192608db42251d675da83286b1cce702)
Start importing Assets/FIRE_MUZ/WarFX/_Effects/Bullet Impacts/+ Bullet Hole/WFX_BImpact Sand + Hole.prefab using Guid(0b24f31f464fa614a84acdeac974ed6b) Importer(2089858483,192608db42251d675da83286b1cce702) (ScriptedImporter) -> (artifact id: '05d266347947a56c55d07a89ea759770') in 0.0263744 seconds
Number of updated asset objects reloaded before import = 0Number of asset objects unloaded after import = 21

========================================================================
Received Import Request.
  Time since last request: 0.000016 seconds.
  path: Assets/FIRE_MUZ/WarFX/Desktop/Textures/Flames/WFX_T_FlamesSmallLoopAlpha.tga
  artifactKey: Guid(a9fd5240a7e9ed246b133b0059ab2cac) Importer(2089858483,192608db42251d675da83286b1cce702)
Start importing Assets/FIRE_MUZ/WarFX/Desktop/Textures/Flames/WFX_T_FlamesSmallLoopAlpha.tga using Guid(a9fd5240a7e9ed246b133b0059ab2cac) Importer(2089858483,192608db42251d675da83286b1cce702) (ScriptedImporter) -> (artifact id: '8d7cc427e274651a6b3d322e96bd0a7c') in 0.0080248 seconds
Number of updated asset objects reloaded before import = 0Number of asset objects unloaded after import = 1

========================================================================
Received Import Request.
  Time since last request: 0.000251 seconds.
  path: Assets/FIRE_MUZ/WarFX/_Effects (Mobile)/MuzzleFlashes/4Planes/WFXMR_MF 4P RIFLE1.prefab
  artifactKey: Guid(5317fde2cd7d75a4d8888fd00df21599) Importer(2089858483,192608db42251d675da83286b1cce702)
Start importing Assets/FIRE_MUZ/WarFX/_Effects (Mobile)/MuzzleFlashes/4Planes/WFXMR_MF 4P RIFLE1.prefab using Guid(5317fde2cd7d75a4d8888fd00df21599) Importer(2089858483,192608db42251d675da83286b1cce702) (ScriptedImporter) -> (artifact id: '0b0b0a0f7f47fca1aa09ef03658ade3b') in 0.0280756 seconds
Number of updated asset objects reloaded before import = 0Number of asset objects unloaded after import = 29

========================================================================
Received Import Request.
  Time since last request: 0.000015 seconds.
  path: Assets/FIRE_MUZ/WarFX/_Effects/MuzzleFlashes/FPS/WFX_MF FPS RIFLE2.prefab
  artifactKey: Guid(03a4a1935a9f4454c861dfa0aa6df562) Importer(2089858483,192608db42251d675da83286b1cce702)
Start importing Assets/FIRE_MUZ/WarFX/_Effects/MuzzleFlashes/FPS/WFX_MF FPS RIFLE2.prefab using Guid(03a4a1935a9f4454c861dfa0aa6df562) Importer(2089858483,192608db42251d675da83286b1cce702) (ScriptedImporter) -> (artifact id: '506f466897c55ed35df7f34243e2f51f') in 0.0240476 seconds
Number of updated asset objects reloaded before import = 0Number of asset objects unloaded after import = 19

========================================================================
Received Import Request.
  Time since last request: 0.000017 seconds.
  path: Assets/FIRE_MUZ/WarFX/Desktop/Materials/Misc/WFX_M_StretchPalet.mat
  artifactKey: Guid(b0c7cf51d3fecb446ab93bf854419715) Importer(2089858483,192608db42251d675da83286b1cce702)
Start importing Assets/FIRE_MUZ/WarFX/Desktop/Materials/Misc/WFX_M_StretchPalet.mat using Guid(b0c7cf51d3fecb446ab93bf854419715) Importer(2089858483,192608db42251d675da83286b1cce702) (ScriptedImporter) -> (artifact id: '13f55dbfce614184f321da2b4de70edf') in 0.0043178 seconds
Number of updated asset objects reloaded before import = 0Number of asset objects unloaded after import = 2

========================================================================
Received Import Request.
  Time since last request: 0.000059 seconds.
  path: Assets/FIRE_MUZ/WarFX/Mobile/Textures/Bullet Holes/WFXM_T_BulletHoles Concrete.tga
  artifactKey: Guid(f6a28e01af186fe4faca54e91d94906d) Importer(2089858483,192608db42251d675da83286b1cce702)
Start importing Assets/FIRE_MUZ/WarFX/Mobile/Textures/Bullet Holes/WFXM_T_BulletHoles Concrete.tga using Guid(f6a28e01af186fe4faca54e91d94906d) Importer(2089858483,192608db42251d675da83286b1cce702) (ScriptedImporter) -> (artifact id: '20efe8437820a771212d8541a9299c34') in 0.0083428 seconds
Number of updated asset objects reloaded before import = 0Number of asset objects unloaded after import = 1

========================================================================
Received Import Request.
  Time since last request: 0.000173 seconds.
  path: Assets/FIRE_MUZ/WarFX/Mobile/Materials/Bullet Holes/WFXM_BulletHole Generic Sand.mat
  artifactKey: Guid(d9647b2b4e5345043b393555fd1dd336) Importer(2089858483,192608db42251d675da83286b1cce702)
Start importing Assets/FIRE_MUZ/WarFX/Mobile/Materials/Bullet Holes/WFXM_BulletHole Generic Sand.mat using Guid(d9647b2b4e5345043b393555fd1dd336) Importer(2089858483,192608db42251d675da83286b1cce702) (ScriptedImporter) -> (artifact id: 'f01d4df7c4455965806a32c3e5fedda5') in 0.0039903 seconds
Number of updated asset objects reloaded before import = 0Number of asset objects unloaded after import = 2

========================================================================
Received Import Request.
  Time since last request: 0.000051 seconds.
  path: Assets/FIRE_MUZ/WarFX/Desktop/Materials/Misc/WFX_M_SmallDots Add.mat
  artifactKey: Guid(e4f85b2e68822a041b8df56db88fbd27) Importer(2089858483,192608db42251d675da83286b1cce702)
Start importing Assets/FIRE_MUZ/WarFX/Desktop/Materials/Misc/WFX_M_SmallDots Add.mat using Guid(e4f85b2e68822a041b8df56db88fbd27) Importer(2089858483,192608db42251d675da83286b1cce702) (ScriptedImporter) -> (artifact id: 'c1e7aaf0862cf140469839dd9a1911b8') in 0.0043433 seconds
Number of updated asset objects reloaded before import = 0Number of asset objects unloaded after import = 2

========================================================================
Received Import Request.
  Time since last request: 0.000149 seconds.
  path: Assets/FIRE_MUZ/WarFX/Mobile/Materials/MuzzleFlashes/WFXM_M_MF Sparks RIFLE1.mat
  artifactKey: Guid(682571fd6d8f0ec498a7e7050e573b40) Importer(2089858483,192608db42251d675da83286b1cce702)
Start importing Assets/FIRE_MUZ/WarFX/Mobile/Materials/MuzzleFlashes/WFXM_M_MF Sparks RIFLE1.mat using Guid(682571fd6d8f0ec498a7e7050e573b40) Importer(2089858483,192608db42251d675da83286b1cce702) (ScriptedImporter) -> (artifact id: '70453d157ea09dfa9fdf2a23feae3b20') in 0.0051786 seconds
Number of updated asset objects reloaded before import = 0Number of asset objects unloaded after import = 2

========================================================================
Received Import Request.
  Time since last request: 0.000142 seconds.
  path: Assets/FIRE_MUZ/WarFX/Desktop/Textures/MuzzleFlashes/WFX_T_MF Sparks RIFLE3 A8.tga
  artifactKey: Guid(0cc149bc487ff27419e48863a408b77a) Importer(2089858483,192608db42251d675da83286b1cce702)
Start importing Assets/FIRE_MUZ/WarFX/Desktop/Textures/MuzzleFlashes/WFX_T_MF Sparks RIFLE3 A8.tga using Guid(0cc149bc487ff27419e48863a408b77a) Importer(2089858483,192608db42251d675da83286b1cce702) (ScriptedImporter) -> (artifact id: 'feb6a9fde0f1247022f09641cc14c1ce') in 0.0096074 seconds
Number of updated asset objects reloaded before import = 0Number of asset objects unloaded after import = 1

========================================================================
Received Import Request.
  Time since last request: 0.000054 seconds.
  path: Assets/FIRE_MUZ/WarFX/Mobile/Textures/MuzzleFlashes/WFXM_T_MF Side RIFLE3 A8.png
  artifactKey: Guid(0928104f6967d19408c5da91119f0d42) Importer(2089858483,192608db42251d675da83286b1cce702)
Start importing Assets/FIRE_MUZ/WarFX/Mobile/Textures/MuzzleFlashes/WFXM_T_MF Side RIFLE3 A8.png using Guid(0928104f6967d19408c5da91119f0d42) Importer(2089858483,192608db42251d675da83286b1cce702) (ScriptedImporter) -> (artifact id: 'cd20bf6553e82ac77d7f13561e359076') in 0.0081015 seconds
Number of updated asset objects reloaded before import = 0Number of asset objects unloaded after import = 1

========================================================================
Received Import Request.
  Time since last request: 0.000133 seconds.
  path: Assets/FIRE_MUZ/WarFX/Mobile/Textures/Misc/WFXM_T_GlowPalet A8.png
  artifactKey: Guid(65fe4d99ca5e43a4898ab165fef4a9ea) Importer(2089858483,192608db42251d675da83286b1cce702)
Start importing Assets/FIRE_MUZ/WarFX/Mobile/Textures/Misc/WFXM_T_GlowPalet A8.png using Guid(65fe4d99ca5e43a4898ab165fef4a9ea) Importer(2089858483,192608db42251d675da83286b1cce702) (ScriptedImporter) -> (artifact id: '7bb5b0b5ec7774a8701a2dba15d94773') in 0.0061013 seconds
Number of updated asset objects reloaded before import = 0Number of asset objects unloaded after import = 1

========================================================================
Received Import Request.
  Time since last request: 0.000080 seconds.
  path: Assets/FIRE_MUZ/WarFX/_Effects/MuzzleFlashes/4Planes/WFX_MF 4P RIFLE2.prefab
  artifactKey: Guid(b0a227fc2e558f241b1c747820ccc361) Importer(2089858483,192608db42251d675da83286b1cce702)
Start importing Assets/FIRE_MUZ/WarFX/_Effects/MuzzleFlashes/4Planes/WFX_MF 4P RIFLE2.prefab using Guid(b0a227fc2e558f241b1c747820ccc361) Importer(2089858483,192608db42251d675da83286b1cce702) (ScriptedImporter) -> (artifact id: '9a79ae20512cabcd21bd6d0da2d0acad') in 0.0273785 seconds
Number of updated asset objects reloaded before import = 0Number of asset objects unloaded after import = 31

========================================================================
Received Import Request.
  Time since last request: 0.000017 seconds.
  path: Assets/FIRE_MUZ/WarFX/_Effects/Bullet Impacts/+ Bullet Hole/WFX_BImpact SoftBody + Hole.prefab
  artifactKey: Guid(957385c45b877e645a128e11a3efb2f9) Importer(2089858483,192608db42251d675da83286b1cce702)
Start importing Assets/FIRE_MUZ/WarFX/_Effects/Bullet Impacts/+ Bullet Hole/WFX_BImpact SoftBody + Hole.prefab using Guid(957385c45b877e645a128e11a3efb2f9) Importer(2089858483,192608db42251d675da83286b1cce702) (ScriptedImporter) -> (artifact id: '058f3908ebf9f25ca42d747a025d3fb0') in 0.0266791 seconds
Number of updated asset objects reloaded before import = 0Number of asset objects unloaded after import = 21

========================================================================
Received Import Request.
  Time since last request: 0.000015 seconds.
  path: Assets/FIRE_MUZ/WarFX/Mobile/Materials/Misc/WFXM_M_StretchPalet.mat
  artifactKey: Guid(ae862d3e96e550448b065f9e4e239fa6) Importer(2089858483,192608db42251d675da83286b1cce702)
Start importing Assets/FIRE_MUZ/WarFX/Mobile/Materials/Misc/WFXM_M_StretchPalet.mat using Guid(ae862d3e96e550448b065f9e4e239fa6) Importer(2089858483,192608db42251d675da83286b1cce702) (ScriptedImporter) -> (artifact id: '57d26293cf0f19e1f4b44be5224dcc64') in 0.0045148 seconds
Number of updated asset objects reloaded before import = 0Number of asset objects unloaded after import = 2

========================================================================
Received Import Request.
  Time since last request: 0.000086 seconds.
  path: Assets/FIRE_MUZ/WarFX/Mobile/Materials/MuzzleFlashes/WFXM_M_MF Sparks RIFLE2.mat
  artifactKey: Guid(4dde6e2427a9e8f4d9eb28f4a4b7aedc) Importer(2089858483,192608db42251d675da83286b1cce702)
Start importing Assets/FIRE_MUZ/WarFX/Mobile/Materials/MuzzleFlashes/WFXM_M_MF Sparks RIFLE2.mat using Guid(4dde6e2427a9e8f4d9eb28f4a4b7aedc) Importer(2089858483,192608db42251d675da83286b1cce702) (ScriptedImporter) -> (artifact id: '4594a875886641594b3d5de70d19555a') in 0.0040107 seconds
Number of updated asset objects reloaded before import = 0Number of asset objects unloaded after import = 2

========================================================================
Received Import Request.
  Time since last request: 0.000047 seconds.
  path: Assets/FIRE_MUZ/WarFX/_Effects/Smoke/Color Variants/WFX_SmokeGrenade AlphaBlend Red.prefab
  artifactKey: Guid(5009bf425539d77498f5db824a14dab5) Importer(2089858483,192608db42251d675da83286b1cce702)
Start importing Assets/FIRE_MUZ/WarFX/_Effects/Smoke/Color Variants/WFX_SmokeGrenade AlphaBlend Red.prefab using Guid(5009bf425539d77498f5db824a14dab5) Importer(2089858483,192608db42251d675da83286b1cce702) (ScriptedImporter) -> (artifact id: 'd7d1cbaabc48e122ec1213a071d6e8ce') in 0.0243773 seconds
Number of updated asset objects reloaded before import = 0Number of asset objects unloaded after import = 11

========================================================================
Received Import Request.
  Time since last request: 0.000013 seconds.
  path: Assets/FIRE_MUZ/WarFX/Mobile/Textures/Misc/WFXM_T_Debris Generic.tga
  artifactKey: Guid(e776eb0d9da93f44685734becef98a43) Importer(2089858483,192608db42251d675da83286b1cce702)
Start importing Assets/FIRE_MUZ/WarFX/Mobile/Textures/Misc/WFXM_T_Debris Generic.tga using Guid(e776eb0d9da93f44685734becef98a43) Importer(2089858483,192608db42251d675da83286b1cce702) (ScriptedImporter) -> (artifact id: '6d5f4cf33df6337ae396a0ac03b3f6c6') in 0.0082201 seconds
Number of updated asset objects reloaded before import = 0Number of asset objects unloaded after import = 1

========================================================================
Received Import Request.
  Time since last request: 0.000063 seconds.
  path: Assets/FIRE_MUZ/WarFX/Mobile/Textures/Bullet Holes/WFXM_T_BulletHoles Generic.tga
  artifactKey: Guid(2aa9c70524e11f647be7f37d87fde7a4) Importer(2089858483,192608db42251d675da83286b1cce702)
Start importing Assets/FIRE_MUZ/WarFX/Mobile/Textures/Bullet Holes/WFXM_T_BulletHoles Generic.tga using Guid(2aa9c70524e11f647be7f37d87fde7a4) Importer(2089858483,192608db42251d675da83286b1cce702) (ScriptedImporter) -> (artifact id: '440db05be14222bfebc9f157a295124d') in 0.0068523 seconds
Number of updated asset objects reloaded before import = 0Number of asset objects unloaded after import = 1

========================================================================
Received Import Request.
  Time since last request: 0.039614 seconds.
  path: Assets/FIRE_MUZ/WarFX/_Effects (Mobile)/MuzzleFlashes/FPS/WFXMR_MF FPS RIFLE2.prefab
  artifactKey: Guid(cdf14baff693fbc439f8c859529a63a6) Importer(2089858483,192608db42251d675da83286b1cce702)
Start importing Assets/FIRE_MUZ/WarFX/_Effects (Mobile)/MuzzleFlashes/FPS/WFXMR_MF FPS RIFLE2.prefab using Guid(cdf14baff693fbc439f8c859529a63a6) Importer(2089858483,192608db42251d675da83286b1cce702) (ScriptedImporter) -> (artifact id: '5eacecfe5f05734e1104013c0e33cc0a') in 0.0209678 seconds
Number of updated asset objects reloaded before import = 0Number of asset objects unloaded after import = 17

========================================================================
Received Import Request.
  Time since last request: 0.000020 seconds.
  path: Assets/Samples/XR Interaction Toolkit/3.0.8/Starter Assets/DemoSceneAssets/Models/Primitive_Blaster_Long.fbx
  artifactKey: Guid(e51d3dbfe79e4c646bb30424a11f23a0) Importer(2089858483,192608db42251d675da83286b1cce702)
Start importing Assets/Samples/XR Interaction Toolkit/3.0.8/Starter Assets/DemoSceneAssets/Models/Primitive_Blaster_Long.fbx using Guid(e51d3dbfe79e4c646bb30424a11f23a0) Importer(2089858483,192608db42251d675da83286b1cce702) (ScriptedImporter) -> (artifact id: '906d17fa893f997658eabf840229d3df') in 0.0095013 seconds
Number of updated asset objects reloaded before import = 0Number of asset objects unloaded after import = 8

========================================================================
Received Import Request.
  Time since last request: 0.000054 seconds.
  path: Assets/Samples/XR Hands/1.5.1/HandVisualizer/Materials/HandsDefaultMaterial.mat
  artifactKey: Guid(613690cd962241049a0ec289a6ff835e) Importer(2089858483,192608db42251d675da83286b1cce702)
Start importing Assets/Samples/XR Hands/1.5.1/HandVisualizer/Materials/HandsDefaultMaterial.mat using Guid(613690cd962241049a0ec289a6ff835e) Importer(2089858483,192608db42251d675da83286b1cce702) (ScriptedImporter) -> (artifact id: '4bb3ece1a709edab5c878a2673815730') in 0.0290914 seconds
Number of updated asset objects reloaded before import = 0Number of asset objects unloaded after import = 1

========================================================================
Received Import Request.
  Time since last request: 0.000077 seconds.
  path: Assets/FIRE_MUZ/WarFX/_Effects/Bullet Impacts/+ Bullet Hole/Unlit/WFX_BImpact Concrete NoCollision + Hole Unlit.prefab
  artifactKey: Guid(cfcd690db7ce26548af4f6d7bb536b02) Importer(2089858483,192608db42251d675da83286b1cce702)
Start importing Assets/FIRE_MUZ/WarFX/_Effects/Bullet Impacts/+ Bullet Hole/Unlit/WFX_BImpact Concrete NoCollision + Hole Unlit.prefab using Guid(cfcd690db7ce26548af4f6d7bb536b02) Importer(2089858483,192608db42251d675da83286b1cce702) (ScriptedImporter) -> (artifact id: '6c80bcd4d017f313192540ff2ff89774') in 0.0244009 seconds
Number of updated asset objects reloaded before import = 0Number of asset objects unloaded after import = 21

========================================================================
Received Import Request.
  Time since last request: 0.000015 seconds.
  path: Assets/Samples/XR Hands/1.5.1/HandVisualizer/Models/RightHandAndroidXR.fbx
  artifactKey: Guid(49090752ee8bba242ad64a291905ee10) Importer(2089858483,192608db42251d675da83286b1cce702)
Start importing Assets/Samples/XR Hands/1.5.1/HandVisualizer/Models/RightHandAndroidXR.fbx using Guid(49090752ee8bba242ad64a291905ee10) Importer(2089858483,192608db42251d675da83286b1cce702) (ScriptedImporter) -> (artifact id: 'ece94f65a7a9de2c110c36f5e1033032') in 0.0077294 seconds
Number of updated asset objects reloaded before import = 0Number of asset objects unloaded after import = 60

========================================================================
Received Import Request.
  Time since last request: 0.000021 seconds.
  path: Assets/Samples/XR Hands/1.5.1/HandVisualizer/Prefabs/VelocityPrefab.prefab
  artifactKey: Guid(629fd7882ec6bfc499a5fcf20035282b) Importer(2089858483,192608db42251d675da83286b1cce702)
Start importing Assets/Samples/XR Hands/1.5.1/HandVisualizer/Prefabs/VelocityPrefab.prefab using Guid(629fd7882ec6bfc499a5fcf20035282b) Importer(2089858483,192608db42251d675da83286b1cce702) (ScriptedImporter) -> (artifact id: 'f03fa4718930ec186c0e8d6851ae9a37') in 0.0114346 seconds
Number of updated asset objects reloaded before import = 0Number of asset objects unloaded after import = 5

========================================================================
Received Import Request.
  Time since last request: 0.000077 seconds.
  path: Assets/Samples/XR Interaction Toolkit/3.0.8/Starter Assets/DemoSceneAssets/Models/Primitive_Tapered_Cylinder.fbx
  artifactKey: Guid(e3493855a112e8248a2ea2c9828a51a1) Importer(2089858483,192608db42251d675da83286b1cce702)
Start importing Assets/Samples/XR Interaction Toolkit/3.0.8/Starter Assets/DemoSceneAssets/Models/Primitive_Tapered_Cylinder.fbx using Guid(e3493855a112e8248a2ea2c9828a51a1) Importer(2089858483,192608db42251d675da83286b1cce702) (ScriptedImporter) -> (artifact id: '2bf9b920146d579f9b2d0f881eb44a1b') in 0.0077698 seconds
Number of updated asset objects reloaded before import = 0Number of asset objects unloaded after import = 8

========================================================================
Received Import Request.
  Time since last request: 0.000011 seconds.
  path: Assets/Samples/XR Hands/1.5.1/HandVisualizer/Prefabs/Right Hand Tracking.prefab
  artifactKey: Guid(3f7511fbc40ae7a4b89c3298a3de199d) Importer(2089858483,192608db42251d675da83286b1cce702)
Start importing Assets/Samples/XR Hands/1.5.1/HandVisualizer/Prefabs/Right Hand Tracking.prefab using Guid(3f7511fbc40ae7a4b89c3298a3de199d) Importer(2089858483,192608db42251d675da83286b1cce702) (ScriptedImporter) -> (artifact id: '9c8469da84b2b908c6683333f3603f46') in 0.0177644 seconds
Number of updated asset objects reloaded before import = 0Number of asset objects unloaded after import = 122

========================================================================
Received Import Request.
  Time since last request: 0.000025 seconds.
  path: Assets/Samples/XR Interaction Toolkit/3.0.8/Hands Interaction Demo/HandsDemoSceneAssets/Prefabs/Arrow.prefab
  artifactKey: Guid(d56cf1aacbea4704cac4d7983df1a0ad) Importer(2089858483,192608db42251d675da83286b1cce702)
Start importing Assets/Samples/XR Interaction Toolkit/3.0.8/Hands Interaction Demo/HandsDemoSceneAssets/Prefabs/Arrow.prefab using Guid(d56cf1aacbea4704cac4d7983df1a0ad) Importer(2089858483,192608db42251d675da83286b1cce702) (ScriptedImporter) -> (artifact id: '1c9d1a30df37997cf07c829a239ec6a1') in 0.0551162 seconds
Number of updated asset objects reloaded before import = 0Number of asset objects unloaded after import = 34

========================================================================
Received Import Request.
  Time since last request: 0.000029 seconds.
  path: Assets/Samples/XR Interaction Toolkit/3.0.8/Hands Interaction Demo/HandsDemoSceneAssets/Materials/Chrome.mat
  artifactKey: Guid(2edb876ca20f6ea40b4ebb61f96f1df1) Importer(2089858483,192608db42251d675da83286b1cce702)
Start importing Assets/Samples/XR Interaction Toolkit/3.0.8/Hands Interaction Demo/HandsDemoSceneAssets/Materials/Chrome.mat using Guid(2edb876ca20f6ea40b4ebb61f96f1df1) Importer(2089858483,192608db42251d675da83286b1cce702) (ScriptedImporter) -> (artifact id: 'c040590242d1ab4e3b7f50a50ccb725e') in 0.0037321 seconds
Number of updated asset objects reloaded before import = 0Number of asset objects unloaded after import = 1

========================================================================
Received Import Request.
  Time since last request: 0.000352 seconds.
  path: Assets/FIRE_MUZ/WarFX/_Effects/Bullet Impacts/+ Bullet Hole/Unlit/WFX_BImpact Wood + Hole Unlit.prefab
  artifactKey: Guid(053ffbc5e89111349bb060a39ffa0f37) Importer(2089858483,192608db42251d675da83286b1cce702)
Start importing Assets/FIRE_MUZ/WarFX/_Effects/Bullet Impacts/+ Bullet Hole/Unlit/WFX_BImpact Wood + Hole Unlit.prefab using Guid(053ffbc5e89111349bb060a39ffa0f37) Importer(2089858483,192608db42251d675da83286b1cce702) (ScriptedImporter) -> (artifact id: 'c37a0ebf3f35b58438adbf624225535f') in 0.0322781 seconds
Number of updated asset objects reloaded before import = 0Number of asset objects unloaded after import = 21

========================================================================
Received Import Request.
  Time since last request: 0.000017 seconds.
  path: Assets/Samples/XR Interaction Toolkit/3.0.8/Starter Assets/Materials/Flat Blue.mat
  artifactKey: Guid(91ff3830fc4055a4fb0d0d2be32101a7) Importer(2089858483,192608db42251d675da83286b1cce702)
Start importing Assets/Samples/XR Interaction Toolkit/3.0.8/Starter Assets/Materials/Flat Blue.mat using Guid(91ff3830fc4055a4fb0d0d2be32101a7) Importer(2089858483,192608db42251d675da83286b1cce702) (ScriptedImporter) -> (artifact id: 'aa52c5b2752505551bd4cf69fe8cf795') in 0.0056125 seconds
Number of updated asset objects reloaded before import = 0Number of asset objects unloaded after import = 1

========================================================================
Received Import Request.
  Time since last request: 0.000092 seconds.
  path: Assets/Samples/XR Interaction Toolkit/3.0.8/Starter Assets/Prefabs/XR Origin (XR Rig).prefab
  artifactKey: Guid(f6336ac4ac8b4d34bc5072418cdc62a0) Importer(2089858483,192608db42251d675da83286b1cce702)
Start importing Assets/Samples/XR Interaction Toolkit/3.0.8/Starter Assets/Prefabs/XR Origin (XR Rig).prefab using Guid(f6336ac4ac8b4d34bc5072418cdc62a0) Importer(2089858483,192608db42251d675da83286b1cce702) (ScriptedImporter) -> (artifact id: '42694c1245232aecaf711fc45c6f83b7') in 0.0676912 seconds
Number of updated asset objects reloaded before import = 0Number of asset objects unloaded after import = 349

========================================================================
Received Import Request.
  Time since last request: 0.000022 seconds.
  path: Assets/Samples/XR Interaction Toolkit/3.0.8/Hands Interaction Demo/DatumPresets/Under Watch Controller Follow Preset.asset
  artifactKey: Guid(979c1b69d98e91041bc1c5c6e63aab97) Importer(2089858483,192608db42251d675da83286b1cce702)
Start importing Assets/Samples/XR Interaction Toolkit/3.0.8/Hands Interaction Demo/DatumPresets/Under Watch Controller Follow Preset.asset using Guid(979c1b69d98e91041bc1c5c6e63aab97) Importer(2089858483,192608db42251d675da83286b1cce702) (ScriptedImporter) -> (artifact id: 'de9ea0186c80a385810d3f057eec2cfb') in 0.0070275 seconds
Number of updated asset objects reloaded before import = 0Number of asset objects unloaded after import = 1

========================================================================
Received Import Request.
  Time since last request: 0.000198 seconds.
  path: Assets/Samples/XR Interaction Toolkit/3.0.8/Hands Interaction Demo/AffordanceThemes/PinchPointHighlightColor.asset
  artifactKey: Guid(6b0360f219436394b8519378cd55c7e3) Importer(2089858483,192608db42251d675da83286b1cce702)
Start importing Assets/Samples/XR Interaction Toolkit/3.0.8/Hands Interaction Demo/AffordanceThemes/PinchPointHighlightColor.asset using Guid(6b0360f219436394b8519378cd55c7e3) Importer(2089858483,192608db42251d675da83286b1cce702) (ScriptedImporter) -> (artifact id: '1fad07dec945a98efccc3c612e62b288') in 0.0047265 seconds
Number of updated asset objects reloaded before import = 0Number of asset objects unloaded after import = 1

========================================================================
Received Import Request.
  Time since last request: 0.000051 seconds.
  path: Assets/Samples/XR Interaction Toolkit/3.0.8/Starter Assets/AffordanceThemes/HighlightStrengthInteraction.asset
  artifactKey: Guid(795305341a8dbbd46ae54e9a01d6ea95) Importer(2089858483,192608db42251d675da83286b1cce702)
Start importing Assets/Samples/XR Interaction Toolkit/3.0.8/Starter Assets/AffordanceThemes/HighlightStrengthInteraction.asset using Guid(795305341a8dbbd46ae54e9a01d6ea95) Importer(2089858483,192608db42251d675da83286b1cce702) (ScriptedImporter) -> (artifact id: '1a87e88f876abcbf78d5b1ec8b31f6ef') in 0.003991 seconds
Number of updated asset objects reloaded before import = 0Number of asset objects unloaded after import = 1

========================================================================
Received Import Request.
  Time since last request: 0.000247 seconds.
  path: Assets/Samples/XR Hands/1.5.1/HandVisualizer/Prefabs/Joint.prefab
  artifactKey: Guid(254b742d65a15d14b9df756ae77de868) Importer(2089858483,192608db42251d675da83286b1cce702)
Start importing Assets/Samples/XR Hands/1.5.1/HandVisualizer/Prefabs/Joint.prefab using Guid(254b742d65a15d14b9df756ae77de868) Importer(2089858483,192608db42251d675da83286b1cce702) (ScriptedImporter) -> (artifact id: '5deb7d99b6f524a546e54031278ed02f') in 0.0081463 seconds
Number of updated asset objects reloaded before import = 0Number of asset objects unloaded after import = 26

========================================================================
Received Import Request.
  Time since last request: 0.000026 seconds.
  path: Assets/Samples/XR Interaction Toolkit/3.0.8/Starter Assets/Scripts/ClimbTeleportDestinationIndicator.cs
  artifactKey: Guid(e766f86cb7d2461683eb37d8a971fb14) Importer(2089858483,192608db42251d675da83286b1cce702)
Start importing Assets/Samples/XR Interaction Toolkit/3.0.8/Starter Assets/Scripts/ClimbTeleportDestinationIndicator.cs using Guid(e766f86cb7d2461683eb37d8a971fb14) Importer(2089858483,192608db42251d675da83286b1cce702) (ScriptedImporter) -> (artifact id: 'efc653911fac793088163fd8a1bd6cb4') in 0.003185 seconds
Number of updated asset objects reloaded before import = 0Number of asset objects unloaded after import = 0

========================================================================
Received Import Request.
  Time since last request: 0.000116 seconds.
  path: Assets/Samples/XR Interaction Toolkit/3.0.8/Starter Assets/Scripts/GazeInputManager.cs
  artifactKey: Guid(6ef0e4723b64c884699a375196c13ac0) Importer(2089858483,192608db42251d675da83286b1cce702)
Start importing Assets/Samples/XR Interaction Toolkit/3.0.8/Starter Assets/Scripts/GazeInputManager.cs using Guid(6ef0e4723b64c884699a375196c13ac0) Importer(2089858483,192608db42251d675da83286b1cce702) (ScriptedImporter) -> (artifact id: 'd6a6f89ee562f13abca819f9c315cebd') in 0.0049229 seconds
Number of updated asset objects reloaded before import = 0Number of asset objects unloaded after import = 0

========================================================================
Received Import Request.
  Time since last request: 0.000171 seconds.
  path: Assets/FIRE_MUZ/WarFX/_Effects (Mobile)/Bullet Impacts/+ Bullet Hole/Unlit/WFXMR_BImpact Wood + Hole Unlit.prefab
  artifactKey: Guid(33eec706dfcaa3146b43f2b99b1e59a0) Importer(2089858483,192608db42251d675da83286b1cce702)
Start importing Assets/FIRE_MUZ/WarFX/_Effects (Mobile)/Bullet Impacts/+ Bullet Hole/Unlit/WFXMR_BImpact Wood + Hole Unlit.prefab using Guid(33eec706dfcaa3146b43f2b99b1e59a0) Importer(2089858483,192608db42251d675da83286b1cce702) (ScriptedImporter) -> (artifact id: '21a5f598888ac0d98739d7077529c71c') in 0.026077 seconds
Number of updated asset objects reloaded before import = 0Number of asset objects unloaded after import = 21

========================================================================
Received Import Request.
  Time since last request: 0.000019 seconds.
  path: Assets/Samples/XR Interaction Toolkit/3.0.8/Hands Interaction Demo/Materials/Unity_Hand_Light.mat
  artifactKey: Guid(1e4454c94a0cbda42814c4fb8df151d7) Importer(2089858483,192608db42251d675da83286b1cce702)
Start importing Assets/Samples/XR Interaction Toolkit/3.0.8/Hands Interaction Demo/Materials/Unity_Hand_Light.mat using Guid(1e4454c94a0cbda42814c4fb8df151d7) Importer(2089858483,192608db42251d675da83286b1cce702) (ScriptedImporter) -> (artifact id: '1685c77d27a388691129c586644ad183') in 0.1843184 seconds
Number of updated asset objects reloaded before import = 0Number of asset objects unloaded after import = 3

========================================================================
Received Import Request.
  Time since last request: 0.000022 seconds.
  path: Assets/Samples/XR Interaction Toolkit/3.0.8/Starter Assets/DemoSceneAssets/Prefabs/Climb/ClimbTeleportReticle.prefab
  artifactKey: Guid(6eb816e9b7ce30f4cadff3d4ad7ad10c) Importer(2089858483,192608db42251d675da83286b1cce702)
Start importing Assets/Samples/XR Interaction Toolkit/3.0.8/Starter Assets/DemoSceneAssets/Prefabs/Climb/ClimbTeleportReticle.prefab using Guid(6eb816e9b7ce30f4cadff3d4ad7ad10c) Importer(2089858483,192608db42251d675da83286b1cce702) (ScriptedImporter) -> (artifact id: '09e2ba8a1887ca78a9076b3002e954dd') in 0.0088142 seconds
Number of updated asset objects reloaded before import = 0Number of asset objects unloaded after import = 40

========================================================================
Received Import Request.
  Time since last request: 0.000024 seconds.
  path: Assets/Samples/XR Interaction Toolkit/3.0.8/Starter Assets/DemoSceneAssets/Prefabs/UI/Icon Toggle.prefab
  artifactKey: Guid(541ed11e270c6994ca5910042c7e04da) Importer(2089858483,192608db42251d675da83286b1cce702)
Start importing Assets/Samples/XR Interaction Toolkit/3.0.8/Starter Assets/DemoSceneAssets/Prefabs/UI/Icon Toggle.prefab using Guid(541ed11e270c6994ca5910042c7e04da) Importer(2089858483,192608db42251d675da83286b1cce702) (ScriptedImporter) -> (artifact id: 'b196c990761b5c73fa12783a31c77072') in 0.0363788 seconds
Number of updated asset objects reloaded before import = 0Number of asset objects unloaded after import = 24

========================================================================
Received Import Request.
  Time since last request: 0.000016 seconds.
  path: Assets/Samples/XR Interaction Toolkit/3.0.8/Starter Assets/DemoSceneAssets/Prefabs/Interactables/Blaser.prefab
  artifactKey: Guid(3549fdaf258e11846b85a316c16c699c) Importer(2089858483,192608db42251d675da83286b1cce702)
Start importing Assets/Samples/XR Interaction Toolkit/3.0.8/Starter Assets/DemoSceneAssets/Prefabs/Interactables/Blaser.prefab using Guid(3549fdaf258e11846b85a316c16c699c) Importer(2089858483,192608db42251d675da83286b1cce702) (ScriptedImporter) -> (artifact id: '218c7a473049451a57721079d774da47') in 0.0125427 seconds
Number of updated asset objects reloaded before import = 0Number of asset objects unloaded after import = 29

========================================================================
Received Import Request.
  Time since last request: 0.000015 seconds.
  path: Assets/Samples/XR Interaction Toolkit/3.0.8/Starter Assets/DemoSceneAssets/Textures/Concrete_Normal.tif
  artifactKey: Guid(cdebec39dbf81a14688e1de8d12897b4) Importer(2089858483,192608db42251d675da83286b1cce702)
Start importing Assets/Samples/XR Interaction Toolkit/3.0.8/Starter Assets/DemoSceneAssets/Textures/Concrete_Normal.tif using Guid(cdebec39dbf81a14688e1de8d12897b4) Importer(2089858483,192608db42251d675da83286b1cce702) (ScriptedImporter) -> (artifact id: '36a5da01efb5a6d4c4d768c4e5b144a0') in 0.0062382 seconds
Number of updated asset objects reloaded before import = 0Number of asset objects unloaded after import = 1

========================================================================
Received Import Request.
  Time since last request: 0.000111 seconds.
  path: Assets/Samples/XR Interaction Toolkit/3.0.8/Starter Assets/DemoSceneAssets/Prefabs/Teleport/Teleport Anchor.prefab
  artifactKey: Guid(fad94b617f0540568dbf4c9c4011248c) Importer(2089858483,192608db42251d675da83286b1cce702)
Start importing Assets/Samples/XR Interaction Toolkit/3.0.8/Starter Assets/DemoSceneAssets/Prefabs/Teleport/Teleport Anchor.prefab using Guid(fad94b617f0540568dbf4c9c4011248c) Importer(2089858483,192608db42251d675da83286b1cce702) (ScriptedImporter) -> (artifact id: '318aa78b911b1e5fc39b392cf151bd94') in 0.0170708 seconds
Number of updated asset objects reloaded before import = 0Number of asset objects unloaded after import = 13

========================================================================
Received Import Request.
  Time since last request: 0.000154 seconds.
  path: Assets/Samples/XR Interaction Toolkit/3.0.8/Starter Assets/Scripts/ControllerAnimator.cs
  artifactKey: Guid(4a5f76f9ea8c80547973ab01877f9567) Importer(2089858483,192608db42251d675da83286b1cce702)
Start importing Assets/Samples/XR Interaction Toolkit/3.0.8/Starter Assets/Scripts/ControllerAnimator.cs using Guid(4a5f76f9ea8c80547973ab01877f9567) Importer(2089858483,192608db42251d675da83286b1cce702) (ScriptedImporter) -> (artifact id: '5eacb152712c955ba5b0dd2f6371b5e5') in 0.0027617 seconds
Number of updated asset objects reloaded before import = 0Number of asset objects unloaded after import = 0

========================================================================
Received Import Request.
  Time since last request: 0.000104 seconds.
  path: Assets/Samples/XR Interaction Toolkit/3.0.8/Hands Interaction Demo/Editor/Scripts/HandsSampleProjectValidation.cs
  artifactKey: Guid(0deb305527bf17143801528616ee4f73) Importer(2089858483,192608db42251d675da83286b1cce702)
Start importing Assets/Samples/XR Interaction Toolkit/3.0.8/Hands Interaction Demo/Editor/Scripts/HandsSampleProjectValidation.cs using Guid(0deb305527bf17143801528616ee4f73) Importer(2089858483,192608db42251d675da83286b1cce702) (ScriptedImporter) -> (artifact id: 'd77ce689ee48ef0c9ec7146965ecae9f') in 0.002829 seconds
Number of updated asset objects reloaded before import = 0Number of asset objects unloaded after import = 0

========================================================================
Received Import Request.
  Time since last request: 0.000169 seconds.
  path: Assets/FIRE_MUZ/WarFX/_Effects/Bullet Impacts/+ Bullet Hole/Lit/WFX_BImpact Wood NoCollision + Hole Lit.prefab
  artifactKey: Guid(bdeb2a4220cd3cd4eacabbd5ed08f62c) Importer(2089858483,192608db42251d675da83286b1cce702)
Start importing Assets/FIRE_MUZ/WarFX/_Effects/Bullet Impacts/+ Bullet Hole/Lit/WFX_BImpact Wood NoCollision + Hole Lit.prefab using Guid(bdeb2a4220cd3cd4eacabbd5ed08f62c) Importer(2089858483,192608db42251d675da83286b1cce702) (ScriptedImporter) -> (artifact id: 'c7f9e952b5b65dad3fee2cc877dbf31c') in 0.024454 seconds
Number of updated asset objects reloaded before import = 0Number of asset objects unloaded after import = 21

========================================================================
Received Import Request.
  Time since last request: 0.000017 seconds.
  path: Assets/Samples/XR Interaction Toolkit/3.0.8/XR Device Simulator/UI/General/CloseWindow.png
  artifactKey: Guid(c76518a5819794083a346812c0906b77) Importer(2089858483,192608db42251d675da83286b1cce702)
Start importing Assets/Samples/XR Interaction Toolkit/3.0.8/XR Device Simulator/UI/General/CloseWindow.png using Guid(c76518a5819794083a346812c0906b77) Importer(2089858483,192608db42251d675da83286b1cce702) (ScriptedImporter) -> (artifact id: '37177afd6ec2ad4944d51d94135f06d7') in 0.0102547 seconds
Number of updated asset objects reloaded before import = 0Number of asset objects unloaded after import = 3

========================================================================
Received Import Request.
  Time since last request: 0.000037 seconds.
  path: Assets/Samples/XR Interaction Toolkit/3.0.8/Starter Assets/Models/Reticle_Torus.fbx
  artifactKey: Guid(be2911572dc3afa448d24b4e97edc5f1) Importer(2089858483,192608db42251d675da83286b1cce702)
Start importing Assets/Samples/XR Interaction Toolkit/3.0.8/Starter Assets/Models/Reticle_Torus.fbx using Guid(be2911572dc3afa448d24b4e97edc5f1) Importer(2089858483,192608db42251d675da83286b1cce702) (ScriptedImporter) -> (artifact id: '288f8d72f18338d22fe0423e0bc9ef23') in 0.0078237 seconds
Number of updated asset objects reloaded before import = 0Number of asset objects unloaded after import = 8

========================================================================
Received Import Request.
  Time since last request: 0.000121 seconds.
  path: Assets/Samples/XR Interaction Toolkit/3.0.8/Starter Assets/DemoSceneAssets/Prefabs/UI/Text Toggle.prefab
  artifactKey: Guid(6a448845c7017044e8a9f3d711cfe825) Importer(2089858483,192608db42251d675da83286b1cce702)
Start importing Assets/Samples/XR Interaction Toolkit/3.0.8/Starter Assets/DemoSceneAssets/Prefabs/UI/Text Toggle.prefab using Guid(6a448845c7017044e8a9f3d711cfe825) Importer(2089858483,192608db42251d675da83286b1cce702) (ScriptedImporter) -> (artifact id: '6351eb555092231dd01df8450f280a96') in 0.0184289 seconds
Number of updated asset objects reloaded before import = 0Number of asset objects unloaded after import = 28

========================================================================
Received Import Request.
  Time since last request: 0.000036 seconds.
  path: Assets/Samples/XR Interaction Toolkit/3.0.8/Starter Assets/Scripts/DestroySelf.cs
  artifactKey: Guid(717c12e2a4cfe764ab2580b1135e10fd) Importer(2089858483,192608db42251d675da83286b1cce702)
Start importing Assets/Samples/XR Interaction Toolkit/3.0.8/Starter Assets/Scripts/DestroySelf.cs using Guid(717c12e2a4cfe764ab2580b1135e10fd) Importer(2089858483,192608db42251d675da83286b1cce702) (ScriptedImporter) -> (artifact id: 'fd7e6f5a78219f12a202dec8a3500656') in 0.0032964 seconds
Number of updated asset objects reloaded before import = 0Number of asset objects unloaded after import = 0

========================================================================
Received Import Request.
  Time since last request: 0.000196 seconds.
  path: Assets/FIRE_MUZ/WarFX/_Effects/Bullet Impacts/+ Bullet Hole/Unlit/WFX_BImpact Metal + Hole Unlit.prefab
  artifactKey: Guid(627bfa08ce624ab40ab2fea71785b5f0) Importer(2089858483,192608db42251d675da83286b1cce702)
Start importing Assets/FIRE_MUZ/WarFX/_Effects/Bullet Impacts/+ Bullet Hole/Unlit/WFX_BImpact Metal + Hole Unlit.prefab using Guid(627bfa08ce624ab40ab2fea71785b5f0) Importer(2089858483,192608db42251d675da83286b1cce702) (ScriptedImporter) -> (artifact id: '16bac55f580c1d2d7cd084d9ea1b2326') in 0.0255807 seconds
Number of updated asset objects reloaded before import = 0Number of asset objects unloaded after import = 17

========================================================================
Received Import Request.
  Time since last request: 0.000019 seconds.
  path: Assets/FIRE_MUZ/WarFX/_Effects (Mobile)/Bullet Impacts/+ Bullet Hole/Unlit/WFXMR_BImpact Metal + Hole Unlit.prefab
  artifactKey: Guid(07ed67d00b853b3488d253b0ad752dd7) Importer(2089858483,192608db42251d675da83286b1cce702)
Start importing Assets/FIRE_MUZ/WarFX/_Effects (Mobile)/Bullet Impacts/+ Bullet Hole/Unlit/WFXMR_BImpact Metal + Hole Unlit.prefab using Guid(07ed67d00b853b3488d253b0ad752dd7) Importer(2089858483,192608db42251d675da83286b1cce702) (ScriptedImporter) -> (artifact id: 'a0a967142ac792ce96ab29105f42c0c9') in 0.0266881 seconds
Number of updated asset objects reloaded before import = 0Number of asset objects unloaded after import = 17

========================================================================
Received Import Request.
  Time since last request: 0.000016 seconds.
  path: Assets/Samples/XR Interaction Toolkit/3.0.8/XR Device Simulator/UI/General/DeviceSimUI_bg.png
  artifactKey: Guid(d7348fb3f11ba4f6f933462328963785) Importer(2089858483,192608db42251d675da83286b1cce702)
Start importing Assets/Samples/XR Interaction Toolkit/3.0.8/XR Device Simulator/UI/General/DeviceSimUI_bg.png using Guid(d7348fb3f11ba4f6f933462328963785) Importer(2089858483,192608db42251d675da83286b1cce702) (ScriptedImporter) -> (artifact id: '49bcc6c90396de1dbf8511e55856b5bf') in 0.0087811 seconds
Number of updated asset objects reloaded before import = 0Number of asset objects unloaded after import = 3

========================================================================
Received Import Request.
  Time since last request: 0.000163 seconds.
  path: Assets/FIRE_MUZ/WarFX/_Effects (Mobile)/Smoke/Color Variants/WFXMR_SmokeGrenade AlphaBlend Purple.prefab
  artifactKey: Guid(2b15a96b56bb69f48b825978453e381b) Importer(2089858483,192608db42251d675da83286b1cce702)
Start importing Assets/FIRE_MUZ/WarFX/_Effects (Mobile)/Smoke/Color Variants/WFXMR_SmokeGrenade AlphaBlend Purple.prefab using Guid(2b15a96b56bb69f48b825978453e381b) Importer(2089858483,192608db42251d675da83286b1cce702) (ScriptedImporter) -> (artifact id: 'adbf1b3bcb79b0484230d09b2b9a462b') in 0.0283784 seconds
Number of updated asset objects reloaded before import = 0Number of asset objects unloaded after import = 11

========================================================================
Received Import Request.
  Time since last request: 0.000017 seconds.
  path: Assets/Samples/XR Interaction Toolkit/3.0.8/Hands Interaction Demo/Scripts/HideObjectWhenInteractorBlocked.cs
  artifactKey: Guid(2e989a75b2954bdab01ca618a30d5de6) Importer(2089858483,192608db42251d675da83286b1cce702)
Start importing Assets/Samples/XR Interaction Toolkit/3.0.8/Hands Interaction Demo/Scripts/HideObjectWhenInteractorBlocked.cs using Guid(2e989a75b2954bdab01ca618a30d5de6) Importer(2089858483,192608db42251d675da83286b1cce702) (ScriptedImporter) -> (artifact id: '05f79f93f09e93fac1ca7f3fb0cec63c') in 0.0031885 seconds
Number of updated asset objects reloaded before import = 0Number of asset objects unloaded after import = 0

========================================================================
Received Import Request.
  Time since last request: 0.000231 seconds.
  path: Assets/Samples/XR Interaction Toolkit/3.0.8/XR Device Simulator/UI/HeadDevice/HMD.png
  artifactKey: Guid(4eb43321e418951499417cda6141b31a) Importer(2089858483,192608db42251d675da83286b1cce702)
Start importing Assets/Samples/XR Interaction Toolkit/3.0.8/XR Device Simulator/UI/HeadDevice/HMD.png using Guid(4eb43321e418951499417cda6141b31a) Importer(2089858483,192608db42251d675da83286b1cce702) (ScriptedImporter) -> (artifact id: '605633ef54363db8a8dcd5164130d327') in 0.0102681 seconds
Number of updated asset objects reloaded before import = 0Number of asset objects unloaded after import = 3

========================================================================
Received Import Request.
  Time since last request: 0.000117 seconds.
  path: Assets/Samples/XR Interaction Toolkit/3.0.8/XR Device Simulator/UI/Mouse/MouseMoveAround.png
  artifactKey: Guid(013811fdd48c040339e9adc40e692381) Importer(2089858483,192608db42251d675da83286b1cce702)
Start importing Assets/Samples/XR Interaction Toolkit/3.0.8/XR Device Simulator/UI/Mouse/MouseMoveAround.png using Guid(013811fdd48c040339e9adc40e692381) Importer(2089858483,192608db42251d675da83286b1cce702) (ScriptedImporter) -> (artifact id: '1e3dc3cef2f270237113f35377431c7f') in 0.008189 seconds
Number of updated asset objects reloaded before import = 0Number of asset objects unloaded after import = 3

========================================================================
Received Import Request.
  Time since last request: 0.000102 seconds.
  path: Assets/Samples/XR Interaction Toolkit/3.0.8/Hands Interaction Demo/HandsDemoSceneAssets/Scripts/PokeBlendShapeAnimator.cs
  artifactKey: Guid(78373ff495dc8234887e0cbdc7140022) Importer(2089858483,192608db42251d675da83286b1cce702)
Start importing Assets/Samples/XR Interaction Toolkit/3.0.8/Hands Interaction Demo/HandsDemoSceneAssets/Scripts/PokeBlendShapeAnimator.cs using Guid(78373ff495dc8234887e0cbdc7140022) Importer(2089858483,192608db42251d675da83286b1cce702) (ScriptedImporter) -> (artifact id: '97c6d0a0490340aa59e22c4236951147') in 0.0040228 seconds
Number of updated asset objects reloaded before import = 0Number of asset objects unloaded after import = 0

========================================================================
Received Import Request.
  Time since last request: 0.000190 seconds.
  path: Assets/Samples/XR Interaction Toolkit/3.0.8/Starter Assets/Editor/Scripts/StarterAssetsSampleProjectValidation.cs
  artifactKey: Guid(ef67ceb22b2224643a2d5004fc2a678a) Importer(2089858483,192608db42251d675da83286b1cce702)
Start importing Assets/Samples/XR Interaction Toolkit/3.0.8/Starter Assets/Editor/Scripts/StarterAssetsSampleProjectValidation.cs using Guid(ef67ceb22b2224643a2d5004fc2a678a) Importer(2089858483,192608db42251d675da83286b1cce702) (ScriptedImporter) -> (artifact id: '4a9a6986268fb91ac64f579646351c8a') in 0.0030224 seconds
Number of updated asset objects reloaded before import = 0Number of asset objects unloaded after import = 0

========================================================================
Received Import Request.
  Time since last request: 0.000132 seconds.
  path: Assets/Samples/XR Interaction Toolkit/3.0.8/Starter Assets/DemoSceneAssets/AffordanceThemes/InteractionColor.asset
  artifactKey: Guid(3ec238cb3e80e274c844d7b56f585392) Importer(2089858483,192608db42251d675da83286b1cce702)
Start importing Assets/Samples/XR Interaction Toolkit/3.0.8/Starter Assets/DemoSceneAssets/AffordanceThemes/InteractionColor.asset using Guid(3ec238cb3e80e274c844d7b56f585392) Importer(2089858483,192608db42251d675da83286b1cce702) (ScriptedImporter) -> (artifact id: '096bf25d9c853ce18d296a9e9e1478c7') in 0.0035895 seconds
Number of updated asset objects reloaded before import = 0Number of asset objects unloaded after import = 1

========================================================================
Received Import Request.
  Time since last request: 0.000115 seconds.
  path: Assets/Samples/XR Interaction Toolkit/3.0.8/Starter Assets/Materials/MaterialPipelineHandler.asset
  artifactKey: Guid(dbe8dcb68b75cd2498ab6c1d96e072a4) Importer(2089858483,192608db42251d675da83286b1cce702)
Start importing Assets/Samples/XR Interaction Toolkit/3.0.8/Starter Assets/Materials/MaterialPipelineHandler.asset using Guid(dbe8dcb68b75cd2498ab6c1d96e072a4) Importer(2089858483,192608db42251d675da83286b1cce702) (ScriptedImporter) -> (artifact id: 'e17c6b78145844997086635851b73238') in 0.012258 seconds
Number of updated asset objects reloaded before import = 0Number of asset objects unloaded after import = 9

========================================================================
Received Import Request.
  Time since last request: 0.000012 seconds.
  path: Assets/Samples/XR Interaction Toolkit/3.0.8/Starter Assets/Scripts/ObjectSpawner.cs
  artifactKey: Guid(956dd6cf70eaca449a45b6a95b96c8c1) Importer(2089858483,192608db42251d675da83286b1cce702)
Start importing Assets/Samples/XR Interaction Toolkit/3.0.8/Starter Assets/Scripts/ObjectSpawner.cs using Guid(956dd6cf70eaca449a45b6a95b96c8c1) Importer(2089858483,192608db42251d675da83286b1cce702) (ScriptedImporter) -> (artifact id: 'd17221f2f7581076e754097e81a38cf5') in 0.0025556 seconds
Number of updated asset objects reloaded before import = 0Number of asset objects unloaded after import = 0

========================================================================
Received Import Request.
  Time since last request: 0.000073 seconds.
  path: Assets/Samples/XR Interaction Toolkit/3.0.8/Hands Interaction Demo/Scripts/ValueDerivedButtonReader.cs
  artifactKey: Guid(bf47ae772fb3421292887025bf9b5820) Importer(2089858483,192608db42251d675da83286b1cce702)
Start importing Assets/Samples/XR Interaction Toolkit/3.0.8/Hands Interaction Demo/Scripts/ValueDerivedButtonReader.cs using Guid(bf47ae772fb3421292887025bf9b5820) Importer(2089858483,192608db42251d675da83286b1cce702) (ScriptedImporter) -> (artifact id: '817ea6aeeca66786b3f0fa6e54ed74e7') in 0.002648 seconds
Number of updated asset objects reloaded before import = 0Number of asset objects unloaded after import = 0

========================================================================
Received Import Request.
  Time since last request: 0.000130 seconds.
  path: Assets/Samples/XR Interaction Toolkit/3.0.8/XR Device Simulator/Scripts/XRDeviceSimulatorHandsUI.cs
  artifactKey: Guid(f35ac646ecbef4ece8c3eac9e74e1828) Importer(2089858483,192608db42251d675da83286b1cce702)
Start importing Assets/Samples/XR Interaction Toolkit/3.0.8/XR Device Simulator/Scripts/XRDeviceSimulatorHandsUI.cs using Guid(f35ac646ecbef4ece8c3eac9e74e1828) Importer(2089858483,192608db42251d675da83286b1cce702) (ScriptedImporter) -> (artifact id: '246932c385f6ce76f82ce05ced3d490e') in 0.0035093 seconds
Number of updated asset objects reloaded before import = 0Number of asset objects unloaded after import = 0

========================================================================
Received Import Request.
  Time since last request: 0.000134 seconds.
  path: Assets/Samples/XR Interaction Toolkit/3.0.8/XR Device Simulator/UI/XR Device Simulator UI.prefab
  artifactKey: Guid(ead42e0472b7547fbba6c229aeaf37d3) Importer(2089858483,192608db42251d675da83286b1cce702)
Start importing Assets/Samples/XR Interaction Toolkit/3.0.8/XR Device Simulator/UI/XR Device Simulator UI.prefab using Guid(ead42e0472b7547fbba6c229aeaf37d3) Importer(2089858483,192608db42251d675da83286b1cce702) (ScriptedImporter) -> (artifact id: 'ae193c5e5e1b03c831133f458412bb8a') in 0.066045 seconds
Number of updated asset objects reloaded before import = 0Number of asset objects unloaded after import = 765

========================================================================
Received Import Request.
  Time since last request: 0.000026 seconds.
  path: Assets/Samples/XR Interaction Toolkit/3.0.8/Starter Assets/Prefabs/Teleport/Climb Teleport Arrow.prefab
  artifactKey: Guid(ae1968658b9687b47976fe86c062168f) Importer(2089858483,192608db42251d675da83286b1cce702)
Start importing Assets/Samples/XR Interaction Toolkit/3.0.8/Starter Assets/Prefabs/Teleport/Climb Teleport Arrow.prefab using Guid(ae1968658b9687b47976fe86c062168f) Importer(2089858483,192608db42251d675da83286b1cce702) (ScriptedImporter) -> (artifact id: '9edd9c27ad0ad2f19382f2c81825d464') in 0.0089322 seconds
Number of updated asset objects reloaded before import = 0Number of asset objects unloaded after import = 27

========================================================================
Received Import Request.
  Time since last request: 0.000029 seconds.
  path: Assets/Samples/XR Interaction Toolkit/3.0.8/Hands Interaction Demo/Shaders/Subgraphs/EdgeHighlight.shadersubgraph
  artifactKey: Guid(3167e2a6e0f4099428078b1f37bd6322) Importer(2089858483,192608db42251d675da83286b1cce702)
Start importing Assets/Samples/XR Interaction Toolkit/3.0.8/Hands Interaction Demo/Shaders/Subgraphs/EdgeHighlight.shadersubgraph using Guid(3167e2a6e0f4099428078b1f37bd6322) Importer(2089858483,192608db42251d675da83286b1cce702) (ScriptedImporter) -> (artifact id: '301f97a897109e5c893a443f1d994665') in 0.0077308 seconds
Number of updated asset objects reloaded before import = 0Number of asset objects unloaded after import = 1

========================================================================
Received Import Request.
  Time since last request: 0.000219 seconds.
  path: Assets/Samples/XR Interaction Toolkit/3.0.8/Starter Assets/Prefabs/Teleport/Directional Teleport Reticle.prefab
  artifactKey: Guid(893219773891c784ab469a39151879b4) Importer(2089858483,192608db42251d675da83286b1cce702)
Start importing Assets/Samples/XR Interaction Toolkit/3.0.8/Starter Assets/Prefabs/Teleport/Directional Teleport Reticle.prefab using Guid(893219773891c784ab469a39151879b4) Importer(2089858483,192608db42251d675da83286b1cce702) (ScriptedImporter) -> (artifact id: '0bfbcb9a2e92c4606ccccbf358eb1b30') in 0.0038901 seconds
Number of updated asset objects reloaded before import = 0Number of asset objects unloaded after import = 13

========================================================================
Received Import Request.
  Time since last request: 0.000198 seconds.
  path: Assets/Samples/XR Interaction Toolkit/3.0.8/Starter Assets/Prefabs/Interactors/Direct Interactor.prefab
  artifactKey: Guid(2fd3e07afe5b461490fb8e314976b1b0) Importer(2089858483,192608db42251d675da83286b1cce702)
Start importing Assets/Samples/XR Interaction Toolkit/3.0.8/Starter Assets/Prefabs/Interactors/Direct Interactor.prefab using Guid(2fd3e07afe5b461490fb8e314976b1b0) Importer(2089858483,192608db42251d675da83286b1cce702) (ScriptedImporter) -> (artifact id: '6a47c069384f17c33e95db30176479c0') in 0.1640993 seconds
Number of updated asset objects reloaded before import = 0Number of asset objects unloaded after import = 8

========================================================================
Received Import Request.
  Time since last request: 0.000019 seconds.
  path: Assets/Samples/XR Interaction Toolkit/3.0.8/Starter Assets/AffordanceThemes/PokeSphereInteraction.asset
  artifactKey: Guid(c2712227db89c5142adad58b143bf039) Importer(2089858483,192608db42251d675da83286b1cce702)
Start importing Assets/Samples/XR Interaction Toolkit/3.0.8/Starter Assets/AffordanceThemes/PokeSphereInteraction.asset using Guid(c2712227db89c5142adad58b143bf039) Importer(2089858483,192608db42251d675da83286b1cce702) (ScriptedImporter) -> (artifact id: '4c7534ba911b6602f494663d03c47267') in 0.0042983 seconds
Number of updated asset objects reloaded before import = 0Number of asset objects unloaded after import = 1

========================================================================
Received Import Request.
  Time since last request: 0.000099 seconds.
  path: Assets/FIRE_MUZ/WarFX/_Effects (Mobile)/MuzzleFlashes/Sprites/WFXMR_MF Spr RIFLE3.prefab
  artifactKey: Guid(31e92f47a14b1434397c9d18b23ef28d) Importer(2089858483,192608db42251d675da83286b1cce702)
Start importing Assets/FIRE_MUZ/WarFX/_Effects (Mobile)/MuzzleFlashes/Sprites/WFXMR_MF Spr RIFLE3.prefab using Guid(31e92f47a14b1434397c9d18b23ef28d) Importer(2089858483,192608db42251d675da83286b1cce702) (ScriptedImporter) -> (artifact id: 'dfb1f8aef6e39998264da04d5cf89d3f') in 0.0299674 seconds
Number of updated asset objects reloaded before import = 0Number of asset objects unloaded after import = 22

========================================================================
Received Import Request.
  Time since last request: 0.000013 seconds.
  path: Assets/Samples/XR Interaction Toolkit/3.0.8/Hands Interaction Demo/HandsDemoSceneAssets/Models/Chess/Chess_Board.fbx
  artifactKey: Guid(714a27c3372b8074d8370e2bc0cecf56) Importer(2089858483,192608db42251d675da83286b1cce702)
Start importing Assets/Samples/XR Interaction Toolkit/3.0.8/Hands Interaction Demo/HandsDemoSceneAssets/Models/Chess/Chess_Board.fbx using Guid(714a27c3372b8074d8370e2bc0cecf56) Importer(2089858483,192608db42251d675da83286b1cce702) (ScriptedImporter) -> (artifact id: '9555077e67e56e3aef163c9eed7f17d8') in 0.0649887 seconds
Number of updated asset objects reloaded before import = 0Number of asset objects unloaded after import = 326

Editor requested this worker to shutdown with reason: Scaling down because of idle timeout
AssetImportWorker is now disconnected from the server
Process exiting
Exiting without the bug reporter. Application will terminate with return code 0