Using pre-set license
Built from '6000.0/release' branch; Version is '6000.0.44f1 (101c91f3a8fb) revision 1055889'; Using compiler version '193933523'; Build Type 'Release'
OS: 'Windows 11  (10.0.26100) 64bit Professional' Language: 'zh' Physical Memory: 16087 MB
BatchMode: 1, IsHumanControllingUs: 0, StartBugReporterOnCrash: 0, Is64bit: 1, IsPro: 1

COMMAND LINE ARGUMENTS:
C:\Program Files\Unity\Hub\Editor\6000.0.44f1\Editor\Unity.exe
-adb2
-batchMode
-noUpm
-name
AssetImportWorker14
-projectPath
D:/VR_DOOM
-logFile
Logs/AssetImportWorker14.log
-srvPort
62575
-job-worker-count
11
-background-job-worker-count
8
-gc-helper-count
1
Successfully changed project path to: D:/VR_DOOM
D:/VR_DOOM
[UnityMemory] Configuration Parameters - Can be set up in boot.config
    "memorysetup-bucket-allocator-granularity=16"
    "memorysetup-bucket-allocator-bucket-count=8"
    "memorysetup-bucket-allocator-block-size=33554432"
    "memorysetup-bucket-allocator-block-count=8"
    "memorysetup-main-allocator-block-size=16777216"
    "memorysetup-thread-allocator-block-size=16777216"
    "memorysetup-gfx-main-allocator-block-size=16777216"
    "memorysetup-gfx-thread-allocator-block-size=16777216"
    "memorysetup-cache-allocator-block-size=4194304"
    "memorysetup-typetree-allocator-block-size=2097152"
    "memorysetup-profiler-bucket-allocator-granularity=16"
    "memorysetup-profiler-bucket-allocator-bucket-count=8"
    "memorysetup-profiler-bucket-allocator-block-size=33554432"
    "memorysetup-profiler-bucket-allocator-block-count=8"
    "memorysetup-profiler-allocator-block-size=16777216"
    "memorysetup-profiler-editor-allocator-block-size=1048576"
    "memorysetup-temp-allocator-size-main=16777216"
    "memorysetup-job-temp-allocator-block-size=2097152"
    "memorysetup-job-temp-allocator-block-size-background=1048576"
    "memorysetup-job-temp-allocator-reduction-small-platforms=262144"
    "memorysetup-allocator-temp-initial-block-size-main=262144"
    "memorysetup-allocator-temp-initial-block-size-worker=262144"
    "memorysetup-temp-allocator-size-background-worker=32768"
    "memorysetup-temp-allocator-size-job-worker=262144"
    "memorysetup-temp-allocator-size-preload-manager=33554432"
    "memorysetup-temp-allocator-size-nav-mesh-worker=65536"
    "memorysetup-temp-allocator-size-audio-worker=65536"
    "memorysetup-temp-allocator-size-cloud-worker=32768"
    "memorysetup-temp-allocator-size-gi-baking-worker=262144"
    "memorysetup-temp-allocator-size-gi-baking-worker=262144"
    "memorysetup-temp-allocator-size-gi-baking-worker=262144"
    "memorysetup-temp-allocator-size-gi-baking-worker=262144"
    "memorysetup-temp-allocator-size-gi-baking-worker=262144"
    "memorysetup-temp-allocator-size-gfx=262144"
Player connection [27224]  Target information:

Player connection [27224]  * "[IP] 172.18.144.1 [Port] 0 [Flags] 2 [Guid] 773311926 [EditorId] 773311926 [Version] 1048832 [Id] WindowsEditor(7,LAPTOP-ULV95APN) [Debug] 1 [PackageName] WindowsEditor [ProjectName] Editor" 

Player connection [27224]  * "[IP] 192.168.14.1 [Port] 0 [Flags] 2 [Guid] 773311926 [EditorId] 773311926 [Version] 1048832 [Id] WindowsEditor(7,LAPTOP-ULV95APN) [Debug] 1 [PackageName] WindowsEditor [ProjectName] Editor" 

Player connection [27224]  * "[IP] 192.168.77.1 [Port] 0 [Flags] 2 [Guid] 773311926 [EditorId] 773311926 [Version] 1048832 [Id] WindowsEditor(7,LAPTOP-ULV95APN) [Debug] 1 [PackageName] WindowsEditor [ProjectName] Editor" 

Player connection [27224]  * "[IP] 192.168.0.102 [Port] 0 [Flags] 2 [Guid] 773311926 [EditorId] 773311926 [Version] 1048832 [Id] WindowsEditor(7,LAPTOP-ULV95APN) [Debug] 1 [PackageName] WindowsEditor [ProjectName] Editor" 

Player connection [27224] Host joined multi-casting on [225.0.0.222:54997]...
Player connection [27224] Host joined alternative multi-casting on [225.0.0.222:34997]...
JobSystem: Creating JobQueue using job-worker-count value 11
Input System module state changed to: Initialized.
[Physics::Module] Initialized fallback backend.
[Physics::Module] Id: 0xdecafbad
Library Redirect Path: Library/
[Physics::Module] Selected backend.
[Physics::Module] Name: PhysX
[Physics::Module] Id: 0xf2b8ea05
[Physics::Module] SDK Version: 4.1.2
[Physics::Module] Integration Version: 1.0.0
[Physics::Module] Threading Mode: Multi-Threaded
Refreshing native plugins compatible for Editor in 8.81 ms, found 13 plugins.
Preloading 1 native plugins for Editor in 0.47 ms.
Initialize engine version: 6000.0.44f1 (101c91f3a8fb)
[Subsystems] Discovering subsystems at path C:/Program Files/Unity/Hub/Editor/6000.0.44f1/Editor/Data/Resources/UnitySubsystems
[Subsystems] Discovering subsystems at path D:/VR_DOOM/Assets
GfxDevice: creating device client; kGfxThreadingModeNonThreaded
Direct3D:
    Version:  Direct3D 11.0 [level 11.1]
    Renderer: NVIDIA GeForce RTX 4070 Laptop GPU (ID=0x2860)
    Vendor:   NVIDIA
    VRAM:     7948 MB
    Driver:   32.0.15.7649
Shader 'WFX/Transparent Diffuse': fallback shader 'Particles/Alpha Blended' not found
Shader 'WFX/Transparent Specular': fallback shader 'Particles/Alpha Blended' not found
Initialize mono
Mono path[0] = 'C:/Program Files/Unity/Hub/Editor/6000.0.44f1/Editor/Data/Managed'
Mono path[1] = 'C:/Program Files/Unity/Hub/Editor/6000.0.44f1/Editor/Data/MonoBleedingEdge/lib/mono/unityjit-win32'
Mono config path = 'C:/Program Files/Unity/Hub/Editor/6000.0.44f1/Editor/Data/MonoBleedingEdge/etc'
Using monoOptions --debugger-agent=transport=dt_socket,embedding=1,server=y,suspend=n,address=127.0.0.1:56316
Begin MonoManager ReloadAssembly
Registering precompiled unity dll's ...
Register platform support module: C:/Program Files/Unity/Hub/Editor/6000.0.44f1/Editor/Data/PlaybackEngines/WindowsStandaloneSupport/UnityEditor.WindowsStandalone.Extensions.dll
Register platform support module: C:/Program Files/Unity/Hub/Editor/6000.0.44f1/Editor/Data/PlaybackEngines/AndroidPlayer/UnityEditor.Android.Extensions.dll
Registered in 0.002299 seconds.
- Loaded All Assemblies, in  0.267 seconds
Native extension for Android target not found
Android Extension - Scanning For ADB Devices 266 ms
Native extension for WindowsStandalone target not found
Mono: successfully reloaded assembly
- Finished resetting the current domain, in  0.528 seconds
Domain Reload Profiling: 793ms
	BeginReloadAssembly (88ms)
		ExecutionOrderSort (0ms)
		DisableScriptedObjects (0ms)
		BackupInstance (0ms)
		ReleaseScriptingObjects (0ms)
		CreateAndSetChildDomain (1ms)
	RebuildCommonClasses (25ms)
	RebuildNativeTypeToScriptingClass (7ms)
	initialDomainReloadingComplete (35ms)
	LoadAllAssembliesAndSetupDomain (109ms)
		LoadAssemblies (87ms)
		RebuildTransferFunctionScriptingTraits (0ms)
		AnalyzeDomain (106ms)
			TypeCache.Refresh (105ms)
				TypeCache.ScanAssembly (96ms)
			BuildScriptInfoCaches (0ms)
			ResolveRequiredComponents (0ms)
	FinalizeReload (529ms)
		ReleaseScriptCaches (0ms)
		RebuildScriptCaches (0ms)
		SetupLoadedEditorAssemblies (495ms)
			LogAssemblyErrors (0ms)
			InitializePlatformSupportModulesInManaged (328ms)
			SetLoadedEditorAssemblies (4ms)
			BeforeProcessingInitializeOnLoad (38ms)
			ProcessInitializeOnLoadAttributes (86ms)
			ProcessInitializeOnLoadMethodAttributes (39ms)
			AfterProcessingInitializeOnLoad (0ms)
			EditorAssembliesLoaded (0ms)
		ExecutionOrderSort2 (0ms)
		AwakeInstancesAfterBackupRestoration (0ms)
========================================================================
Worker process is ready to serve import requests
Import Worker Mode flag is 0x00
Begin MonoManager ReloadAssembly
Symbol file LoadedFromMemory is not a mono symbol file
- Loaded All Assemblies, in  0.573 seconds
Refreshing native plugins compatible for Editor in 4.93 ms, found 13 plugins.
Native extension for Android target not found
Native extension for WindowsStandalone target not found
Package Manager log level set to [2]
[Package Manager] Failed to launch server process. Reason: Unity was launched with the -noUpm command-line argument
[Package Manager] Unable to send message (not connected to server process).
[Package Manager] Cannot connect to Unity Package Manager local server
System.Reflection.TargetInvocationException: Exception has been thrown by the target of an invocation. ---> System.NullReferenceException: Object reference not set to an instance of an object
  at Unity.XR.Oculus.OculusLoader.AssetPathToAbsolutePath (System.String assetPath) [0x0003d] in .\Library\PackageCache\com.unity.xr.oculus@f23ad2c521e1\Runtime\OculusLoader.cs:312 
  at Unity.XR.Oculus.OculusLoader.EditorLoadOVRPlugin () [0x0008c] in .\Library\PackageCache\com.unity.xr.oculus@f23ad2c521e1\Runtime\OculusLoader.cs:297 
  at (wrapper managed-to-native) System.Reflection.RuntimeMethodInfo.InternalInvoke(System.Reflection.RuntimeMethodInfo,object,object[],System.Exception&)
  at System.Reflection.RuntimeMethodInfo.Invoke (System.Object obj, System.Reflection.BindingFlags invokeAttr, System.Reflection.Binder binder, System.Object[] parameters, System.Globalization.CultureInfo culture) [0x0006a] in <314938d17f3848e8ac683e11b27f62ee>:0 
   --- End of inner exception stack trace ---
  at System.Reflection.RuntimeMethodInfo.Invoke (System.Object obj, System.Reflection.BindingFlags invokeAttr, System.Reflection.Binder binder, System.Object[] parameters, System.Globalization.CultureInfo culture) [0x00083] in <314938d17f3848e8ac683e11b27f62ee>:0 
  at System.Reflection.MethodBase.Invoke (System.Object obj, System.Object[] parameters) [0x00000] in <314938d17f3848e8ac683e11b27f62ee>:0 
  at UnityEditor.EditorAssemblies.ProcessInitializeOnLoadMethodAttributes () [0x00056] in <0a4d86c6e1e443e4b37da89bc22f5b9c>:0 
UnityEngine.Debug:ExtractStackTraceNoAlloc (byte*,int,string)
UnityEngine.StackTraceUtility:ExtractStackTrace ()
UnityEngine.DebugLogHandler:Internal_Log (UnityEngine.LogType,UnityEngine.LogOption,string,UnityEngine.Object)
UnityEngine.DebugLogHandler:LogFormat (UnityEngine.LogType,UnityEngine.Object,string,object[])
UnityEngine.Logger:Log (UnityEngine.LogType,object)
UnityEngine.Debug:LogError (object)
UnityEditor.EditorAssemblies:ProcessInitializeOnLoadMethodAttributes ()

[Package Manager] Failed to launch server process. Reason: Unity was launched with the -noUpm command-line argument
[Package Manager] Unable to send message (not connected to server process).
[Package Manager] Cannot connect to Unity Package Manager local server
Failed to get package versions: Cannot connect to Unity Package Manager local server
UnityEngine.Debug:ExtractStackTraceNoAlloc (byte*,int,string)
UnityEngine.StackTraceUtility:ExtractStackTrace ()
UnityEngine.DebugLogHandler:Internal_Log (UnityEngine.LogType,UnityEngine.LogOption,string,UnityEngine.Object)
UnityEngine.DebugLogHandler:LogFormat (UnityEngine.LogType,UnityEngine.Object,string,object[])
UnityEngine.Logger:Log (UnityEngine.LogType,object)
UnityEngine.Debug:LogWarning (object)
Unity.XR.CoreUtils.Editor.PackageVersionUtility:UpdatePackageVersions () (at ./Library/PackageCache/com.unity.xr.core-utils@5b282bc7378d/Editor/ProjectValidation/PackageVersionUtility.cs:59)
Unity.XR.CoreUtils.Editor.PackageVersionUtility:GetPackageVersion (string) (at ./Library/PackageCache/com.unity.xr.core-utils@5b282bc7378d/Editor/ProjectValidation/PackageVersionUtility.cs:77)
UnityEditor.XR.Interaction.Toolkit.Samples.Hands.Editor.HandsSampleProjectValidation:.cctor () (at Assets/Samples/XR Interaction Toolkit/3.0.8/Hands Interaction Demo/Editor/Scripts/HandsSampleProjectValidation.cs:34)
System.Reflection.RuntimeMethodInfo:Invoke (object,System.Reflection.BindingFlags,System.Reflection.Binder,object[],System.Globalization.CultureInfo)
System.Reflection.MethodBase:Invoke (object,object[])
UnityEditor.EditorAssemblies:ProcessInitializeOnLoadMethodAttributes ()

(Filename: ./Library/PackageCache/com.unity.xr.core-utils@5b282bc7378d/Editor/ProjectValidation/PackageVersionUtility.cs Line: 59)

[MODES] ModeService[none].Initialize
[MODES] ModeService[none].LoadModes
[MODES] Loading mode Default (0) for mode-current-id-VR_DOOM
Mono: successfully reloaded assembly
[Package Manager] Failed to launch server process. Reason: Unity was launched with the -noUpm command-line argument
[Package Manager] Unable to send message (not connected to server process).
[Package Manager] Cannot connect to Unity Package Manager local server
[Package Manager] Failed to launch server process. Reason: Unity was launched with the -noUpm command-line argument
[Package Manager] Unable to send message (not connected to server process).
[Package Manager] Cannot connect to Unity Package Manager local server
- Finished resetting the current domain, in  0.573 seconds
Domain Reload Profiling: 1144ms
	BeginReloadAssembly (110ms)
		ExecutionOrderSort (0ms)
		DisableScriptedObjects (4ms)
		BackupInstance (0ms)
		ReleaseScriptingObjects (0ms)
		CreateAndSetChildDomain (19ms)
	RebuildCommonClasses (26ms)
	RebuildNativeTypeToScriptingClass (7ms)
	initialDomainReloadingComplete (28ms)
	LoadAllAssembliesAndSetupDomain (400ms)
		LoadAssemblies (248ms)
		RebuildTransferFunctionScriptingTraits (0ms)
		AnalyzeDomain (217ms)
			TypeCache.Refresh (165ms)
				TypeCache.ScanAssembly (149ms)
			BuildScriptInfoCaches (44ms)
			ResolveRequiredComponents (6ms)
	FinalizeReload (574ms)
		ReleaseScriptCaches (0ms)
		RebuildScriptCaches (0ms)
		SetupLoadedEditorAssemblies (489ms)
			LogAssemblyErrors (0ms)
			InitializePlatformSupportModulesInManaged (8ms)
			SetLoadedEditorAssemblies (4ms)
			BeforeProcessingInitializeOnLoad (72ms)
			ProcessInitializeOnLoadAttributes (273ms)
			ProcessInitializeOnLoadMethodAttributes (127ms)
			AfterProcessingInitializeOnLoad (4ms)
			EditorAssembliesLoaded (0ms)
		ExecutionOrderSort2 (0ms)
		AwakeInstancesAfterBackupRestoration (4ms)
Shader 'WFX/Transparent Specular': fallback shader 'Particles/Alpha Blended' not found
Shader 'WFX/Transparent Diffuse': fallback shader 'Particles/Alpha Blended' not found
Launched and connected shader compiler UnityShaderCompiler.exe after 0.01 seconds
Refreshing native plugins compatible for Editor in 5.18 ms, found 13 plugins.
Preloading 1 native plugins for Editor in 0.05 ms.
Unloading 132 Unused Serialized files (Serialized files now loaded: 0)
Unloading 7067 unused Assets / (5.3 MB). Loaded Objects now: 7598.
Memory consumption went from 155.2 MB to 149.9 MB.
Total: 5.768400 ms (FindLiveObjects: 0.404700 ms CreateObjectMapping: 0.243200 ms MarkObjects: 3.540900 ms  DeleteObjects: 1.579000 ms)

========================================================================
Received Prepare
Begin MonoManager ReloadAssembly
Symbol file LoadedFromMemory is not a mono symbol file
- Loaded All Assemblies, in  0.519 seconds
Refreshing native plugins compatible for Editor in 5.44 ms, found 13 plugins.
Native extension for Android target not found
Native extension for WindowsStandalone target not found
[Package Manager] Failed to launch server process. Reason: Unity was launched with the -noUpm command-line argument
[Package Manager] Unable to send message (not connected to server process).
[Package Manager] Cannot connect to Unity Package Manager local server
System.Reflection.TargetInvocationException: Exception has been thrown by the target of an invocation. ---> System.NullReferenceException: Object reference not set to an instance of an object
  at Unity.XR.Oculus.OculusLoader.AssetPathToAbsolutePath (System.String assetPath) [0x0003d] in .\Library\PackageCache\com.unity.xr.oculus@f23ad2c521e1\Runtime\OculusLoader.cs:312 
  at Unity.XR.Oculus.OculusLoader.EditorLoadOVRPlugin () [0x0008c] in .\Library\PackageCache\com.unity.xr.oculus@f23ad2c521e1\Runtime\OculusLoader.cs:297 
  at (wrapper managed-to-native) System.Reflection.RuntimeMethodInfo.InternalInvoke(System.Reflection.RuntimeMethodInfo,object,object[],System.Exception&)
  at System.Reflection.RuntimeMethodInfo.Invoke (System.Object obj, System.Reflection.BindingFlags invokeAttr, System.Reflection.Binder binder, System.Object[] parameters, System.Globalization.CultureInfo culture) [0x0006a] in <314938d17f3848e8ac683e11b27f62ee>:0 
   --- End of inner exception stack trace ---
  at System.Reflection.RuntimeMethodInfo.Invoke (System.Object obj, System.Reflection.BindingFlags invokeAttr, System.Reflection.Binder binder, System.Object[] parameters, System.Globalization.CultureInfo culture) [0x00083] in <314938d17f3848e8ac683e11b27f62ee>:0 
  at System.Reflection.MethodBase.Invoke (System.Object obj, System.Object[] parameters) [0x00000] in <314938d17f3848e8ac683e11b27f62ee>:0 
  at UnityEditor.EditorAssemblies.ProcessInitializeOnLoadMethodAttributes () [0x00056] in <0a4d86c6e1e443e4b37da89bc22f5b9c>:0 
UnityEngine.Debug:ExtractStackTraceNoAlloc (byte*,int,string)
UnityEngine.StackTraceUtility:ExtractStackTrace ()
UnityEngine.DebugLogHandler:Internal_Log (UnityEngine.LogType,UnityEngine.LogOption,string,UnityEngine.Object)
UnityEngine.DebugLogHandler:LogFormat (UnityEngine.LogType,UnityEngine.Object,string,object[])
UnityEngine.Logger:Log (UnityEngine.LogType,object)
UnityEngine.Debug:LogError (object)
UnityEditor.EditorAssemblies:ProcessInitializeOnLoadMethodAttributes ()

[Package Manager] Failed to launch server process. Reason: Unity was launched with the -noUpm command-line argument
[Package Manager] Unable to send message (not connected to server process).
[Package Manager] Cannot connect to Unity Package Manager local server
Failed to get package versions: Cannot connect to Unity Package Manager local server
UnityEngine.Debug:ExtractStackTraceNoAlloc (byte*,int,string)
UnityEngine.StackTraceUtility:ExtractStackTrace ()
UnityEngine.DebugLogHandler:Internal_Log (UnityEngine.LogType,UnityEngine.LogOption,string,UnityEngine.Object)
UnityEngine.DebugLogHandler:LogFormat (UnityEngine.LogType,UnityEngine.Object,string,object[])
UnityEngine.Logger:Log (UnityEngine.LogType,object)
UnityEngine.Debug:LogWarning (object)
Unity.XR.CoreUtils.Editor.PackageVersionUtility:UpdatePackageVersions () (at ./Library/PackageCache/com.unity.xr.core-utils@5b282bc7378d/Editor/ProjectValidation/PackageVersionUtility.cs:59)
Unity.XR.CoreUtils.Editor.PackageVersionUtility:GetPackageVersion (string) (at ./Library/PackageCache/com.unity.xr.core-utils@5b282bc7378d/Editor/ProjectValidation/PackageVersionUtility.cs:77)
UnityEditor.XR.Interaction.Toolkit.Samples.Hands.Editor.HandsSampleProjectValidation:.cctor () (at Assets/Samples/XR Interaction Toolkit/3.0.8/Hands Interaction Demo/Editor/Scripts/HandsSampleProjectValidation.cs:34)
System.Reflection.RuntimeMethodInfo:Invoke (object,System.Reflection.BindingFlags,System.Reflection.Binder,object[],System.Globalization.CultureInfo)
System.Reflection.MethodBase:Invoke (object,object[])
UnityEditor.EditorAssemblies:ProcessInitializeOnLoadMethodAttributes ()

(Filename: ./Library/PackageCache/com.unity.xr.core-utils@5b282bc7378d/Editor/ProjectValidation/PackageVersionUtility.cs Line: 59)

[MODES] ModeService[none].Initialize
[MODES] ModeService[none].LoadModes
Mono: successfully reloaded assembly
[Package Manager] Failed to launch server process. Reason: Unity was launched with the -noUpm command-line argument
[Package Manager] Unable to send message (not connected to server process).
[Package Manager] Cannot connect to Unity Package Manager local server
- Finished resetting the current domain, in  0.618 seconds
Domain Reload Profiling: 1138ms
	BeginReloadAssembly (135ms)
		ExecutionOrderSort (0ms)
		DisableScriptedObjects (4ms)
		BackupInstance (0ms)
		ReleaseScriptingObjects (0ms)
		CreateAndSetChildDomain (36ms)
	RebuildCommonClasses (24ms)
	RebuildNativeTypeToScriptingClass (9ms)
	initialDomainReloadingComplete (20ms)
	LoadAllAssembliesAndSetupDomain (331ms)
		LoadAssemblies (244ms)
		RebuildTransferFunctionScriptingTraits (0ms)
		AnalyzeDomain (151ms)
			TypeCache.Refresh (6ms)
				TypeCache.ScanAssembly (0ms)
			BuildScriptInfoCaches (135ms)
			ResolveRequiredComponents (6ms)
	FinalizeReload (618ms)
		ReleaseScriptCaches (0ms)
		RebuildScriptCaches (0ms)
		SetupLoadedEditorAssemblies (524ms)
			LogAssemblyErrors (0ms)
			InitializePlatformSupportModulesInManaged (8ms)
			SetLoadedEditorAssemblies (4ms)
			BeforeProcessingInitializeOnLoad (76ms)
			ProcessInitializeOnLoadAttributes (325ms)
			ProcessInitializeOnLoadMethodAttributes (107ms)
			AfterProcessingInitializeOnLoad (4ms)
			EditorAssembliesLoaded (0ms)
		ExecutionOrderSort2 (0ms)
		AwakeInstancesAfterBackupRestoration (4ms)
Shader 'WFX/Transparent Specular': fallback shader 'Particles/Alpha Blended' not found
Shader 'WFX/Transparent Diffuse': fallback shader 'Particles/Alpha Blended' not found
Refreshing native plugins compatible for Editor in 7.07 ms, found 13 plugins.
Preloading 1 native plugins for Editor in 0.08 ms.
Unloading 52 Unused Serialized files (Serialized files now loaded: 0)
Unloading 7067 unused Assets / (5.4 MB). Loaded Objects now: 7602.
Memory consumption went from 188.2 MB to 182.8 MB.
Total: 8.080500 ms (FindLiveObjects: 0.900200 ms CreateObjectMapping: 0.451600 ms MarkObjects: 4.411800 ms  DeleteObjects: 2.315600 ms)

Prepare: number of updated asset objects reloaded= 0
========================================================================
Received Prepare
Begin MonoManager ReloadAssembly
Symbol file LoadedFromMemory is not a mono symbol file
- Loaded All Assemblies, in  0.551 seconds
Refreshing native plugins compatible for Editor in 5.62 ms, found 13 plugins.
Native extension for Android target not found
Native extension for WindowsStandalone target not found
[Package Manager] Failed to launch server process. Reason: Unity was launched with the -noUpm command-line argument
[Package Manager] Unable to send message (not connected to server process).
[Package Manager] Cannot connect to Unity Package Manager local server
System.Reflection.TargetInvocationException: Exception has been thrown by the target of an invocation. ---> System.NullReferenceException: Object reference not set to an instance of an object
  at Unity.XR.Oculus.OculusLoader.AssetPathToAbsolutePath (System.String assetPath) [0x0003d] in .\Library\PackageCache\com.unity.xr.oculus@f23ad2c521e1\Runtime\OculusLoader.cs:312 
  at Unity.XR.Oculus.OculusLoader.EditorLoadOVRPlugin () [0x0008c] in .\Library\PackageCache\com.unity.xr.oculus@f23ad2c521e1\Runtime\OculusLoader.cs:297 
  at (wrapper managed-to-native) System.Reflection.RuntimeMethodInfo.InternalInvoke(System.Reflection.RuntimeMethodInfo,object,object[],System.Exception&)
  at System.Reflection.RuntimeMethodInfo.Invoke (System.Object obj, System.Reflection.BindingFlags invokeAttr, System.Reflection.Binder binder, System.Object[] parameters, System.Globalization.CultureInfo culture) [0x0006a] in <314938d17f3848e8ac683e11b27f62ee>:0 
   --- End of inner exception stack trace ---
  at System.Reflection.RuntimeMethodInfo.Invoke (System.Object obj, System.Reflection.BindingFlags invokeAttr, System.Reflection.Binder binder, System.Object[] parameters, System.Globalization.CultureInfo culture) [0x00083] in <314938d17f3848e8ac683e11b27f62ee>:0 
  at System.Reflection.MethodBase.Invoke (System.Object obj, System.Object[] parameters) [0x00000] in <314938d17f3848e8ac683e11b27f62ee>:0 
  at UnityEditor.EditorAssemblies.ProcessInitializeOnLoadMethodAttributes () [0x00056] in <0a4d86c6e1e443e4b37da89bc22f5b9c>:0 
UnityEngine.Debug:ExtractStackTraceNoAlloc (byte*,int,string)
UnityEngine.StackTraceUtility:ExtractStackTrace ()
UnityEngine.DebugLogHandler:Internal_Log (UnityEngine.LogType,UnityEngine.LogOption,string,UnityEngine.Object)
UnityEngine.DebugLogHandler:LogFormat (UnityEngine.LogType,UnityEngine.Object,string,object[])
UnityEngine.Logger:Log (UnityEngine.LogType,object)
UnityEngine.Debug:LogError (object)
UnityEditor.EditorAssemblies:ProcessInitializeOnLoadMethodAttributes ()

[Package Manager] Failed to launch server process. Reason: Unity was launched with the -noUpm command-line argument
[Package Manager] Unable to send message (not connected to server process).
[Package Manager] Cannot connect to Unity Package Manager local server
Failed to get package versions: Cannot connect to Unity Package Manager local server
UnityEngine.Debug:ExtractStackTraceNoAlloc (byte*,int,string)
UnityEngine.StackTraceUtility:ExtractStackTrace ()
UnityEngine.DebugLogHandler:Internal_Log (UnityEngine.LogType,UnityEngine.LogOption,string,UnityEngine.Object)
UnityEngine.DebugLogHandler:LogFormat (UnityEngine.LogType,UnityEngine.Object,string,object[])
UnityEngine.Logger:Log (UnityEngine.LogType,object)
UnityEngine.Debug:LogWarning (object)
Unity.XR.CoreUtils.Editor.PackageVersionUtility:UpdatePackageVersions () (at ./Library/PackageCache/com.unity.xr.core-utils@5b282bc7378d/Editor/ProjectValidation/PackageVersionUtility.cs:59)
Unity.XR.CoreUtils.Editor.PackageVersionUtility:GetPackageVersion (string) (at ./Library/PackageCache/com.unity.xr.core-utils@5b282bc7378d/Editor/ProjectValidation/PackageVersionUtility.cs:77)
UnityEditor.XR.Interaction.Toolkit.Samples.Hands.Editor.HandsSampleProjectValidation:.cctor () (at Assets/Samples/XR Interaction Toolkit/3.0.8/Hands Interaction Demo/Editor/Scripts/HandsSampleProjectValidation.cs:34)
System.Reflection.RuntimeMethodInfo:Invoke (object,System.Reflection.BindingFlags,System.Reflection.Binder,object[],System.Globalization.CultureInfo)
System.Reflection.MethodBase:Invoke (object,object[])
UnityEditor.EditorAssemblies:ProcessInitializeOnLoadMethodAttributes ()

(Filename: ./Library/PackageCache/com.unity.xr.core-utils@5b282bc7378d/Editor/ProjectValidation/PackageVersionUtility.cs Line: 59)

[MODES] ModeService[none].Initialize
[MODES] ModeService[none].LoadModes
Mono: successfully reloaded assembly
[Package Manager] Failed to launch server process. Reason: Unity was launched with the -noUpm command-line argument
[Package Manager] Unable to send message (not connected to server process).
[Package Manager] Cannot connect to Unity Package Manager local server
- Finished resetting the current domain, in  0.612 seconds
Domain Reload Profiling: 1164ms
	BeginReloadAssembly (141ms)
		ExecutionOrderSort (0ms)
		DisableScriptedObjects (4ms)
		BackupInstance (0ms)
		ReleaseScriptingObjects (0ms)
		CreateAndSetChildDomain (38ms)
	RebuildCommonClasses (23ms)
	RebuildNativeTypeToScriptingClass (10ms)
	initialDomainReloadingComplete (20ms)
	LoadAllAssembliesAndSetupDomain (359ms)
		LoadAssemblies (263ms)
		RebuildTransferFunctionScriptingTraits (0ms)
		AnalyzeDomain (159ms)
			TypeCache.Refresh (6ms)
				TypeCache.ScanAssembly (0ms)
			BuildScriptInfoCaches (143ms)
			ResolveRequiredComponents (6ms)
	FinalizeReload (612ms)
		ReleaseScriptCaches (0ms)
		RebuildScriptCaches (0ms)
		SetupLoadedEditorAssemblies (518ms)
			LogAssemblyErrors (0ms)
			InitializePlatformSupportModulesInManaged (8ms)
			SetLoadedEditorAssemblies (5ms)
			BeforeProcessingInitializeOnLoad (80ms)
			ProcessInitializeOnLoadAttributes (316ms)
			ProcessInitializeOnLoadMethodAttributes (105ms)
			AfterProcessingInitializeOnLoad (4ms)
			EditorAssembliesLoaded (0ms)
		ExecutionOrderSort2 (0ms)
		AwakeInstancesAfterBackupRestoration (4ms)
Shader 'WFX/Transparent Specular': fallback shader 'Particles/Alpha Blended' not found
Shader 'WFX/Transparent Diffuse': fallback shader 'Particles/Alpha Blended' not found
Refreshing native plugins compatible for Editor in 7.63 ms, found 13 plugins.
Preloading 1 native plugins for Editor in 0.06 ms.
Unloading 51 Unused Serialized files (Serialized files now loaded: 0)
Unloading 7067 unused Assets / (5.6 MB). Loaded Objects now: 7605.
Memory consumption went from 190.0 MB to 184.4 MB.
Total: 12.113700 ms (FindLiveObjects: 0.909400 ms CreateObjectMapping: 0.490000 ms MarkObjects: 7.661200 ms  DeleteObjects: 3.051800 ms)

Prepare: number of updated asset objects reloaded= 0
========================================================================
Received Prepare
Begin MonoManager ReloadAssembly
Symbol file LoadedFromMemory is not a mono symbol file
- Loaded All Assemblies, in  0.540 seconds
Refreshing native plugins compatible for Editor in 5.42 ms, found 13 plugins.
Native extension for Android target not found
Native extension for WindowsStandalone target not found
[Package Manager] Failed to launch server process. Reason: Unity was launched with the -noUpm command-line argument
[Package Manager] Unable to send message (not connected to server process).
[Package Manager] Cannot connect to Unity Package Manager local server
System.Reflection.TargetInvocationException: Exception has been thrown by the target of an invocation. ---> System.NullReferenceException: Object reference not set to an instance of an object
  at Unity.XR.Oculus.OculusLoader.AssetPathToAbsolutePath (System.String assetPath) [0x0003d] in .\Library\PackageCache\com.unity.xr.oculus@f23ad2c521e1\Runtime\OculusLoader.cs:312 
  at Unity.XR.Oculus.OculusLoader.EditorLoadOVRPlugin () [0x0008c] in .\Library\PackageCache\com.unity.xr.oculus@f23ad2c521e1\Runtime\OculusLoader.cs:297 
  at (wrapper managed-to-native) System.Reflection.RuntimeMethodInfo.InternalInvoke(System.Reflection.RuntimeMethodInfo,object,object[],System.Exception&)
  at System.Reflection.RuntimeMethodInfo.Invoke (System.Object obj, System.Reflection.BindingFlags invokeAttr, System.Reflection.Binder binder, System.Object[] parameters, System.Globalization.CultureInfo culture) [0x0006a] in <314938d17f3848e8ac683e11b27f62ee>:0 
   --- End of inner exception stack trace ---
  at System.Reflection.RuntimeMethodInfo.Invoke (System.Object obj, System.Reflection.BindingFlags invokeAttr, System.Reflection.Binder binder, System.Object[] parameters, System.Globalization.CultureInfo culture) [0x00083] in <314938d17f3848e8ac683e11b27f62ee>:0 
  at System.Reflection.MethodBase.Invoke (System.Object obj, System.Object[] parameters) [0x00000] in <314938d17f3848e8ac683e11b27f62ee>:0 
  at UnityEditor.EditorAssemblies.ProcessInitializeOnLoadMethodAttributes () [0x00056] in <0a4d86c6e1e443e4b37da89bc22f5b9c>:0 
UnityEngine.Debug:ExtractStackTraceNoAlloc (byte*,int,string)
UnityEngine.StackTraceUtility:ExtractStackTrace ()
UnityEngine.DebugLogHandler:Internal_Log (UnityEngine.LogType,UnityEngine.LogOption,string,UnityEngine.Object)
UnityEngine.DebugLogHandler:LogFormat (UnityEngine.LogType,UnityEngine.Object,string,object[])
UnityEngine.Logger:Log (UnityEngine.LogType,object)
UnityEngine.Debug:LogError (object)
UnityEditor.EditorAssemblies:ProcessInitializeOnLoadMethodAttributes ()

[Package Manager] Failed to launch server process. Reason: Unity was launched with the -noUpm command-line argument
[Package Manager] Unable to send message (not connected to server process).
[Package Manager] Cannot connect to Unity Package Manager local server
Failed to get package versions: Cannot connect to Unity Package Manager local server
UnityEngine.Debug:ExtractStackTraceNoAlloc (byte*,int,string)
UnityEngine.StackTraceUtility:ExtractStackTrace ()
UnityEngine.DebugLogHandler:Internal_Log (UnityEngine.LogType,UnityEngine.LogOption,string,UnityEngine.Object)
UnityEngine.DebugLogHandler:LogFormat (UnityEngine.LogType,UnityEngine.Object,string,object[])
UnityEngine.Logger:Log (UnityEngine.LogType,object)
UnityEngine.Debug:LogWarning (object)
Unity.XR.CoreUtils.Editor.PackageVersionUtility:UpdatePackageVersions () (at ./Library/PackageCache/com.unity.xr.core-utils@5b282bc7378d/Editor/ProjectValidation/PackageVersionUtility.cs:59)
Unity.XR.CoreUtils.Editor.PackageVersionUtility:GetPackageVersion (string) (at ./Library/PackageCache/com.unity.xr.core-utils@5b282bc7378d/Editor/ProjectValidation/PackageVersionUtility.cs:77)
UnityEditor.XR.Interaction.Toolkit.Samples.Hands.Editor.HandsSampleProjectValidation:.cctor () (at Assets/Samples/XR Interaction Toolkit/3.0.8/Hands Interaction Demo/Editor/Scripts/HandsSampleProjectValidation.cs:34)
System.Reflection.RuntimeMethodInfo:Invoke (object,System.Reflection.BindingFlags,System.Reflection.Binder,object[],System.Globalization.CultureInfo)
System.Reflection.MethodBase:Invoke (object,object[])
UnityEditor.EditorAssemblies:ProcessInitializeOnLoadMethodAttributes ()

(Filename: ./Library/PackageCache/com.unity.xr.core-utils@5b282bc7378d/Editor/ProjectValidation/PackageVersionUtility.cs Line: 59)

[MODES] ModeService[none].Initialize
[MODES] ModeService[none].LoadModes
Mono: successfully reloaded assembly
[Package Manager] Failed to launch server process. Reason: Unity was launched with the -noUpm command-line argument
[Package Manager] Unable to send message (not connected to server process).
[Package Manager] Cannot connect to Unity Package Manager local server
- Finished resetting the current domain, in  0.601 seconds
Domain Reload Profiling: 1142ms
	BeginReloadAssembly (143ms)
		ExecutionOrderSort (0ms)
		DisableScriptedObjects (4ms)
		BackupInstance (0ms)
		ReleaseScriptingObjects (0ms)
		CreateAndSetChildDomain (42ms)
	RebuildCommonClasses (24ms)
	RebuildNativeTypeToScriptingClass (9ms)
	initialDomainReloadingComplete (20ms)
	LoadAllAssembliesAndSetupDomain (346ms)
		LoadAssemblies (256ms)
		RebuildTransferFunctionScriptingTraits (0ms)
		AnalyzeDomain (154ms)
			TypeCache.Refresh (7ms)
				TypeCache.ScanAssembly (0ms)
			BuildScriptInfoCaches (137ms)
			ResolveRequiredComponents (6ms)
	FinalizeReload (601ms)
		ReleaseScriptCaches (0ms)
		RebuildScriptCaches (0ms)
		SetupLoadedEditorAssemblies (508ms)
			LogAssemblyErrors (0ms)
			InitializePlatformSupportModulesInManaged (8ms)
			SetLoadedEditorAssemblies (5ms)
			BeforeProcessingInitializeOnLoad (80ms)
			ProcessInitializeOnLoadAttributes (310ms)
			ProcessInitializeOnLoadMethodAttributes (102ms)
			AfterProcessingInitializeOnLoad (3ms)
			EditorAssembliesLoaded (0ms)
		ExecutionOrderSort2 (0ms)
		AwakeInstancesAfterBackupRestoration (4ms)
Shader 'WFX/Transparent Specular': fallback shader 'Particles/Alpha Blended' not found
Shader 'WFX/Transparent Diffuse': fallback shader 'Particles/Alpha Blended' not found
Refreshing native plugins compatible for Editor in 6.03 ms, found 13 plugins.
Preloading 1 native plugins for Editor in 0.06 ms.
Unloading 51 Unused Serialized files (Serialized files now loaded: 0)
Unloading 7067 unused Assets / (5.4 MB). Loaded Objects now: 7608.
Memory consumption went from 191.9 MB to 186.5 MB.
Total: 7.707400 ms (FindLiveObjects: 0.550700 ms CreateObjectMapping: 0.424300 ms MarkObjects: 4.285500 ms  DeleteObjects: 2.445700 ms)

Prepare: number of updated asset objects reloaded= 0
========================================================================
Received Prepare
Begin MonoManager ReloadAssembly
Symbol file LoadedFromMemory is not a mono symbol file
- Loaded All Assemblies, in  0.544 seconds
Refreshing native plugins compatible for Editor in 5.58 ms, found 13 plugins.
Native extension for Android target not found
Native extension for WindowsStandalone target not found
[Package Manager] Failed to launch server process. Reason: Unity was launched with the -noUpm command-line argument
[Package Manager] Unable to send message (not connected to server process).
[Package Manager] Cannot connect to Unity Package Manager local server
System.Reflection.TargetInvocationException: Exception has been thrown by the target of an invocation. ---> System.NullReferenceException: Object reference not set to an instance of an object
  at Unity.XR.Oculus.OculusLoader.AssetPathToAbsolutePath (System.String assetPath) [0x0003d] in .\Library\PackageCache\com.unity.xr.oculus@f23ad2c521e1\Runtime\OculusLoader.cs:312 
  at Unity.XR.Oculus.OculusLoader.EditorLoadOVRPlugin () [0x0008c] in .\Library\PackageCache\com.unity.xr.oculus@f23ad2c521e1\Runtime\OculusLoader.cs:297 
  at (wrapper managed-to-native) System.Reflection.RuntimeMethodInfo.InternalInvoke(System.Reflection.RuntimeMethodInfo,object,object[],System.Exception&)
  at System.Reflection.RuntimeMethodInfo.Invoke (System.Object obj, System.Reflection.BindingFlags invokeAttr, System.Reflection.Binder binder, System.Object[] parameters, System.Globalization.CultureInfo culture) [0x0006a] in <314938d17f3848e8ac683e11b27f62ee>:0 
   --- End of inner exception stack trace ---
  at System.Reflection.RuntimeMethodInfo.Invoke (System.Object obj, System.Reflection.BindingFlags invokeAttr, System.Reflection.Binder binder, System.Object[] parameters, System.Globalization.CultureInfo culture) [0x00083] in <314938d17f3848e8ac683e11b27f62ee>:0 
  at System.Reflection.MethodBase.Invoke (System.Object obj, System.Object[] parameters) [0x00000] in <314938d17f3848e8ac683e11b27f62ee>:0 
  at UnityEditor.EditorAssemblies.ProcessInitializeOnLoadMethodAttributes () [0x00056] in <0a4d86c6e1e443e4b37da89bc22f5b9c>:0 
UnityEngine.Debug:ExtractStackTraceNoAlloc (byte*,int,string)
UnityEngine.StackTraceUtility:ExtractStackTrace ()
UnityEngine.DebugLogHandler:Internal_Log (UnityEngine.LogType,UnityEngine.LogOption,string,UnityEngine.Object)
UnityEngine.DebugLogHandler:LogFormat (UnityEngine.LogType,UnityEngine.Object,string,object[])
UnityEngine.Logger:Log (UnityEngine.LogType,object)
UnityEngine.Debug:LogError (object)
UnityEditor.EditorAssemblies:ProcessInitializeOnLoadMethodAttributes ()

[Package Manager] Failed to launch server process. Reason: Unity was launched with the -noUpm command-line argument
[Package Manager] Unable to send message (not connected to server process).
[Package Manager] Cannot connect to Unity Package Manager local server
Failed to get package versions: Cannot connect to Unity Package Manager local server
UnityEngine.Debug:ExtractStackTraceNoAlloc (byte*,int,string)
UnityEngine.StackTraceUtility:ExtractStackTrace ()
UnityEngine.DebugLogHandler:Internal_Log (UnityEngine.LogType,UnityEngine.LogOption,string,UnityEngine.Object)
UnityEngine.DebugLogHandler:LogFormat (UnityEngine.LogType,UnityEngine.Object,string,object[])
UnityEngine.Logger:Log (UnityEngine.LogType,object)
UnityEngine.Debug:LogWarning (object)
Unity.XR.CoreUtils.Editor.PackageVersionUtility:UpdatePackageVersions () (at ./Library/PackageCache/com.unity.xr.core-utils@5b282bc7378d/Editor/ProjectValidation/PackageVersionUtility.cs:59)
Unity.XR.CoreUtils.Editor.PackageVersionUtility:GetPackageVersion (string) (at ./Library/PackageCache/com.unity.xr.core-utils@5b282bc7378d/Editor/ProjectValidation/PackageVersionUtility.cs:77)
UnityEditor.XR.Interaction.Toolkit.Samples.Hands.Editor.HandsSampleProjectValidation:.cctor () (at Assets/Samples/XR Interaction Toolkit/3.0.8/Hands Interaction Demo/Editor/Scripts/HandsSampleProjectValidation.cs:34)
System.Reflection.RuntimeMethodInfo:Invoke (object,System.Reflection.BindingFlags,System.Reflection.Binder,object[],System.Globalization.CultureInfo)
System.Reflection.MethodBase:Invoke (object,object[])
UnityEditor.EditorAssemblies:ProcessInitializeOnLoadMethodAttributes ()

(Filename: ./Library/PackageCache/com.unity.xr.core-utils@5b282bc7378d/Editor/ProjectValidation/PackageVersionUtility.cs Line: 59)

[MODES] ModeService[none].Initialize
[MODES] ModeService[none].LoadModes
Mono: successfully reloaded assembly
[Package Manager] Failed to launch server process. Reason: Unity was launched with the -noUpm command-line argument
[Package Manager] Unable to send message (not connected to server process).
[Package Manager] Cannot connect to Unity Package Manager local server
- Finished resetting the current domain, in  0.599 seconds
Domain Reload Profiling: 1144ms
	BeginReloadAssembly (141ms)
		ExecutionOrderSort (0ms)
		DisableScriptedObjects (4ms)
		BackupInstance (0ms)
		ReleaseScriptingObjects (0ms)
		CreateAndSetChildDomain (37ms)
	RebuildCommonClasses (23ms)
	RebuildNativeTypeToScriptingClass (9ms)
	initialDomainReloadingComplete (20ms)
	LoadAllAssembliesAndSetupDomain (351ms)
		LoadAssemblies (257ms)
		RebuildTransferFunctionScriptingTraits (0ms)
		AnalyzeDomain (162ms)
			TypeCache.Refresh (6ms)
				TypeCache.ScanAssembly (0ms)
			BuildScriptInfoCaches (146ms)
			ResolveRequiredComponents (6ms)
	FinalizeReload (600ms)
		ReleaseScriptCaches (0ms)
		RebuildScriptCaches (0ms)
		SetupLoadedEditorAssemblies (507ms)
			LogAssemblyErrors (0ms)
			InitializePlatformSupportModulesInManaged (8ms)
			SetLoadedEditorAssemblies (5ms)
			BeforeProcessingInitializeOnLoad (81ms)
			ProcessInitializeOnLoadAttributes (311ms)
			ProcessInitializeOnLoadMethodAttributes (98ms)
			AfterProcessingInitializeOnLoad (4ms)
			EditorAssembliesLoaded (0ms)
		ExecutionOrderSort2 (0ms)
		AwakeInstancesAfterBackupRestoration (5ms)
Shader 'WFX/Transparent Specular': fallback shader 'Particles/Alpha Blended' not found
Shader 'WFX/Transparent Diffuse': fallback shader 'Particles/Alpha Blended' not found
Refreshing native plugins compatible for Editor in 8.11 ms, found 13 plugins.
Preloading 1 native plugins for Editor in 0.06 ms.
Unloading 51 Unused Serialized files (Serialized files now loaded: 0)
Unloading 7067 unused Assets / (6.1 MB). Loaded Objects now: 7611.
Memory consumption went from 191.9 MB to 185.8 MB.
Total: 6.541400 ms (FindLiveObjects: 0.439000 ms CreateObjectMapping: 0.265200 ms MarkObjects: 3.944000 ms  DeleteObjects: 1.891900 ms)

Prepare: number of updated asset objects reloaded= 0
========================================================================
Received Prepare
Begin MonoManager ReloadAssembly
Symbol file LoadedFromMemory is not a mono symbol file
- Loaded All Assemblies, in  0.539 seconds
Refreshing native plugins compatible for Editor in 5.86 ms, found 13 plugins.
Native extension for Android target not found
Native extension for WindowsStandalone target not found
[Package Manager] Failed to launch server process. Reason: Unity was launched with the -noUpm command-line argument
[Package Manager] Unable to send message (not connected to server process).
[Package Manager] Cannot connect to Unity Package Manager local server
System.Reflection.TargetInvocationException: Exception has been thrown by the target of an invocation. ---> System.NullReferenceException: Object reference not set to an instance of an object
  at Unity.XR.Oculus.OculusLoader.AssetPathToAbsolutePath (System.String assetPath) [0x0003d] in .\Library\PackageCache\com.unity.xr.oculus@f23ad2c521e1\Runtime\OculusLoader.cs:312 
  at Unity.XR.Oculus.OculusLoader.EditorLoadOVRPlugin () [0x0008c] in .\Library\PackageCache\com.unity.xr.oculus@f23ad2c521e1\Runtime\OculusLoader.cs:297 
  at (wrapper managed-to-native) System.Reflection.RuntimeMethodInfo.InternalInvoke(System.Reflection.RuntimeMethodInfo,object,object[],System.Exception&)
  at System.Reflection.RuntimeMethodInfo.Invoke (System.Object obj, System.Reflection.BindingFlags invokeAttr, System.Reflection.Binder binder, System.Object[] parameters, System.Globalization.CultureInfo culture) [0x0006a] in <314938d17f3848e8ac683e11b27f62ee>:0 
   --- End of inner exception stack trace ---
  at System.Reflection.RuntimeMethodInfo.Invoke (System.Object obj, System.Reflection.BindingFlags invokeAttr, System.Reflection.Binder binder, System.Object[] parameters, System.Globalization.CultureInfo culture) [0x00083] in <314938d17f3848e8ac683e11b27f62ee>:0 
  at System.Reflection.MethodBase.Invoke (System.Object obj, System.Object[] parameters) [0x00000] in <314938d17f3848e8ac683e11b27f62ee>:0 
  at UnityEditor.EditorAssemblies.ProcessInitializeOnLoadMethodAttributes () [0x00056] in <0a4d86c6e1e443e4b37da89bc22f5b9c>:0 
UnityEngine.Debug:ExtractStackTraceNoAlloc (byte*,int,string)
UnityEngine.StackTraceUtility:ExtractStackTrace ()
UnityEngine.DebugLogHandler:Internal_Log (UnityEngine.LogType,UnityEngine.LogOption,string,UnityEngine.Object)
UnityEngine.DebugLogHandler:LogFormat (UnityEngine.LogType,UnityEngine.Object,string,object[])
UnityEngine.Logger:Log (UnityEngine.LogType,object)
UnityEngine.Debug:LogError (object)
UnityEditor.EditorAssemblies:ProcessInitializeOnLoadMethodAttributes ()

[Package Manager] Failed to launch server process. Reason: Unity was launched with the -noUpm command-line argument
[Package Manager] Unable to send message (not connected to server process).
[Package Manager] Cannot connect to Unity Package Manager local server
Failed to get package versions: Cannot connect to Unity Package Manager local server
UnityEngine.Debug:ExtractStackTraceNoAlloc (byte*,int,string)
UnityEngine.StackTraceUtility:ExtractStackTrace ()
UnityEngine.DebugLogHandler:Internal_Log (UnityEngine.LogType,UnityEngine.LogOption,string,UnityEngine.Object)
UnityEngine.DebugLogHandler:LogFormat (UnityEngine.LogType,UnityEngine.Object,string,object[])
UnityEngine.Logger:Log (UnityEngine.LogType,object)
UnityEngine.Debug:LogWarning (object)
Unity.XR.CoreUtils.Editor.PackageVersionUtility:UpdatePackageVersions () (at ./Library/PackageCache/com.unity.xr.core-utils@5b282bc7378d/Editor/ProjectValidation/PackageVersionUtility.cs:59)
Unity.XR.CoreUtils.Editor.PackageVersionUtility:GetPackageVersion (string) (at ./Library/PackageCache/com.unity.xr.core-utils@5b282bc7378d/Editor/ProjectValidation/PackageVersionUtility.cs:77)
UnityEditor.XR.Interaction.Toolkit.Samples.Hands.Editor.HandsSampleProjectValidation:.cctor () (at Assets/Samples/XR Interaction Toolkit/3.0.8/Hands Interaction Demo/Editor/Scripts/HandsSampleProjectValidation.cs:34)
System.Reflection.RuntimeMethodInfo:Invoke (object,System.Reflection.BindingFlags,System.Reflection.Binder,object[],System.Globalization.CultureInfo)
System.Reflection.MethodBase:Invoke (object,object[])
UnityEditor.EditorAssemblies:ProcessInitializeOnLoadMethodAttributes ()

(Filename: ./Library/PackageCache/com.unity.xr.core-utils@5b282bc7378d/Editor/ProjectValidation/PackageVersionUtility.cs Line: 59)

[MODES] ModeService[none].Initialize
[MODES] ModeService[none].LoadModes
Mono: successfully reloaded assembly
[Package Manager] Failed to launch server process. Reason: Unity was launched with the -noUpm command-line argument
[Package Manager] Unable to send message (not connected to server process).
[Package Manager] Cannot connect to Unity Package Manager local server
- Finished resetting the current domain, in  0.610 seconds
Domain Reload Profiling: 1150ms
	BeginReloadAssembly (138ms)
		ExecutionOrderSort (0ms)
		DisableScriptedObjects (4ms)
		BackupInstance (0ms)
		ReleaseScriptingObjects (0ms)
		CreateAndSetChildDomain (38ms)
	RebuildCommonClasses (23ms)
	RebuildNativeTypeToScriptingClass (9ms)
	initialDomainReloadingComplete (21ms)
	LoadAllAssembliesAndSetupDomain (349ms)
		LoadAssemblies (261ms)
		RebuildTransferFunctionScriptingTraits (0ms)
		AnalyzeDomain (150ms)
			TypeCache.Refresh (6ms)
				TypeCache.ScanAssembly (0ms)
			BuildScriptInfoCaches (135ms)
			ResolveRequiredComponents (6ms)
	FinalizeReload (610ms)
		ReleaseScriptCaches (0ms)
		RebuildScriptCaches (0ms)
		SetupLoadedEditorAssemblies (517ms)
			LogAssemblyErrors (0ms)
			InitializePlatformSupportModulesInManaged (9ms)
			SetLoadedEditorAssemblies (6ms)
			BeforeProcessingInitializeOnLoad (81ms)
			ProcessInitializeOnLoadAttributes (312ms)
			ProcessInitializeOnLoadMethodAttributes (106ms)
			AfterProcessingInitializeOnLoad (4ms)
			EditorAssembliesLoaded (0ms)
		ExecutionOrderSort2 (0ms)
		AwakeInstancesAfterBackupRestoration (5ms)
Shader 'WFX/Transparent Specular': fallback shader 'Particles/Alpha Blended' not found
Shader 'WFX/Transparent Diffuse': fallback shader 'Particles/Alpha Blended' not found
Refreshing native plugins compatible for Editor in 5.05 ms, found 13 plugins.
Preloading 1 native plugins for Editor in 0.05 ms.
Unloading 51 Unused Serialized files (Serialized files now loaded: 0)
Unloading 7067 unused Assets / (6.1 MB). Loaded Objects now: 7614.
Memory consumption went from 191.9 MB to 185.8 MB.
Total: 6.325900 ms (FindLiveObjects: 0.403600 ms CreateObjectMapping: 0.240000 ms MarkObjects: 3.824900 ms  DeleteObjects: 1.855600 ms)

Prepare: number of updated asset objects reloaded= 0
========================================================================
Received Prepare
Begin MonoManager ReloadAssembly
Symbol file LoadedFromMemory is not a mono symbol file
- Loaded All Assemblies, in  0.542 seconds
Refreshing native plugins compatible for Editor in 5.47 ms, found 13 plugins.
Native extension for Android target not found
Native extension for WindowsStandalone target not found
[Package Manager] Failed to launch server process. Reason: Unity was launched with the -noUpm command-line argument
[Package Manager] Unable to send message (not connected to server process).
[Package Manager] Cannot connect to Unity Package Manager local server
System.Reflection.TargetInvocationException: Exception has been thrown by the target of an invocation. ---> System.NullReferenceException: Object reference not set to an instance of an object
  at Unity.XR.Oculus.OculusLoader.AssetPathToAbsolutePath (System.String assetPath) [0x0003d] in .\Library\PackageCache\com.unity.xr.oculus@f23ad2c521e1\Runtime\OculusLoader.cs:312 
  at Unity.XR.Oculus.OculusLoader.EditorLoadOVRPlugin () [0x0008c] in .\Library\PackageCache\com.unity.xr.oculus@f23ad2c521e1\Runtime\OculusLoader.cs:297 
  at (wrapper managed-to-native) System.Reflection.RuntimeMethodInfo.InternalInvoke(System.Reflection.RuntimeMethodInfo,object,object[],System.Exception&)
  at System.Reflection.RuntimeMethodInfo.Invoke (System.Object obj, System.Reflection.BindingFlags invokeAttr, System.Reflection.Binder binder, System.Object[] parameters, System.Globalization.CultureInfo culture) [0x0006a] in <314938d17f3848e8ac683e11b27f62ee>:0 
   --- End of inner exception stack trace ---
  at System.Reflection.RuntimeMethodInfo.Invoke (System.Object obj, System.Reflection.BindingFlags invokeAttr, System.Reflection.Binder binder, System.Object[] parameters, System.Globalization.CultureInfo culture) [0x00083] in <314938d17f3848e8ac683e11b27f62ee>:0 
  at System.Reflection.MethodBase.Invoke (System.Object obj, System.Object[] parameters) [0x00000] in <314938d17f3848e8ac683e11b27f62ee>:0 
  at UnityEditor.EditorAssemblies.ProcessInitializeOnLoadMethodAttributes () [0x00056] in <0a4d86c6e1e443e4b37da89bc22f5b9c>:0 
UnityEngine.Debug:ExtractStackTraceNoAlloc (byte*,int,string)
UnityEngine.StackTraceUtility:ExtractStackTrace ()
UnityEngine.DebugLogHandler:Internal_Log (UnityEngine.LogType,UnityEngine.LogOption,string,UnityEngine.Object)
UnityEngine.DebugLogHandler:LogFormat (UnityEngine.LogType,UnityEngine.Object,string,object[])
UnityEngine.Logger:Log (UnityEngine.LogType,object)
UnityEngine.Debug:LogError (object)
UnityEditor.EditorAssemblies:ProcessInitializeOnLoadMethodAttributes ()

[Package Manager] Failed to launch server process. Reason: Unity was launched with the -noUpm command-line argument
[Package Manager] Unable to send message (not connected to server process).
[Package Manager] Cannot connect to Unity Package Manager local server
Failed to get package versions: Cannot connect to Unity Package Manager local server
UnityEngine.Debug:ExtractStackTraceNoAlloc (byte*,int,string)
UnityEngine.StackTraceUtility:ExtractStackTrace ()
UnityEngine.DebugLogHandler:Internal_Log (UnityEngine.LogType,UnityEngine.LogOption,string,UnityEngine.Object)
UnityEngine.DebugLogHandler:LogFormat (UnityEngine.LogType,UnityEngine.Object,string,object[])
UnityEngine.Logger:Log (UnityEngine.LogType,object)
UnityEngine.Debug:LogWarning (object)
Unity.XR.CoreUtils.Editor.PackageVersionUtility:UpdatePackageVersions () (at ./Library/PackageCache/com.unity.xr.core-utils@5b282bc7378d/Editor/ProjectValidation/PackageVersionUtility.cs:59)
Unity.XR.CoreUtils.Editor.PackageVersionUtility:GetPackageVersion (string) (at ./Library/PackageCache/com.unity.xr.core-utils@5b282bc7378d/Editor/ProjectValidation/PackageVersionUtility.cs:77)
UnityEditor.XR.Interaction.Toolkit.Samples.Hands.Editor.HandsSampleProjectValidation:.cctor () (at Assets/Samples/XR Interaction Toolkit/3.0.8/Hands Interaction Demo/Editor/Scripts/HandsSampleProjectValidation.cs:34)
System.Reflection.RuntimeMethodInfo:Invoke (object,System.Reflection.BindingFlags,System.Reflection.Binder,object[],System.Globalization.CultureInfo)
System.Reflection.MethodBase:Invoke (object,object[])
UnityEditor.EditorAssemblies:ProcessInitializeOnLoadMethodAttributes ()

(Filename: ./Library/PackageCache/com.unity.xr.core-utils@5b282bc7378d/Editor/ProjectValidation/PackageVersionUtility.cs Line: 59)

[MODES] ModeService[none].Initialize
[MODES] ModeService[none].LoadModes
Mono: successfully reloaded assembly
[Package Manager] Failed to launch server process. Reason: Unity was launched with the -noUpm command-line argument
[Package Manager] Unable to send message (not connected to server process).
[Package Manager] Cannot connect to Unity Package Manager local server
- Finished resetting the current domain, in  0.604 seconds
Domain Reload Profiling: 1147ms
	BeginReloadAssembly (141ms)
		ExecutionOrderSort (0ms)
		DisableScriptedObjects (4ms)
		BackupInstance (0ms)
		ReleaseScriptingObjects (0ms)
		CreateAndSetChildDomain (38ms)
	RebuildCommonClasses (24ms)
	RebuildNativeTypeToScriptingClass (9ms)
	initialDomainReloadingComplete (20ms)
	LoadAllAssembliesAndSetupDomain (349ms)
		LoadAssemblies (256ms)
		RebuildTransferFunctionScriptingTraits (0ms)
		AnalyzeDomain (159ms)
			TypeCache.Refresh (8ms)
				TypeCache.ScanAssembly (0ms)
			BuildScriptInfoCaches (141ms)
			ResolveRequiredComponents (6ms)
	FinalizeReload (605ms)
		ReleaseScriptCaches (0ms)
		RebuildScriptCaches (0ms)
		SetupLoadedEditorAssemblies (511ms)
			LogAssemblyErrors (0ms)
			InitializePlatformSupportModulesInManaged (8ms)
			SetLoadedEditorAssemblies (5ms)
			BeforeProcessingInitializeOnLoad (83ms)
			ProcessInitializeOnLoadAttributes (305ms)
			ProcessInitializeOnLoadMethodAttributes (106ms)
			AfterProcessingInitializeOnLoad (4ms)
			EditorAssembliesLoaded (0ms)
		ExecutionOrderSort2 (0ms)
		AwakeInstancesAfterBackupRestoration (5ms)
Shader 'WFX/Transparent Specular': fallback shader 'Particles/Alpha Blended' not found
Shader 'WFX/Transparent Diffuse': fallback shader 'Particles/Alpha Blended' not found
Refreshing native plugins compatible for Editor in 7.25 ms, found 13 plugins.
Preloading 1 native plugins for Editor in 0.06 ms.
Unloading 51 Unused Serialized files (Serialized files now loaded: 0)
Unloading 7067 unused Assets / (6.3 MB). Loaded Objects now: 7617.
Memory consumption went from 191.9 MB to 185.7 MB.
Total: 7.548200 ms (FindLiveObjects: 0.483500 ms CreateObjectMapping: 0.287000 ms MarkObjects: 4.267300 ms  DeleteObjects: 2.509400 ms)

Prepare: number of updated asset objects reloaded= 0
========================================================================
Received Prepare
Begin MonoManager ReloadAssembly
Symbol file LoadedFromMemory is not a mono symbol file
- Loaded All Assemblies, in  0.521 seconds
Refreshing native plugins compatible for Editor in 5.48 ms, found 13 plugins.
Native extension for Android target not found
Native extension for WindowsStandalone target not found
[Package Manager] Failed to launch server process. Reason: Unity was launched with the -noUpm command-line argument
[Package Manager] Unable to send message (not connected to server process).
[Package Manager] Cannot connect to Unity Package Manager local server
System.Reflection.TargetInvocationException: Exception has been thrown by the target of an invocation. ---> System.NullReferenceException: Object reference not set to an instance of an object
  at Unity.XR.Oculus.OculusLoader.AssetPathToAbsolutePath (System.String assetPath) [0x0003d] in .\Library\PackageCache\com.unity.xr.oculus@f23ad2c521e1\Runtime\OculusLoader.cs:312 
  at Unity.XR.Oculus.OculusLoader.EditorLoadOVRPlugin () [0x0008c] in .\Library\PackageCache\com.unity.xr.oculus@f23ad2c521e1\Runtime\OculusLoader.cs:297 
  at (wrapper managed-to-native) System.Reflection.RuntimeMethodInfo.InternalInvoke(System.Reflection.RuntimeMethodInfo,object,object[],System.Exception&)
  at System.Reflection.RuntimeMethodInfo.Invoke (System.Object obj, System.Reflection.BindingFlags invokeAttr, System.Reflection.Binder binder, System.Object[] parameters, System.Globalization.CultureInfo culture) [0x0006a] in <314938d17f3848e8ac683e11b27f62ee>:0 
   --- End of inner exception stack trace ---
  at System.Reflection.RuntimeMethodInfo.Invoke (System.Object obj, System.Reflection.BindingFlags invokeAttr, System.Reflection.Binder binder, System.Object[] parameters, System.Globalization.CultureInfo culture) [0x00083] in <314938d17f3848e8ac683e11b27f62ee>:0 
  at System.Reflection.MethodBase.Invoke (System.Object obj, System.Object[] parameters) [0x00000] in <314938d17f3848e8ac683e11b27f62ee>:0 
  at UnityEditor.EditorAssemblies.ProcessInitializeOnLoadMethodAttributes () [0x00056] in <0a4d86c6e1e443e4b37da89bc22f5b9c>:0 
UnityEngine.Debug:ExtractStackTraceNoAlloc (byte*,int,string)
UnityEngine.StackTraceUtility:ExtractStackTrace ()
UnityEngine.DebugLogHandler:Internal_Log (UnityEngine.LogType,UnityEngine.LogOption,string,UnityEngine.Object)
UnityEngine.DebugLogHandler:LogFormat (UnityEngine.LogType,UnityEngine.Object,string,object[])
UnityEngine.Logger:Log (UnityEngine.LogType,object)
UnityEngine.Debug:LogError (object)
UnityEditor.EditorAssemblies:ProcessInitializeOnLoadMethodAttributes ()

[Package Manager] Failed to launch server process. Reason: Unity was launched with the -noUpm command-line argument
[Package Manager] Unable to send message (not connected to server process).
[Package Manager] Cannot connect to Unity Package Manager local server
Failed to get package versions: Cannot connect to Unity Package Manager local server
UnityEngine.Debug:ExtractStackTraceNoAlloc (byte*,int,string)
UnityEngine.StackTraceUtility:ExtractStackTrace ()
UnityEngine.DebugLogHandler:Internal_Log (UnityEngine.LogType,UnityEngine.LogOption,string,UnityEngine.Object)
UnityEngine.DebugLogHandler:LogFormat (UnityEngine.LogType,UnityEngine.Object,string,object[])
UnityEngine.Logger:Log (UnityEngine.LogType,object)
UnityEngine.Debug:LogWarning (object)
Unity.XR.CoreUtils.Editor.PackageVersionUtility:UpdatePackageVersions () (at ./Library/PackageCache/com.unity.xr.core-utils@5b282bc7378d/Editor/ProjectValidation/PackageVersionUtility.cs:59)
Unity.XR.CoreUtils.Editor.PackageVersionUtility:GetPackageVersion (string) (at ./Library/PackageCache/com.unity.xr.core-utils@5b282bc7378d/Editor/ProjectValidation/PackageVersionUtility.cs:77)
UnityEditor.XR.Interaction.Toolkit.Samples.Hands.Editor.HandsSampleProjectValidation:.cctor () (at Assets/Samples/XR Interaction Toolkit/3.0.8/Hands Interaction Demo/Editor/Scripts/HandsSampleProjectValidation.cs:34)
System.Reflection.RuntimeMethodInfo:Invoke (object,System.Reflection.BindingFlags,System.Reflection.Binder,object[],System.Globalization.CultureInfo)
System.Reflection.MethodBase:Invoke (object,object[])
UnityEditor.EditorAssemblies:ProcessInitializeOnLoadMethodAttributes ()

(Filename: ./Library/PackageCache/com.unity.xr.core-utils@5b282bc7378d/Editor/ProjectValidation/PackageVersionUtility.cs Line: 59)

[MODES] ModeService[none].Initialize
[MODES] ModeService[none].LoadModes
Mono: successfully reloaded assembly
[Package Manager] Failed to launch server process. Reason: Unity was launched with the -noUpm command-line argument
[Package Manager] Unable to send message (not connected to server process).
[Package Manager] Cannot connect to Unity Package Manager local server
- Finished resetting the current domain, in  0.598 seconds
Domain Reload Profiling: 1121ms
	BeginReloadAssembly (138ms)
		ExecutionOrderSort (0ms)
		DisableScriptedObjects (3ms)
		BackupInstance (0ms)
		ReleaseScriptingObjects (0ms)
		CreateAndSetChildDomain (37ms)
	RebuildCommonClasses (24ms)
	RebuildNativeTypeToScriptingClass (8ms)
	initialDomainReloadingComplete (20ms)
	LoadAllAssembliesAndSetupDomain (332ms)
		LoadAssemblies (240ms)
		RebuildTransferFunctionScriptingTraits (0ms)
		AnalyzeDomain (155ms)
			TypeCache.Refresh (6ms)
				TypeCache.ScanAssembly (0ms)
			BuildScriptInfoCaches (138ms)
			ResolveRequiredComponents (6ms)
	FinalizeReload (598ms)
		ReleaseScriptCaches (0ms)
		RebuildScriptCaches (0ms)
		SetupLoadedEditorAssemblies (506ms)
			LogAssemblyErrors (0ms)
			InitializePlatformSupportModulesInManaged (8ms)
			SetLoadedEditorAssemblies (6ms)
			BeforeProcessingInitializeOnLoad (82ms)
			ProcessInitializeOnLoadAttributes (305ms)
			ProcessInitializeOnLoadMethodAttributes (101ms)
			AfterProcessingInitializeOnLoad (4ms)
			EditorAssembliesLoaded (0ms)
		ExecutionOrderSort2 (0ms)
		AwakeInstancesAfterBackupRestoration (5ms)
Shader 'WFX/Transparent Specular': fallback shader 'Particles/Alpha Blended' not found
Shader 'WFX/Transparent Diffuse': fallback shader 'Particles/Alpha Blended' not found
Refreshing native plugins compatible for Editor in 12.68 ms, found 13 plugins.
Preloading 1 native plugins for Editor in 0.08 ms.
Unloading 51 Unused Serialized files (Serialized files now loaded: 0)
Unloading 7067 unused Assets / (5.7 MB). Loaded Objects now: 7620.
Memory consumption went from 191.9 MB to 186.2 MB.
Total: 12.606400 ms (FindLiveObjects: 0.986500 ms CreateObjectMapping: 0.399200 ms MarkObjects: 8.401800 ms  DeleteObjects: 2.817400 ms)

Prepare: number of updated asset objects reloaded= 0
========================================================================
Received Prepare
Begin MonoManager ReloadAssembly
Symbol file LoadedFromMemory is not a mono symbol file
- Loaded All Assemblies, in  0.542 seconds
Refreshing native plugins compatible for Editor in 5.71 ms, found 13 plugins.
Native extension for Android target not found
Native extension for WindowsStandalone target not found
[Package Manager] Failed to launch server process. Reason: Unity was launched with the -noUpm command-line argument
[Package Manager] Unable to send message (not connected to server process).
[Package Manager] Cannot connect to Unity Package Manager local server
System.Reflection.TargetInvocationException: Exception has been thrown by the target of an invocation. ---> System.NullReferenceException: Object reference not set to an instance of an object
  at Unity.XR.Oculus.OculusLoader.AssetPathToAbsolutePath (System.String assetPath) [0x0003d] in .\Library\PackageCache\com.unity.xr.oculus@f23ad2c521e1\Runtime\OculusLoader.cs:312 
  at Unity.XR.Oculus.OculusLoader.EditorLoadOVRPlugin () [0x0008c] in .\Library\PackageCache\com.unity.xr.oculus@f23ad2c521e1\Runtime\OculusLoader.cs:297 
  at (wrapper managed-to-native) System.Reflection.RuntimeMethodInfo.InternalInvoke(System.Reflection.RuntimeMethodInfo,object,object[],System.Exception&)
  at System.Reflection.RuntimeMethodInfo.Invoke (System.Object obj, System.Reflection.BindingFlags invokeAttr, System.Reflection.Binder binder, System.Object[] parameters, System.Globalization.CultureInfo culture) [0x0006a] in <314938d17f3848e8ac683e11b27f62ee>:0 
   --- End of inner exception stack trace ---
  at System.Reflection.RuntimeMethodInfo.Invoke (System.Object obj, System.Reflection.BindingFlags invokeAttr, System.Reflection.Binder binder, System.Object[] parameters, System.Globalization.CultureInfo culture) [0x00083] in <314938d17f3848e8ac683e11b27f62ee>:0 
  at System.Reflection.MethodBase.Invoke (System.Object obj, System.Object[] parameters) [0x00000] in <314938d17f3848e8ac683e11b27f62ee>:0 
  at UnityEditor.EditorAssemblies.ProcessInitializeOnLoadMethodAttributes () [0x00056] in <0a4d86c6e1e443e4b37da89bc22f5b9c>:0 
UnityEngine.Debug:ExtractStackTraceNoAlloc (byte*,int,string)
UnityEngine.StackTraceUtility:ExtractStackTrace ()
UnityEngine.DebugLogHandler:Internal_Log (UnityEngine.LogType,UnityEngine.LogOption,string,UnityEngine.Object)
UnityEngine.DebugLogHandler:LogFormat (UnityEngine.LogType,UnityEngine.Object,string,object[])
UnityEngine.Logger:Log (UnityEngine.LogType,object)
UnityEngine.Debug:LogError (object)
UnityEditor.EditorAssemblies:ProcessInitializeOnLoadMethodAttributes ()

[Package Manager] Failed to launch server process. Reason: Unity was launched with the -noUpm command-line argument
[Package Manager] Unable to send message (not connected to server process).
[Package Manager] Cannot connect to Unity Package Manager local server
Failed to get package versions: Cannot connect to Unity Package Manager local server
UnityEngine.Debug:ExtractStackTraceNoAlloc (byte*,int,string)
UnityEngine.StackTraceUtility:ExtractStackTrace ()
UnityEngine.DebugLogHandler:Internal_Log (UnityEngine.LogType,UnityEngine.LogOption,string,UnityEngine.Object)
UnityEngine.DebugLogHandler:LogFormat (UnityEngine.LogType,UnityEngine.Object,string,object[])
UnityEngine.Logger:Log (UnityEngine.LogType,object)
UnityEngine.Debug:LogWarning (object)
Unity.XR.CoreUtils.Editor.PackageVersionUtility:UpdatePackageVersions () (at ./Library/PackageCache/com.unity.xr.core-utils@5b282bc7378d/Editor/ProjectValidation/PackageVersionUtility.cs:59)
Unity.XR.CoreUtils.Editor.PackageVersionUtility:GetPackageVersion (string) (at ./Library/PackageCache/com.unity.xr.core-utils@5b282bc7378d/Editor/ProjectValidation/PackageVersionUtility.cs:77)
UnityEditor.XR.Interaction.Toolkit.Samples.Hands.Editor.HandsSampleProjectValidation:.cctor () (at Assets/Samples/XR Interaction Toolkit/3.0.8/Hands Interaction Demo/Editor/Scripts/HandsSampleProjectValidation.cs:34)
System.Reflection.RuntimeMethodInfo:Invoke (object,System.Reflection.BindingFlags,System.Reflection.Binder,object[],System.Globalization.CultureInfo)
System.Reflection.MethodBase:Invoke (object,object[])
UnityEditor.EditorAssemblies:ProcessInitializeOnLoadMethodAttributes ()

(Filename: ./Library/PackageCache/com.unity.xr.core-utils@5b282bc7378d/Editor/ProjectValidation/PackageVersionUtility.cs Line: 59)

[MODES] ModeService[none].Initialize
[MODES] ModeService[none].LoadModes
Mono: successfully reloaded assembly
[Package Manager] Failed to launch server process. Reason: Unity was launched with the -noUpm command-line argument
[Package Manager] Unable to send message (not connected to server process).
[Package Manager] Cannot connect to Unity Package Manager local server
- Finished resetting the current domain, in  0.602 seconds
Domain Reload Profiling: 1145ms
	BeginReloadAssembly (137ms)
		ExecutionOrderSort (0ms)
		DisableScriptedObjects (4ms)
		BackupInstance (0ms)
		ReleaseScriptingObjects (0ms)
		CreateAndSetChildDomain (35ms)
	RebuildCommonClasses (23ms)
	RebuildNativeTypeToScriptingClass (8ms)
	initialDomainReloadingComplete (20ms)
	LoadAllAssembliesAndSetupDomain (353ms)
		LoadAssemblies (259ms)
		RebuildTransferFunctionScriptingTraits (0ms)
		AnalyzeDomain (158ms)
			TypeCache.Refresh (8ms)
				TypeCache.ScanAssembly (0ms)
			BuildScriptInfoCaches (141ms)
			ResolveRequiredComponents (6ms)
	FinalizeReload (602ms)
		ReleaseScriptCaches (0ms)
		RebuildScriptCaches (0ms)
		SetupLoadedEditorAssemblies (510ms)
			LogAssemblyErrors (0ms)
			InitializePlatformSupportModulesInManaged (8ms)
			SetLoadedEditorAssemblies (5ms)
			BeforeProcessingInitializeOnLoad (81ms)
			ProcessInitializeOnLoadAttributes (311ms)
			ProcessInitializeOnLoadMethodAttributes (101ms)
			AfterProcessingInitializeOnLoad (4ms)
			EditorAssembliesLoaded (0ms)
		ExecutionOrderSort2 (0ms)
		AwakeInstancesAfterBackupRestoration (5ms)
Shader 'WFX/Transparent Specular': fallback shader 'Particles/Alpha Blended' not found
Shader 'WFX/Transparent Diffuse': fallback shader 'Particles/Alpha Blended' not found
Refreshing native plugins compatible for Editor in 6.96 ms, found 13 plugins.
Preloading 1 native plugins for Editor in 0.05 ms.
Unloading 51 Unused Serialized files (Serialized files now loaded: 0)
Unloading 7067 unused Assets / (5.9 MB). Loaded Objects now: 7623.
Memory consumption went from 192.0 MB to 186.1 MB.
Total: 7.565100 ms (FindLiveObjects: 0.598800 ms CreateObjectMapping: 0.460700 ms MarkObjects: 4.525600 ms  DeleteObjects: 1.978900 ms)

Prepare: number of updated asset objects reloaded= 0
========================================================================
Received Prepare
Begin MonoManager ReloadAssembly
Symbol file LoadedFromMemory is not a mono symbol file
- Loaded All Assemblies, in  0.524 seconds
Refreshing native plugins compatible for Editor in 5.55 ms, found 13 plugins.
Native extension for Android target not found
Native extension for WindowsStandalone target not found
[Package Manager] Failed to launch server process. Reason: Unity was launched with the -noUpm command-line argument
[Package Manager] Unable to send message (not connected to server process).
[Package Manager] Cannot connect to Unity Package Manager local server
System.Reflection.TargetInvocationException: Exception has been thrown by the target of an invocation. ---> System.NullReferenceException: Object reference not set to an instance of an object
  at Unity.XR.Oculus.OculusLoader.AssetPathToAbsolutePath (System.String assetPath) [0x0003d] in .\Library\PackageCache\com.unity.xr.oculus@f23ad2c521e1\Runtime\OculusLoader.cs:312 
  at Unity.XR.Oculus.OculusLoader.EditorLoadOVRPlugin () [0x0008c] in .\Library\PackageCache\com.unity.xr.oculus@f23ad2c521e1\Runtime\OculusLoader.cs:297 
  at (wrapper managed-to-native) System.Reflection.RuntimeMethodInfo.InternalInvoke(System.Reflection.RuntimeMethodInfo,object,object[],System.Exception&)
  at System.Reflection.RuntimeMethodInfo.Invoke (System.Object obj, System.Reflection.BindingFlags invokeAttr, System.Reflection.Binder binder, System.Object[] parameters, System.Globalization.CultureInfo culture) [0x0006a] in <314938d17f3848e8ac683e11b27f62ee>:0 
   --- End of inner exception stack trace ---
  at System.Reflection.RuntimeMethodInfo.Invoke (System.Object obj, System.Reflection.BindingFlags invokeAttr, System.Reflection.Binder binder, System.Object[] parameters, System.Globalization.CultureInfo culture) [0x00083] in <314938d17f3848e8ac683e11b27f62ee>:0 
  at System.Reflection.MethodBase.Invoke (System.Object obj, System.Object[] parameters) [0x00000] in <314938d17f3848e8ac683e11b27f62ee>:0 
  at UnityEditor.EditorAssemblies.ProcessInitializeOnLoadMethodAttributes () [0x00056] in <0a4d86c6e1e443e4b37da89bc22f5b9c>:0 
UnityEngine.Debug:ExtractStackTraceNoAlloc (byte*,int,string)
UnityEngine.StackTraceUtility:ExtractStackTrace ()
UnityEngine.DebugLogHandler:Internal_Log (UnityEngine.LogType,UnityEngine.LogOption,string,UnityEngine.Object)
UnityEngine.DebugLogHandler:LogFormat (UnityEngine.LogType,UnityEngine.Object,string,object[])
UnityEngine.Logger:Log (UnityEngine.LogType,object)
UnityEngine.Debug:LogError (object)
UnityEditor.EditorAssemblies:ProcessInitializeOnLoadMethodAttributes ()

[Package Manager] Failed to launch server process. Reason: Unity was launched with the -noUpm command-line argument
[Package Manager] Unable to send message (not connected to server process).
[Package Manager] Cannot connect to Unity Package Manager local server
Failed to get package versions: Cannot connect to Unity Package Manager local server
UnityEngine.Debug:ExtractStackTraceNoAlloc (byte*,int,string)
UnityEngine.StackTraceUtility:ExtractStackTrace ()
UnityEngine.DebugLogHandler:Internal_Log (UnityEngine.LogType,UnityEngine.LogOption,string,UnityEngine.Object)
UnityEngine.DebugLogHandler:LogFormat (UnityEngine.LogType,UnityEngine.Object,string,object[])
UnityEngine.Logger:Log (UnityEngine.LogType,object)
UnityEngine.Debug:LogWarning (object)
Unity.XR.CoreUtils.Editor.PackageVersionUtility:UpdatePackageVersions () (at ./Library/PackageCache/com.unity.xr.core-utils@5b282bc7378d/Editor/ProjectValidation/PackageVersionUtility.cs:59)
Unity.XR.CoreUtils.Editor.PackageVersionUtility:GetPackageVersion (string) (at ./Library/PackageCache/com.unity.xr.core-utils@5b282bc7378d/Editor/ProjectValidation/PackageVersionUtility.cs:77)
UnityEditor.XR.Interaction.Toolkit.Samples.Hands.Editor.HandsSampleProjectValidation:.cctor () (at Assets/Samples/XR Interaction Toolkit/3.0.8/Hands Interaction Demo/Editor/Scripts/HandsSampleProjectValidation.cs:34)
System.Reflection.RuntimeMethodInfo:Invoke (object,System.Reflection.BindingFlags,System.Reflection.Binder,object[],System.Globalization.CultureInfo)
System.Reflection.MethodBase:Invoke (object,object[])
UnityEditor.EditorAssemblies:ProcessInitializeOnLoadMethodAttributes ()

(Filename: ./Library/PackageCache/com.unity.xr.core-utils@5b282bc7378d/Editor/ProjectValidation/PackageVersionUtility.cs Line: 59)

[MODES] ModeService[none].Initialize
[MODES] ModeService[none].LoadModes
Mono: successfully reloaded assembly
[Package Manager] Failed to launch server process. Reason: Unity was launched with the -noUpm command-line argument
[Package Manager] Unable to send message (not connected to server process).
[Package Manager] Cannot connect to Unity Package Manager local server
- Finished resetting the current domain, in  0.592 seconds
Domain Reload Profiling: 1118ms
	BeginReloadAssembly (134ms)
		ExecutionOrderSort (0ms)
		DisableScriptedObjects (4ms)
		BackupInstance (0ms)
		ReleaseScriptingObjects (0ms)
		CreateAndSetChildDomain (35ms)
	RebuildCommonClasses (24ms)
	RebuildNativeTypeToScriptingClass (8ms)
	initialDomainReloadingComplete (19ms)
	LoadAllAssembliesAndSetupDomain (340ms)
		LoadAssemblies (247ms)
		RebuildTransferFunctionScriptingTraits (0ms)
		AnalyzeDomain (154ms)
			TypeCache.Refresh (8ms)
				TypeCache.ScanAssembly (0ms)
			BuildScriptInfoCaches (137ms)
			ResolveRequiredComponents (6ms)
	FinalizeReload (593ms)
		ReleaseScriptCaches (0ms)
		RebuildScriptCaches (0ms)
		SetupLoadedEditorAssemblies (500ms)
			LogAssemblyErrors (0ms)
			InitializePlatformSupportModulesInManaged (8ms)
			SetLoadedEditorAssemblies (4ms)
			BeforeProcessingInitializeOnLoad (78ms)
			ProcessInitializeOnLoadAttributes (303ms)
			ProcessInitializeOnLoadMethodAttributes (101ms)
			AfterProcessingInitializeOnLoad (5ms)
			EditorAssembliesLoaded (0ms)
		ExecutionOrderSort2 (0ms)
		AwakeInstancesAfterBackupRestoration (4ms)
Shader 'WFX/Transparent Specular': fallback shader 'Particles/Alpha Blended' not found
Shader 'WFX/Transparent Diffuse': fallback shader 'Particles/Alpha Blended' not found
Refreshing native plugins compatible for Editor in 5.16 ms, found 13 plugins.
Preloading 1 native plugins for Editor in 0.05 ms.
Unloading 51 Unused Serialized files (Serialized files now loaded: 0)
Unloading 7067 unused Assets / (6.0 MB). Loaded Objects now: 7626.
Memory consumption went from 192.0 MB to 186.0 MB.
Total: 6.305500 ms (FindLiveObjects: 0.417600 ms CreateObjectMapping: 0.255700 ms MarkObjects: 3.857500 ms  DeleteObjects: 1.774100 ms)

Prepare: number of updated asset objects reloaded= 0
========================================================================
Received Prepare
Begin MonoManager ReloadAssembly
Symbol file LoadedFromMemory is not a mono symbol file
- Loaded All Assemblies, in  0.531 seconds
Refreshing native plugins compatible for Editor in 5.58 ms, found 13 plugins.
Native extension for Android target not found
Native extension for WindowsStandalone target not found
[Package Manager] Failed to launch server process. Reason: Unity was launched with the -noUpm command-line argument
[Package Manager] Unable to send message (not connected to server process).
[Package Manager] Cannot connect to Unity Package Manager local server
System.Reflection.TargetInvocationException: Exception has been thrown by the target of an invocation. ---> System.NullReferenceException: Object reference not set to an instance of an object
  at Unity.XR.Oculus.OculusLoader.AssetPathToAbsolutePath (System.String assetPath) [0x0003d] in .\Library\PackageCache\com.unity.xr.oculus@f23ad2c521e1\Runtime\OculusLoader.cs:312 
  at Unity.XR.Oculus.OculusLoader.EditorLoadOVRPlugin () [0x0008c] in .\Library\PackageCache\com.unity.xr.oculus@f23ad2c521e1\Runtime\OculusLoader.cs:297 
  at (wrapper managed-to-native) System.Reflection.RuntimeMethodInfo.InternalInvoke(System.Reflection.RuntimeMethodInfo,object,object[],System.Exception&)
  at System.Reflection.RuntimeMethodInfo.Invoke (System.Object obj, System.Reflection.BindingFlags invokeAttr, System.Reflection.Binder binder, System.Object[] parameters, System.Globalization.CultureInfo culture) [0x0006a] in <314938d17f3848e8ac683e11b27f62ee>:0 
   --- End of inner exception stack trace ---
  at System.Reflection.RuntimeMethodInfo.Invoke (System.Object obj, System.Reflection.BindingFlags invokeAttr, System.Reflection.Binder binder, System.Object[] parameters, System.Globalization.CultureInfo culture) [0x00083] in <314938d17f3848e8ac683e11b27f62ee>:0 
  at System.Reflection.MethodBase.Invoke (System.Object obj, System.Object[] parameters) [0x00000] in <314938d17f3848e8ac683e11b27f62ee>:0 
  at UnityEditor.EditorAssemblies.ProcessInitializeOnLoadMethodAttributes () [0x00056] in <0a4d86c6e1e443e4b37da89bc22f5b9c>:0 
UnityEngine.Debug:ExtractStackTraceNoAlloc (byte*,int,string)
UnityEngine.StackTraceUtility:ExtractStackTrace ()
UnityEngine.DebugLogHandler:Internal_Log (UnityEngine.LogType,UnityEngine.LogOption,string,UnityEngine.Object)
UnityEngine.DebugLogHandler:LogFormat (UnityEngine.LogType,UnityEngine.Object,string,object[])
UnityEngine.Logger:Log (UnityEngine.LogType,object)
UnityEngine.Debug:LogError (object)
UnityEditor.EditorAssemblies:ProcessInitializeOnLoadMethodAttributes ()

[Package Manager] Failed to launch server process. Reason: Unity was launched with the -noUpm command-line argument
[Package Manager] Unable to send message (not connected to server process).
[Package Manager] Cannot connect to Unity Package Manager local server
Failed to get package versions: Cannot connect to Unity Package Manager local server
UnityEngine.Debug:ExtractStackTraceNoAlloc (byte*,int,string)
UnityEngine.StackTraceUtility:ExtractStackTrace ()
UnityEngine.DebugLogHandler:Internal_Log (UnityEngine.LogType,UnityEngine.LogOption,string,UnityEngine.Object)
UnityEngine.DebugLogHandler:LogFormat (UnityEngine.LogType,UnityEngine.Object,string,object[])
UnityEngine.Logger:Log (UnityEngine.LogType,object)
UnityEngine.Debug:LogWarning (object)
Unity.XR.CoreUtils.Editor.PackageVersionUtility:UpdatePackageVersions () (at ./Library/PackageCache/com.unity.xr.core-utils@5b282bc7378d/Editor/ProjectValidation/PackageVersionUtility.cs:59)
Unity.XR.CoreUtils.Editor.PackageVersionUtility:GetPackageVersion (string) (at ./Library/PackageCache/com.unity.xr.core-utils@5b282bc7378d/Editor/ProjectValidation/PackageVersionUtility.cs:77)
UnityEditor.XR.Interaction.Toolkit.Samples.Hands.Editor.HandsSampleProjectValidation:.cctor () (at Assets/Samples/XR Interaction Toolkit/3.0.8/Hands Interaction Demo/Editor/Scripts/HandsSampleProjectValidation.cs:34)
System.Reflection.RuntimeMethodInfo:Invoke (object,System.Reflection.BindingFlags,System.Reflection.Binder,object[],System.Globalization.CultureInfo)
System.Reflection.MethodBase:Invoke (object,object[])
UnityEditor.EditorAssemblies:ProcessInitializeOnLoadMethodAttributes ()

(Filename: ./Library/PackageCache/com.unity.xr.core-utils@5b282bc7378d/Editor/ProjectValidation/PackageVersionUtility.cs Line: 59)

[MODES] ModeService[none].Initialize
[MODES] ModeService[none].LoadModes
Mono: successfully reloaded assembly
[Package Manager] Failed to launch server process. Reason: Unity was launched with the -noUpm command-line argument
[Package Manager] Unable to send message (not connected to server process).
[Package Manager] Cannot connect to Unity Package Manager local server
- Finished resetting the current domain, in  0.599 seconds
Domain Reload Profiling: 1131ms
	BeginReloadAssembly (132ms)
		ExecutionOrderSort (0ms)
		DisableScriptedObjects (3ms)
		BackupInstance (0ms)
		ReleaseScriptingObjects (0ms)
		CreateAndSetChildDomain (34ms)
	RebuildCommonClasses (24ms)
	RebuildNativeTypeToScriptingClass (8ms)
	initialDomainReloadingComplete (22ms)
	LoadAllAssembliesAndSetupDomain (346ms)
		LoadAssemblies (253ms)
		RebuildTransferFunctionScriptingTraits (0ms)
		AnalyzeDomain (153ms)
			TypeCache.Refresh (6ms)
				TypeCache.ScanAssembly (0ms)
			BuildScriptInfoCaches (139ms)
			ResolveRequiredComponents (6ms)
	FinalizeReload (600ms)
		ReleaseScriptCaches (0ms)
		RebuildScriptCaches (0ms)
		SetupLoadedEditorAssemblies (507ms)
			LogAssemblyErrors (0ms)
			InitializePlatformSupportModulesInManaged (8ms)
			SetLoadedEditorAssemblies (7ms)
			BeforeProcessingInitializeOnLoad (82ms)
			ProcessInitializeOnLoadAttributes (306ms)
			ProcessInitializeOnLoadMethodAttributes (101ms)
			AfterProcessingInitializeOnLoad (4ms)
			EditorAssembliesLoaded (0ms)
		ExecutionOrderSort2 (0ms)
		AwakeInstancesAfterBackupRestoration (4ms)
Shader 'WFX/Transparent Specular': fallback shader 'Particles/Alpha Blended' not found
Shader 'WFX/Transparent Diffuse': fallback shader 'Particles/Alpha Blended' not found
Refreshing native plugins compatible for Editor in 10.83 ms, found 13 plugins.
Preloading 1 native plugins for Editor in 0.07 ms.
Unloading 51 Unused Serialized files (Serialized files now loaded: 0)
Unloading 7067 unused Assets / (5.9 MB). Loaded Objects now: 7629.
Memory consumption went from 193.9 MB to 188.0 MB.
Total: 12.477500 ms (FindLiveObjects: 0.924400 ms CreateObjectMapping: 0.458600 ms MarkObjects: 7.573900 ms  DeleteObjects: 3.519000 ms)

Prepare: number of updated asset objects reloaded= 0
========================================================================
Received Prepare
Begin MonoManager ReloadAssembly
Symbol file LoadedFromMemory is not a mono symbol file
- Loaded All Assemblies, in  0.532 seconds
Refreshing native plugins compatible for Editor in 5.82 ms, found 13 plugins.
Native extension for Android target not found
Native extension for WindowsStandalone target not found
[Package Manager] Failed to launch server process. Reason: Unity was launched with the -noUpm command-line argument
[Package Manager] Unable to send message (not connected to server process).
[Package Manager] Cannot connect to Unity Package Manager local server
System.Reflection.TargetInvocationException: Exception has been thrown by the target of an invocation. ---> System.NullReferenceException: Object reference not set to an instance of an object
  at Unity.XR.Oculus.OculusLoader.AssetPathToAbsolutePath (System.String assetPath) [0x0003d] in .\Library\PackageCache\com.unity.xr.oculus@f23ad2c521e1\Runtime\OculusLoader.cs:312 
  at Unity.XR.Oculus.OculusLoader.EditorLoadOVRPlugin () [0x0008c] in .\Library\PackageCache\com.unity.xr.oculus@f23ad2c521e1\Runtime\OculusLoader.cs:297 
  at (wrapper managed-to-native) System.Reflection.RuntimeMethodInfo.InternalInvoke(System.Reflection.RuntimeMethodInfo,object,object[],System.Exception&)
  at System.Reflection.RuntimeMethodInfo.Invoke (System.Object obj, System.Reflection.BindingFlags invokeAttr, System.Reflection.Binder binder, System.Object[] parameters, System.Globalization.CultureInfo culture) [0x0006a] in <314938d17f3848e8ac683e11b27f62ee>:0 
   --- End of inner exception stack trace ---
  at System.Reflection.RuntimeMethodInfo.Invoke (System.Object obj, System.Reflection.BindingFlags invokeAttr, System.Reflection.Binder binder, System.Object[] parameters, System.Globalization.CultureInfo culture) [0x00083] in <314938d17f3848e8ac683e11b27f62ee>:0 
  at System.Reflection.MethodBase.Invoke (System.Object obj, System.Object[] parameters) [0x00000] in <314938d17f3848e8ac683e11b27f62ee>:0 
  at UnityEditor.EditorAssemblies.ProcessInitializeOnLoadMethodAttributes () [0x00056] in <0a4d86c6e1e443e4b37da89bc22f5b9c>:0 
UnityEngine.Debug:ExtractStackTraceNoAlloc (byte*,int,string)
UnityEngine.StackTraceUtility:ExtractStackTrace ()
UnityEngine.DebugLogHandler:Internal_Log (UnityEngine.LogType,UnityEngine.LogOption,string,UnityEngine.Object)
UnityEngine.DebugLogHandler:LogFormat (UnityEngine.LogType,UnityEngine.Object,string,object[])
UnityEngine.Logger:Log (UnityEngine.LogType,object)
UnityEngine.Debug:LogError (object)
UnityEditor.EditorAssemblies:ProcessInitializeOnLoadMethodAttributes ()

[Package Manager] Failed to launch server process. Reason: Unity was launched with the -noUpm command-line argument
[Package Manager] Unable to send message (not connected to server process).
[Package Manager] Cannot connect to Unity Package Manager local server
Failed to get package versions: Cannot connect to Unity Package Manager local server
UnityEngine.Debug:ExtractStackTraceNoAlloc (byte*,int,string)
UnityEngine.StackTraceUtility:ExtractStackTrace ()
UnityEngine.DebugLogHandler:Internal_Log (UnityEngine.LogType,UnityEngine.LogOption,string,UnityEngine.Object)
UnityEngine.DebugLogHandler:LogFormat (UnityEngine.LogType,UnityEngine.Object,string,object[])
UnityEngine.Logger:Log (UnityEngine.LogType,object)
UnityEngine.Debug:LogWarning (object)
Unity.XR.CoreUtils.Editor.PackageVersionUtility:UpdatePackageVersions () (at ./Library/PackageCache/com.unity.xr.core-utils@5b282bc7378d/Editor/ProjectValidation/PackageVersionUtility.cs:59)
Unity.XR.CoreUtils.Editor.PackageVersionUtility:GetPackageVersion (string) (at ./Library/PackageCache/com.unity.xr.core-utils@5b282bc7378d/Editor/ProjectValidation/PackageVersionUtility.cs:77)
UnityEditor.XR.Interaction.Toolkit.Samples.Hands.Editor.HandsSampleProjectValidation:.cctor () (at Assets/Samples/XR Interaction Toolkit/3.0.8/Hands Interaction Demo/Editor/Scripts/HandsSampleProjectValidation.cs:34)
System.Reflection.RuntimeMethodInfo:Invoke (object,System.Reflection.BindingFlags,System.Reflection.Binder,object[],System.Globalization.CultureInfo)
System.Reflection.MethodBase:Invoke (object,object[])
UnityEditor.EditorAssemblies:ProcessInitializeOnLoadMethodAttributes ()

(Filename: ./Library/PackageCache/com.unity.xr.core-utils@5b282bc7378d/Editor/ProjectValidation/PackageVersionUtility.cs Line: 59)

[MODES] ModeService[none].Initialize
[MODES] ModeService[none].LoadModes
Mono: successfully reloaded assembly
[Package Manager] Failed to launch server process. Reason: Unity was launched with the -noUpm command-line argument
[Package Manager] Unable to send message (not connected to server process).
[Package Manager] Cannot connect to Unity Package Manager local server
- Finished resetting the current domain, in  0.606 seconds
Domain Reload Profiling: 1139ms
	BeginReloadAssembly (132ms)
		ExecutionOrderSort (0ms)
		DisableScriptedObjects (4ms)
		BackupInstance (0ms)
		ReleaseScriptingObjects (0ms)
		CreateAndSetChildDomain (34ms)
	RebuildCommonClasses (24ms)
	RebuildNativeTypeToScriptingClass (8ms)
	initialDomainReloadingComplete (20ms)
	LoadAllAssembliesAndSetupDomain (348ms)
		LoadAssemblies (252ms)
		RebuildTransferFunctionScriptingTraits (0ms)
		AnalyzeDomain (156ms)
			TypeCache.Refresh (6ms)
				TypeCache.ScanAssembly (0ms)
			BuildScriptInfoCaches (141ms)
			ResolveRequiredComponents (6ms)
	FinalizeReload (606ms)
		ReleaseScriptCaches (0ms)
		RebuildScriptCaches (0ms)
		SetupLoadedEditorAssemblies (512ms)
			LogAssemblyErrors (0ms)
			InitializePlatformSupportModulesInManaged (9ms)
			SetLoadedEditorAssemblies (5ms)
			BeforeProcessingInitializeOnLoad (82ms)
			ProcessInitializeOnLoadAttributes (311ms)
			ProcessInitializeOnLoadMethodAttributes (101ms)
			AfterProcessingInitializeOnLoad (5ms)
			EditorAssembliesLoaded (0ms)
		ExecutionOrderSort2 (0ms)
		AwakeInstancesAfterBackupRestoration (5ms)
Shader 'WFX/Transparent Specular': fallback shader 'Particles/Alpha Blended' not found
Shader 'WFX/Transparent Diffuse': fallback shader 'Particles/Alpha Blended' not found
Refreshing native plugins compatible for Editor in 8.06 ms, found 13 plugins.
Preloading 1 native plugins for Editor in 0.06 ms.
Unloading 51 Unused Serialized files (Serialized files now loaded: 0)
Unloading 7067 unused Assets / (5.9 MB). Loaded Objects now: 7632.
Memory consumption went from 193.9 MB to 188.0 MB.
Total: 11.287400 ms (FindLiveObjects: 0.935800 ms CreateObjectMapping: 0.440200 ms MarkObjects: 6.658800 ms  DeleteObjects: 3.251100 ms)

Prepare: number of updated asset objects reloaded= 0
========================================================================
Received Prepare
Begin MonoManager ReloadAssembly
Symbol file LoadedFromMemory is not a mono symbol file
- Loaded All Assemblies, in  0.536 seconds
Refreshing native plugins compatible for Editor in 5.90 ms, found 13 plugins.
Native extension for Android target not found
Native extension for WindowsStandalone target not found
[Package Manager] Failed to launch server process. Reason: Unity was launched with the -noUpm command-line argument
[Package Manager] Unable to send message (not connected to server process).
[Package Manager] Cannot connect to Unity Package Manager local server
System.Reflection.TargetInvocationException: Exception has been thrown by the target of an invocation. ---> System.NullReferenceException: Object reference not set to an instance of an object
  at Unity.XR.Oculus.OculusLoader.AssetPathToAbsolutePath (System.String assetPath) [0x0003d] in .\Library\PackageCache\com.unity.xr.oculus@f23ad2c521e1\Runtime\OculusLoader.cs:312 
  at Unity.XR.Oculus.OculusLoader.EditorLoadOVRPlugin () [0x0008c] in .\Library\PackageCache\com.unity.xr.oculus@f23ad2c521e1\Runtime\OculusLoader.cs:297 
  at (wrapper managed-to-native) System.Reflection.RuntimeMethodInfo.InternalInvoke(System.Reflection.RuntimeMethodInfo,object,object[],System.Exception&)
  at System.Reflection.RuntimeMethodInfo.Invoke (System.Object obj, System.Reflection.BindingFlags invokeAttr, System.Reflection.Binder binder, System.Object[] parameters, System.Globalization.CultureInfo culture) [0x0006a] in <314938d17f3848e8ac683e11b27f62ee>:0 
   --- End of inner exception stack trace ---
  at System.Reflection.RuntimeMethodInfo.Invoke (System.Object obj, System.Reflection.BindingFlags invokeAttr, System.Reflection.Binder binder, System.Object[] parameters, System.Globalization.CultureInfo culture) [0x00083] in <314938d17f3848e8ac683e11b27f62ee>:0 
  at System.Reflection.MethodBase.Invoke (System.Object obj, System.Object[] parameters) [0x00000] in <314938d17f3848e8ac683e11b27f62ee>:0 
  at UnityEditor.EditorAssemblies.ProcessInitializeOnLoadMethodAttributes () [0x00056] in <0a4d86c6e1e443e4b37da89bc22f5b9c>:0 
UnityEngine.Debug:ExtractStackTraceNoAlloc (byte*,int,string)
UnityEngine.StackTraceUtility:ExtractStackTrace ()
UnityEngine.DebugLogHandler:Internal_Log (UnityEngine.LogType,UnityEngine.LogOption,string,UnityEngine.Object)
UnityEngine.DebugLogHandler:LogFormat (UnityEngine.LogType,UnityEngine.Object,string,object[])
UnityEngine.Logger:Log (UnityEngine.LogType,object)
UnityEngine.Debug:LogError (object)
UnityEditor.EditorAssemblies:ProcessInitializeOnLoadMethodAttributes ()

[Package Manager] Failed to launch server process. Reason: Unity was launched with the -noUpm command-line argument
[Package Manager] Unable to send message (not connected to server process).
[Package Manager] Cannot connect to Unity Package Manager local server
Failed to get package versions: Cannot connect to Unity Package Manager local server
UnityEngine.Debug:ExtractStackTraceNoAlloc (byte*,int,string)
UnityEngine.StackTraceUtility:ExtractStackTrace ()
UnityEngine.DebugLogHandler:Internal_Log (UnityEngine.LogType,UnityEngine.LogOption,string,UnityEngine.Object)
UnityEngine.DebugLogHandler:LogFormat (UnityEngine.LogType,UnityEngine.Object,string,object[])
UnityEngine.Logger:Log (UnityEngine.LogType,object)
UnityEngine.Debug:LogWarning (object)
Unity.XR.CoreUtils.Editor.PackageVersionUtility:UpdatePackageVersions () (at ./Library/PackageCache/com.unity.xr.core-utils@5b282bc7378d/Editor/ProjectValidation/PackageVersionUtility.cs:59)
Unity.XR.CoreUtils.Editor.PackageVersionUtility:GetPackageVersion (string) (at ./Library/PackageCache/com.unity.xr.core-utils@5b282bc7378d/Editor/ProjectValidation/PackageVersionUtility.cs:77)
UnityEditor.XR.Interaction.Toolkit.Samples.Hands.Editor.HandsSampleProjectValidation:.cctor () (at Assets/Samples/XR Interaction Toolkit/3.0.8/Hands Interaction Demo/Editor/Scripts/HandsSampleProjectValidation.cs:34)
System.Reflection.RuntimeMethodInfo:Invoke (object,System.Reflection.BindingFlags,System.Reflection.Binder,object[],System.Globalization.CultureInfo)
System.Reflection.MethodBase:Invoke (object,object[])
UnityEditor.EditorAssemblies:ProcessInitializeOnLoadMethodAttributes ()

(Filename: ./Library/PackageCache/com.unity.xr.core-utils@5b282bc7378d/Editor/ProjectValidation/PackageVersionUtility.cs Line: 59)

[MODES] ModeService[none].Initialize
[MODES] ModeService[none].LoadModes
Mono: successfully reloaded assembly
[Package Manager] Failed to launch server process. Reason: Unity was launched with the -noUpm command-line argument
[Package Manager] Unable to send message (not connected to server process).
[Package Manager] Cannot connect to Unity Package Manager local server
- Finished resetting the current domain, in  0.628 seconds
Domain Reload Profiling: 1166ms
	BeginReloadAssembly (133ms)
		ExecutionOrderSort (0ms)
		DisableScriptedObjects (4ms)
		BackupInstance (0ms)
		ReleaseScriptingObjects (0ms)
		CreateAndSetChildDomain (33ms)
	RebuildCommonClasses (25ms)
	RebuildNativeTypeToScriptingClass (9ms)
	initialDomainReloadingComplete (21ms)
	LoadAllAssembliesAndSetupDomain (349ms)
		LoadAssemblies (249ms)
		RebuildTransferFunctionScriptingTraits (0ms)
		AnalyzeDomain (162ms)
			TypeCache.Refresh (7ms)
				TypeCache.ScanAssembly (0ms)
			BuildScriptInfoCaches (145ms)
			ResolveRequiredComponents (6ms)
	FinalizeReload (629ms)
		ReleaseScriptCaches (0ms)
		RebuildScriptCaches (0ms)
		SetupLoadedEditorAssemblies (530ms)
			LogAssemblyErrors (0ms)
			InitializePlatformSupportModulesInManaged (8ms)
			SetLoadedEditorAssemblies (5ms)
			BeforeProcessingInitializeOnLoad (86ms)
			ProcessInitializeOnLoadAttributes (319ms)
			ProcessInitializeOnLoadMethodAttributes (107ms)
			AfterProcessingInitializeOnLoad (4ms)
			EditorAssembliesLoaded (0ms)
		ExecutionOrderSort2 (0ms)
		AwakeInstancesAfterBackupRestoration (5ms)
Shader 'WFX/Transparent Specular': fallback shader 'Particles/Alpha Blended' not found
Shader 'WFX/Transparent Diffuse': fallback shader 'Particles/Alpha Blended' not found
Refreshing native plugins compatible for Editor in 11.24 ms, found 13 plugins.
Preloading 1 native plugins for Editor in 0.06 ms.
Unloading 51 Unused Serialized files (Serialized files now loaded: 0)
Unloading 7067 unused Assets / (6.3 MB). Loaded Objects now: 7635.
Memory consumption went from 193.9 MB to 187.6 MB.
Total: 12.786700 ms (FindLiveObjects: 0.789600 ms CreateObjectMapping: 0.795800 ms MarkObjects: 6.935400 ms  DeleteObjects: 4.264400 ms)

Prepare: number of updated asset objects reloaded= 0
========================================================================
Received Prepare
Begin MonoManager ReloadAssembly
Symbol file LoadedFromMemory is not a mono symbol file
- Loaded All Assemblies, in  0.538 seconds
Refreshing native plugins compatible for Editor in 5.76 ms, found 13 plugins.
Native extension for Android target not found
Native extension for WindowsStandalone target not found
[Package Manager] Failed to launch server process. Reason: Unity was launched with the -noUpm command-line argument
[Package Manager] Unable to send message (not connected to server process).
[Package Manager] Cannot connect to Unity Package Manager local server
System.Reflection.TargetInvocationException: Exception has been thrown by the target of an invocation. ---> System.NullReferenceException: Object reference not set to an instance of an object
  at Unity.XR.Oculus.OculusLoader.AssetPathToAbsolutePath (System.String assetPath) [0x0003d] in .\Library\PackageCache\com.unity.xr.oculus@f23ad2c521e1\Runtime\OculusLoader.cs:312 
  at Unity.XR.Oculus.OculusLoader.EditorLoadOVRPlugin () [0x0008c] in .\Library\PackageCache\com.unity.xr.oculus@f23ad2c521e1\Runtime\OculusLoader.cs:297 
  at (wrapper managed-to-native) System.Reflection.RuntimeMethodInfo.InternalInvoke(System.Reflection.RuntimeMethodInfo,object,object[],System.Exception&)
  at System.Reflection.RuntimeMethodInfo.Invoke (System.Object obj, System.Reflection.BindingFlags invokeAttr, System.Reflection.Binder binder, System.Object[] parameters, System.Globalization.CultureInfo culture) [0x0006a] in <314938d17f3848e8ac683e11b27f62ee>:0 
   --- End of inner exception stack trace ---
  at System.Reflection.RuntimeMethodInfo.Invoke (System.Object obj, System.Reflection.BindingFlags invokeAttr, System.Reflection.Binder binder, System.Object[] parameters, System.Globalization.CultureInfo culture) [0x00083] in <314938d17f3848e8ac683e11b27f62ee>:0 
  at System.Reflection.MethodBase.Invoke (System.Object obj, System.Object[] parameters) [0x00000] in <314938d17f3848e8ac683e11b27f62ee>:0 
  at UnityEditor.EditorAssemblies.ProcessInitializeOnLoadMethodAttributes () [0x00056] in <0a4d86c6e1e443e4b37da89bc22f5b9c>:0 
UnityEngine.Debug:ExtractStackTraceNoAlloc (byte*,int,string)
UnityEngine.StackTraceUtility:ExtractStackTrace ()
UnityEngine.DebugLogHandler:Internal_Log (UnityEngine.LogType,UnityEngine.LogOption,string,UnityEngine.Object)
UnityEngine.DebugLogHandler:LogFormat (UnityEngine.LogType,UnityEngine.Object,string,object[])
UnityEngine.Logger:Log (UnityEngine.LogType,object)
UnityEngine.Debug:LogError (object)
UnityEditor.EditorAssemblies:ProcessInitializeOnLoadMethodAttributes ()

[Package Manager] Failed to launch server process. Reason: Unity was launched with the -noUpm command-line argument
[Package Manager] Unable to send message (not connected to server process).
[Package Manager] Cannot connect to Unity Package Manager local server
Failed to get package versions: Cannot connect to Unity Package Manager local server
UnityEngine.Debug:ExtractStackTraceNoAlloc (byte*,int,string)
UnityEngine.StackTraceUtility:ExtractStackTrace ()
UnityEngine.DebugLogHandler:Internal_Log (UnityEngine.LogType,UnityEngine.LogOption,string,UnityEngine.Object)
UnityEngine.DebugLogHandler:LogFormat (UnityEngine.LogType,UnityEngine.Object,string,object[])
UnityEngine.Logger:Log (UnityEngine.LogType,object)
UnityEngine.Debug:LogWarning (object)
Unity.XR.CoreUtils.Editor.PackageVersionUtility:UpdatePackageVersions () (at ./Library/PackageCache/com.unity.xr.core-utils@5b282bc7378d/Editor/ProjectValidation/PackageVersionUtility.cs:59)
Unity.XR.CoreUtils.Editor.PackageVersionUtility:GetPackageVersion (string) (at ./Library/PackageCache/com.unity.xr.core-utils@5b282bc7378d/Editor/ProjectValidation/PackageVersionUtility.cs:77)
UnityEditor.XR.Interaction.Toolkit.Samples.Hands.Editor.HandsSampleProjectValidation:.cctor () (at Assets/Samples/XR Interaction Toolkit/3.0.8/Hands Interaction Demo/Editor/Scripts/HandsSampleProjectValidation.cs:34)
System.Reflection.RuntimeMethodInfo:Invoke (object,System.Reflection.BindingFlags,System.Reflection.Binder,object[],System.Globalization.CultureInfo)
System.Reflection.MethodBase:Invoke (object,object[])
UnityEditor.EditorAssemblies:ProcessInitializeOnLoadMethodAttributes ()

(Filename: ./Library/PackageCache/com.unity.xr.core-utils@5b282bc7378d/Editor/ProjectValidation/PackageVersionUtility.cs Line: 59)

[MODES] ModeService[none].Initialize
[MODES] ModeService[none].LoadModes
Mono: successfully reloaded assembly
[Package Manager] Failed to launch server process. Reason: Unity was launched with the -noUpm command-line argument
[Package Manager] Unable to send message (not connected to server process).
[Package Manager] Cannot connect to Unity Package Manager local server
- Finished resetting the current domain, in  0.671 seconds
Domain Reload Profiling: 1209ms
	BeginReloadAssembly (134ms)
		ExecutionOrderSort (0ms)
		DisableScriptedObjects (3ms)
		BackupInstance (0ms)
		ReleaseScriptingObjects (0ms)
		CreateAndSetChildDomain (35ms)
	RebuildCommonClasses (24ms)
	RebuildNativeTypeToScriptingClass (8ms)
	initialDomainReloadingComplete (20ms)
	LoadAllAssembliesAndSetupDomain (353ms)
		LoadAssemblies (259ms)
		RebuildTransferFunctionScriptingTraits (0ms)
		AnalyzeDomain (155ms)
			TypeCache.Refresh (6ms)
				TypeCache.ScanAssembly (0ms)
			BuildScriptInfoCaches (139ms)
			ResolveRequiredComponents (6ms)
	FinalizeReload (671ms)
		ReleaseScriptCaches (0ms)
		RebuildScriptCaches (0ms)
		SetupLoadedEditorAssemblies (569ms)
			LogAssemblyErrors (0ms)
			InitializePlatformSupportModulesInManaged (9ms)
			SetLoadedEditorAssemblies (6ms)
			BeforeProcessingInitializeOnLoad (81ms)
			ProcessInitializeOnLoadAttributes (311ms)
			ProcessInitializeOnLoadMethodAttributes (156ms)
			AfterProcessingInitializeOnLoad (6ms)
			EditorAssembliesLoaded (0ms)
		ExecutionOrderSort2 (0ms)
		AwakeInstancesAfterBackupRestoration (6ms)
Shader 'WFX/Transparent Specular': fallback shader 'Particles/Alpha Blended' not found
Shader 'WFX/Transparent Diffuse': fallback shader 'Particles/Alpha Blended' not found
Refreshing native plugins compatible for Editor in 6.27 ms, found 13 plugins.
Preloading 1 native plugins for Editor in 0.08 ms.
Unloading 51 Unused Serialized files (Serialized files now loaded: 0)
Unloading 7067 unused Assets / (6.2 MB). Loaded Objects now: 7638.
Memory consumption went from 193.9 MB to 187.7 MB.
Total: 7.947200 ms (FindLiveObjects: 0.594700 ms CreateObjectMapping: 0.489700 ms MarkObjects: 4.433700 ms  DeleteObjects: 2.428200 ms)

Prepare: number of updated asset objects reloaded= 0
========================================================================
Received Import Request.
  Time since last request: 55687.757522 seconds.
  path: Assets/MonsterMutant 7/Base mesh/Base mesh MonsterMutant7.fbx
  artifactKey: Guid(e1af740f30dfdb14a9cbcc62f6e78120) Importer(815301076,1909f56bfc062723c751e8b465ee728b)
Start importing Assets/MonsterMutant 7/Base mesh/Base mesh MonsterMutant7.fbx using Guid(e1af740f30dfdb14a9cbcc62f6e78120) Importer(815301076,1909f56bfc062723c751e8b465ee728b) (PreviewImporter) -> (artifact id: '48b254b69c48304a41594152dfdeea9c') in 0.2358568 seconds
Number of updated asset objects reloaded before import = 0Number of asset objects unloaded after import = 395

========================================================================
Received Import Request.
  Time since last request: 0.000023 seconds.
  path: Assets/MonsterMutant 7/Animations/MutantMonster2@attack2.fbx
  artifactKey: Guid(af515c54dfd377849bb96c40962eeb8b) Importer(815301076,1909f56bfc062723c751e8b465ee728b)
Start importing Assets/MonsterMutant 7/Animations/MutantMonster2@attack2.fbx using Guid(af515c54dfd377849bb96c40962eeb8b) Importer(815301076,1909f56bfc062723c751e8b465ee728b) (PreviewImporter) -> (artifact id: 'a0f8a401a333a29ffc31a6f664ecdedc') in 0.0081667 seconds
Number of updated asset objects reloaded before import = 0Number of asset objects unloaded after import = 369

========================================================================
Received Import Request.
  Time since last request: 0.000022 seconds.
  path: Assets/Samples/XR Interaction Toolkit/3.0.8/Hands Interaction Demo/HandsDemoSceneAssets/Models/Primitives/Cone.fbx
  artifactKey: Guid(30ab630b2b7264c1c85cca8ce81b06c3) Importer(815301076,1909f56bfc062723c751e8b465ee728b)
Start importing Assets/Samples/XR Interaction Toolkit/3.0.8/Hands Interaction Demo/HandsDemoSceneAssets/Models/Primitives/Cone.fbx using Guid(30ab630b2b7264c1c85cca8ce81b06c3) Importer(815301076,1909f56bfc062723c751e8b465ee728b) (PreviewImporter) -> (artifact id: '1dcf06fd2e58a9941060aa39b00ed8b2') in 0.0201535 seconds
Number of updated asset objects reloaded before import = 0Number of asset objects unloaded after import = 8

========================================================================
Received Import Request.
  Time since last request: 0.000016 seconds.
  path: Assets/Map/doom-classic-first-level-e1m1/source/e1m1.fbx
  artifactKey: Guid(2cf132009d66b4c1bbd077884a69e18f) Importer(815301076,1909f56bfc062723c751e8b465ee728b)
Start importing Assets/Map/doom-classic-first-level-e1m1/source/e1m1.fbx using Guid(2cf132009d66b4c1bbd077884a69e18f) Importer(815301076,1909f56bfc062723c751e8b465ee728b) (PreviewImporter) -> (artifact id: 'b375e362bb21e45901f91293c0cd0de1') in 0.3234208 seconds
Number of updated asset objects reloaded before import = 0Number of asset objects unloaded after import = 128

========================================================================
Received Import Request.
  Time since last request: 0.000026 seconds.
  path: Assets/MonsterMutant 7/Animations/MutantMonster2@idle4.fbx
  artifactKey: Guid(f99826cf125796c48986fb76573937c1) Importer(815301076,1909f56bfc062723c751e8b465ee728b)
Start importing Assets/MonsterMutant 7/Animations/MutantMonster2@idle4.fbx using Guid(f99826cf125796c48986fb76573937c1) Importer(815301076,1909f56bfc062723c751e8b465ee728b) (PreviewImporter) -> (artifact id: '65bd8f380fc2f5b578c2538a788a8f68') in 0.0080717 seconds
Number of updated asset objects reloaded before import = 0Number of asset objects unloaded after import = 373

========================================================================
Received Import Request.
  Time since last request: 0.000031 seconds.
  path: Assets/MonsterMutant 7/Animations/MutantMonster2@attack1.fbx
  artifactKey: Guid(f79914c57a551874ea2cd694cfc58c72) Importer(815301076,1909f56bfc062723c751e8b465ee728b)
Start importing Assets/MonsterMutant 7/Animations/MutantMonster2@attack1.fbx using Guid(f79914c57a551874ea2cd694cfc58c72) Importer(815301076,1909f56bfc062723c751e8b465ee728b) (PreviewImporter) -> (artifact id: '39726e0fd541f5ba53f26a917744d46b') in 0.0096608 seconds
Number of updated asset objects reloaded before import = 0Number of asset objects unloaded after import = 369

========================================================================
Received Import Request.
  Time since last request: 0.000021 seconds.
  path: Assets/MonsterMutant 7/Animations/MutantMonster2@jump.fbx
  artifactKey: Guid(76c645383058c404ab9cea8478fecd5b) Importer(815301076,1909f56bfc062723c751e8b465ee728b)
Start importing Assets/MonsterMutant 7/Animations/MutantMonster2@jump.fbx using Guid(76c645383058c404ab9cea8478fecd5b) Importer(815301076,1909f56bfc062723c751e8b465ee728b) (PreviewImporter) -> (artifact id: 'a7a80876c18907345c2b3c929225fe35') in 0.0102835 seconds
Number of updated asset objects reloaded before import = 0Number of asset objects unloaded after import = 369

========================================================================
Received Import Request.
  Time since last request: 0.000019 seconds.
  path: Assets/FIRE_MUZ/WarFX/Mesh/CirclePlane12v.FBX
  artifactKey: Guid(3d152f67f64ca4e4a8b6fd7697f7bf25) Importer(815301076,1909f56bfc062723c751e8b465ee728b)
Start importing Assets/FIRE_MUZ/WarFX/Mesh/CirclePlane12v.FBX using Guid(3d152f67f64ca4e4a8b6fd7697f7bf25) Importer(815301076,1909f56bfc062723c751e8b465ee728b) (PreviewImporter) -> (artifact id: '6fb30e3f8367635edb9034b9b6e2caf1') in 0.008722 seconds
Number of updated asset objects reloaded before import = 0Number of asset objects unloaded after import = 8

========================================================================
Received Import Request.
  Time since last request: 0.000272 seconds.
  path: Assets/MonsterMutant 7/Animations/MutantMonster2@death1.fbx
  artifactKey: Guid(c1fab1f73c368b0499af28bc4aa0c3df) Importer(815301076,1909f56bfc062723c751e8b465ee728b)
Start importing Assets/MonsterMutant 7/Animations/MutantMonster2@death1.fbx using Guid(c1fab1f73c368b0499af28bc4aa0c3df) Importer(815301076,1909f56bfc062723c751e8b465ee728b) (PreviewImporter) -> (artifact id: 'b47a8f6c860e606392e59d6cc22215a3') in 0.0089437 seconds
Number of updated asset objects reloaded before import = 0Number of asset objects unloaded after import = 369

========================================================================
Received Import Request.
  Time since last request: 0.000013 seconds.
  path: Assets/Samples/XR Interaction Toolkit/3.0.8/Hands Interaction Demo/HandsDemoSceneAssets/Models/Chess/Chess_Pawn.fbx
  artifactKey: Guid(45b2a246bd435f74989d22078ec2752e) Importer(815301076,1909f56bfc062723c751e8b465ee728b)
Start importing Assets/Samples/XR Interaction Toolkit/3.0.8/Hands Interaction Demo/HandsDemoSceneAssets/Models/Chess/Chess_Pawn.fbx using Guid(45b2a246bd435f74989d22078ec2752e) Importer(815301076,1909f56bfc062723c751e8b465ee728b) (PreviewImporter) -> (artifact id: '957d398cb89695b364f0c48833f22936') in 0.015894 seconds
Number of updated asset objects reloaded before import = 0Number of asset objects unloaded after import = 9

========================================================================
Received Import Request.
  Time since last request: 0.000019 seconds.
  path: Assets/MonsterMutant 7/Animations/MutantMonster2@attack5.fbx
  artifactKey: Guid(92d174157c122a642868268ac09d6ee8) Importer(815301076,1909f56bfc062723c751e8b465ee728b)
Start importing Assets/MonsterMutant 7/Animations/MutantMonster2@attack5.fbx using Guid(92d174157c122a642868268ac09d6ee8) Importer(815301076,1909f56bfc062723c751e8b465ee728b) (PreviewImporter) -> (artifact id: '239cd56e6254f899af2a4890bf3ca98b') in 0.0080548 seconds
Number of updated asset objects reloaded before import = 0Number of asset objects unloaded after import = 369

========================================================================
Received Import Request.
  Time since last request: 0.000016 seconds.
  path: Assets/MonsterMutant 7/Animations/MutantMonster2@attack2LSpike.fbx
  artifactKey: Guid(466f69fe154193342be264de17608c49) Importer(815301076,1909f56bfc062723c751e8b465ee728b)
Start importing Assets/MonsterMutant 7/Animations/MutantMonster2@attack2LSpike.fbx using Guid(466f69fe154193342be264de17608c49) Importer(815301076,1909f56bfc062723c751e8b465ee728b) (PreviewImporter) -> (artifact id: '519611d11876ee7ef2f73a09563532c5') in 0.0072922 seconds
Number of updated asset objects reloaded before import = 0Number of asset objects unloaded after import = 369

========================================================================
Received Import Request.
  Time since last request: 0.000013 seconds.
  path: Assets/FIRE_MUZ/WarFX/Mesh/icosphere.fbx
  artifactKey: Guid(30b0c87680e76604a959637052b5e8ac) Importer(815301076,1909f56bfc062723c751e8b465ee728b)
Start importing Assets/FIRE_MUZ/WarFX/Mesh/icosphere.fbx using Guid(30b0c87680e76604a959637052b5e8ac) Importer(815301076,1909f56bfc062723c751e8b465ee728b) (PreviewImporter) -> (artifact id: '07968f5428d6e2a20b96df5c68f8b191') in 0.0078827 seconds
Number of updated asset objects reloaded before import = 0Number of asset objects unloaded after import = 8

========================================================================
Received Import Request.
  Time since last request: 0.000048 seconds.
  path: Assets/MonsterMutant 7/Animations/MutantMonster2@attack1RSpike.fbx
  artifactKey: Guid(c00512a763b262e49b64aff21e8dc1ea) Importer(815301076,1909f56bfc062723c751e8b465ee728b)
Start importing Assets/MonsterMutant 7/Animations/MutantMonster2@attack1RSpike.fbx using Guid(c00512a763b262e49b64aff21e8dc1ea) Importer(815301076,1909f56bfc062723c751e8b465ee728b) (PreviewImporter) -> (artifact id: 'ad287d4b7de7372a2fafb41ef18acefa') in 0.008335 seconds
Number of updated asset objects reloaded before import = 0Number of asset objects unloaded after import = 369

========================================================================
Received Import Request.
  Time since last request: 0.000016 seconds.
  path: Assets/Samples/XR Interaction Toolkit/3.0.8/Hands Interaction Demo/HandsDemoSceneAssets/Models/Chess/Chess_Board.fbx
  artifactKey: Guid(714a27c3372b8074d8370e2bc0cecf56) Importer(815301076,1909f56bfc062723c751e8b465ee728b)
Start importing Assets/Samples/XR Interaction Toolkit/3.0.8/Hands Interaction Demo/HandsDemoSceneAssets/Models/Chess/Chess_Board.fbx using Guid(714a27c3372b8074d8370e2bc0cecf56) Importer(815301076,1909f56bfc062723c751e8b465ee728b) (PreviewImporter) -> (artifact id: 'e910bd9d7a46ee616a763ae9fe203bd2') in 0.3629617 seconds
Number of updated asset objects reloaded before import = 0Number of asset objects unloaded after import = 326

Editor requested this worker to shutdown with reason: Scaling down because of idle timeout
AssetImportWorker is now disconnected from the server
Process exiting
Exiting without the bug reporter. Application will terminate with return code 0